ISO-10303-21;
HEADER;
/* Generated by software containing ST-Developer
 * from STEP Tools, Inc. (www.steptools.com) 
 */

FILE_DESCRIPTION(
/* description */ ('KiCad electronic assembly'),
/* implementation_level */ '2;1');

FILE_NAME(
/* name */ 'Induction Heater TOP STEP.step',
/* time_stamp */ '2026-08-20T11:22:17+02:00',
/* author */ (''),
/* organization */ (''),
/* preprocessor_version */ 'ST-DEVELOPER v20.1',
/* originating_system */ 'Autodesk Translation Framework v15.8.0.0',
/* authorisation */ '');

FILE_SCHEMA (('AUTOMOTIVE_DESIGN { 1 0 10303 214 3 1 1 }'));
ENDSEC;

DATA;
#10=MECHANICAL_DESIGN_GEOMETRIC_PRESENTATION_REPRESENTATION('',(#13),#5695);
#11=SHAPE_REPRESENTATION_RELATIONSHIP('SRR','None',#5701,#12);
#12=ADVANCED_BREP_SHAPE_REPRESENTATION('',(#14),#5694);
#13=STYLED_ITEM('',(#5710),#14);
#14=MANIFOLD_SOLID_BREP('Body2',#3331);
#15=B_SPLINE_CURVE_WITH_KNOTS('',3,(#5445,#5446,#5447,#5448,#5449,#5450,
#5451,#5452,#5453,#5454,#5455,#5456,#5457,#5458,#5459,#5460,#5461,#5462),
 .UNSPECIFIED.,.F.,.F.,(4,2,2,2,2,2,2,2,4),(0.,0.0534455091713414,0.106891018342683,
0.163509382799337,0.220127747255992,0.280364988784384,0.340602230312776,
0.394547546377966,0.448492862443157),.UNSPECIFIED.);
#16=B_SPLINE_CURVE_WITH_KNOTS('',3,(#5463,#5464,#5465,#5466,#5467,#5468,
#5469,#5470,#5471,#5472,#5473,#5474,#5475,#5476,#5477,#5478,#5479,#5480),
 .UNSPECIFIED.,.F.,.F.,(4,2,2,2,2,2,2,2,4),(0.448492862443157,0.502438178508347,
0.556383494573537,0.616620736101929,0.676857977630322,0.733476342086976,
0.790094706543631,0.843540215714972,0.896985724886313),.UNSPECIFIED.);
#17=B_SPLINE_CURVE_WITH_KNOTS('',3,(#5484,#5485,#5486,#5487,#5488,#5489,
#5490,#5491,#5492,#5493,#5494,#5495,#5496,#5497,#5498,#5499,#5500,#5501),
 .UNSPECIFIED.,.F.,.F.,(4,2,2,2,2,2,2,2,4),(0.,0.0534455091713414,0.106891018342683,
0.163509382799337,0.220127747255992,0.280364988784384,0.340602230312776,
0.394547546377966,0.448492862443157),.UNSPECIFIED.);
#18=B_SPLINE_CURVE_WITH_KNOTS('',3,(#5502,#5503,#5504,#5505,#5506,#5507,
#5508,#5509,#5510,#5511,#5512,#5513,#5514,#5515,#5516,#5517,#5518,#5519),
 .UNSPECIFIED.,.F.,.F.,(4,2,2,2,2,2,2,2,4),(0.448492862443157,0.502438178508347,
0.556383494573537,0.616620736101929,0.676857977630322,0.733476342086976,
0.790094706543631,0.843540215714972,0.896985724886313),.UNSPECIFIED.);
#19=B_SPLINE_CURVE_WITH_KNOTS('',3,(#5526,#5527,#5528,#5529,#5530,#5531,
#5532,#5533,#5534,#5535,#5536,#5537,#5538,#5539,#5540,#5541,#5542,#5543),
 .UNSPECIFIED.,.F.,.F.,(4,2,2,2,2,2,2,2,4),(0.,0.0539453160651903,0.107890632130381,
0.168127873658773,0.228365115187165,0.28498347964382,0.341601844100474,
0.395047353271815,0.448492862443157),.UNSPECIFIED.);
#20=B_SPLINE_CURVE_WITH_KNOTS('',3,(#5544,#5545,#5546,#5547,#5548,#5549,
#5550,#5551,#5552,#5553,#5554,#5555,#5556,#5557,#5558,#5559,#5560,#5561),
 .UNSPECIFIED.,.F.,.F.,(4,2,2,2,2,2,2,2,4),(0.448492862443157,0.501938371614498,
0.555383880785839,0.612002245242494,0.668620609699148,0.728857851227541,
0.789095092755933,0.843040408821123,0.896985724886313),.UNSPECIFIED.);
#21=B_SPLINE_CURVE_WITH_KNOTS('',3,(#5571,#5572,#5573,#5574,#5575,#5576,
#5577,#5578,#5579,#5580,#5581,#5582,#5583,#5584,#5585,#5586,#5587,#5588),
 .UNSPECIFIED.,.F.,.F.,(4,2,2,2,2,2,2,2,4),(0.,0.0539453160651903,0.107890632130381,
0.168127873658773,0.228365115187165,0.28498347964382,0.341601844100474,
0.395047353271815,0.448492862443157),.UNSPECIFIED.);
#22=B_SPLINE_CURVE_WITH_KNOTS('',3,(#5589,#5590,#5591,#5592,#5593,#5594,
#5595,#5596,#5597,#5598,#5599,#5600,#5601,#5602,#5603,#5604,#5605,#5606),
 .UNSPECIFIED.,.F.,.F.,(4,2,2,2,2,2,2,2,4),(0.448492862443157,0.501938371614498,
0.555383880785839,0.612002245242494,0.668620609699148,0.728857851227541,
0.789095092755933,0.843040408821123,0.896985724886313),.UNSPECIFIED.);
#23=ELLIPSE('',#3355,0.707106781186548,0.5);
#24=ELLIPSE('',#3356,0.707106781186548,0.5);
#25=ELLIPSE('',#3358,0.707106781186548,0.5);
#26=ELLIPSE('',#3360,0.707106781186548,0.5);
#27=ELLIPSE('',#3365,0.707106781186548,0.5);
#28=ELLIPSE('',#3366,0.707106781186548,0.5);
#29=ELLIPSE('',#3368,0.707106781186548,0.5);
#30=ELLIPSE('',#3370,0.707106781186548,0.5);
#31=ELLIPSE('',#3375,0.707106781186548,0.5);
#32=ELLIPSE('',#3376,0.707106781186548,0.5);
#33=ELLIPSE('',#3378,0.707106781186548,0.5);
#34=ELLIPSE('',#3380,0.707106781186548,0.5);
#35=ELLIPSE('',#3385,0.707106781186548,0.5);
#36=ELLIPSE('',#3386,0.707106781186548,0.5);
#37=ELLIPSE('',#3388,0.707106781186548,0.5);
#38=ELLIPSE('',#3390,0.707106781186548,0.5);
#39=ELLIPSE('',#3395,0.707106781186549,0.5);
#40=ELLIPSE('',#3396,0.707106781186549,0.5);
#41=ELLIPSE('',#3398,0.707106781186549,0.5);
#42=ELLIPSE('',#3400,0.707106781186546,0.5);
#43=ELLIPSE('',#3405,0.707106781186549,0.5);
#44=ELLIPSE('',#3406,0.707106781186549,0.5);
#45=ELLIPSE('',#3408,0.707106781186549,0.5);
#46=ELLIPSE('',#3410,0.707106781186546,0.5);
#47=ELLIPSE('',#3415,0.707106781186549,0.5);
#48=ELLIPSE('',#3416,0.707106781186549,0.5);
#49=ELLIPSE('',#3418,0.707106781186549,0.5);
#50=ELLIPSE('',#3420,0.707106781186547,0.5);
#51=ELLIPSE('',#3425,0.707106781186549,0.5);
#52=ELLIPSE('',#3426,0.70710678118655,0.5);
#53=ELLIPSE('',#3428,0.707106781186549,0.5);
#54=ELLIPSE('',#3430,0.707106781186546,0.5);
#55=ELLIPSE('',#3435,0.707106781186549,0.5);
#56=ELLIPSE('',#3436,0.707106781186549,0.5);
#57=ELLIPSE('',#3438,0.707106781186549,0.5);
#58=ELLIPSE('',#3439,0.707106781186546,0.5);
#59=ELLIPSE('',#3445,0.707106781186548,0.5);
#60=ELLIPSE('',#3446,0.707106781186548,0.5);
#61=ELLIPSE('',#3448,0.707106781186548,0.5);
#62=ELLIPSE('',#3450,0.707106781186548,0.5);
#63=ELLIPSE('',#3455,0.707106781186548,0.5);
#64=ELLIPSE('',#3456,0.707106781186548,0.5);
#65=ELLIPSE('',#3458,0.707106781186548,0.5);
#66=ELLIPSE('',#3460,0.707106781186548,0.5);
#67=ELLIPSE('',#3465,0.707106781186548,0.5);
#68=ELLIPSE('',#3466,0.707106781186548,0.5);
#69=ELLIPSE('',#3468,0.707106781186548,0.5);
#70=ELLIPSE('',#3470,0.707106781186548,0.5);
#71=ELLIPSE('',#3475,0.707106781186541,0.5);
#72=ELLIPSE('',#3476,0.707106781186548,0.5);
#73=ELLIPSE('',#3479,0.707106781186548,0.5);
#74=ELLIPSE('',#3480,0.707106781186548,0.5);
#75=ELLIPSE('',#3482,0.707106781186548,0.5);
#76=ELLIPSE('',#3484,0.707106781186548,0.5);
#77=ELLIPSE('',#3486,0.707106781186548,0.5);
#78=ELLIPSE('',#3487,0.707106781186548,0.5);
#79=ELLIPSE('',#3489,0.707106781186548,0.5);
#80=ELLIPSE('',#3490,0.707106781186548,0.5);
#81=ELLIPSE('',#3495,0.707106781186548,0.5);
#82=ELLIPSE('',#3496,0.707106781186548,0.5);
#83=ELLIPSE('',#3498,0.707106781186548,0.5);
#84=ELLIPSE('',#3499,0.707106781186548,0.5);
#85=ELLIPSE('',#3504,0.707106781186548,0.5);
#86=ELLIPSE('',#3505,0.707106781186548,0.5);
#87=ELLIPSE('',#3507,0.707106781186548,0.5);
#88=ELLIPSE('',#3508,0.707106781186548,0.5);
#89=ELLIPSE('',#3513,0.707106781186548,0.5);
#90=ELLIPSE('',#3514,0.707106781186548,0.5);
#91=ELLIPSE('',#3516,0.707106781186548,0.5);
#92=ELLIPSE('',#3517,0.707106781186548,0.5);
#93=ELLIPSE('',#3522,0.707106781186549,0.5);
#94=ELLIPSE('',#3523,0.707106781186546,0.5);
#95=ELLIPSE('',#3525,0.707106781186549,0.5);
#96=ELLIPSE('',#3526,0.707106781186549,0.5);
#97=ELLIPSE('',#3531,0.707106781186549,0.5);
#98=ELLIPSE('',#3532,0.707106781186546,0.5);
#99=ELLIPSE('',#3534,0.707106781186549,0.5);
#100=ELLIPSE('',#3535,0.707106781186549,0.5);
#101=ELLIPSE('',#3540,0.707106781186549,0.5);
#102=ELLIPSE('',#3541,0.707106781186549,0.5);
#103=ELLIPSE('',#3543,0.707106781186547,0.5);
#104=ELLIPSE('',#3545,0.707106781186549,0.5);
#105=ELLIPSE('',#3549,0.707106781186549,0.5);
#106=ELLIPSE('',#3550,0.707106781186546,0.5);
#107=ELLIPSE('',#3552,0.70710678118655,0.5);
#108=ELLIPSE('',#3553,0.707106781186549,0.5);
#109=ELLIPSE('',#3558,0.707106781186549,0.5);
#110=ELLIPSE('',#3559,0.707106781186549,0.5);
#111=ELLIPSE('',#3561,0.707106781186546,0.5);
#112=ELLIPSE('',#3563,0.707106781186549,0.5);
#113=ELLIPSE('',#3567,0.707106781186548,0.5);
#114=ELLIPSE('',#3568,0.707106781186548,0.5);
#115=ELLIPSE('',#3570,0.707106781186548,0.5);
#116=ELLIPSE('',#3571,0.707106781186548,0.5);
#117=ELLIPSE('',#3577,0.707106781186548,0.5);
#118=ELLIPSE('',#3578,0.707106781186548,0.5);
#119=ELLIPSE('',#3581,0.707106781186548,0.5);
#120=ELLIPSE('',#3582,0.707106781186548,0.5);
#121=ELLIPSE('',#3584,0.707106781186548,0.5);
#122=ELLIPSE('',#3586,0.707106781186548,0.5);
#123=ELLIPSE('',#3590,0.707106781186548,0.5);
#124=ELLIPSE('',#3592,0.707106781186548,0.5);
#125=ELLIPSE('',#3598,0.707106781186548,0.5);
#126=ELLIPSE('',#3599,0.707106781186548,0.5);
#127=FACE_BOUND('',#440,.T.);
#128=FACE_BOUND('',#441,.T.);
#129=FACE_BOUND('',#442,.T.);
#130=FACE_BOUND('',#443,.T.);
#131=FACE_BOUND('',#444,.T.);
#132=FACE_BOUND('',#445,.T.);
#133=FACE_BOUND('',#446,.T.);
#134=FACE_BOUND('',#447,.T.);
#135=FACE_BOUND('',#448,.T.);
#136=FACE_BOUND('',#449,.T.);
#137=FACE_BOUND('',#450,.T.);
#138=FACE_BOUND('',#451,.T.);
#139=FACE_BOUND('',#452,.T.);
#140=FACE_BOUND('',#456,.T.);
#141=FACE_BOUND('',#457,.T.);
#142=FACE_BOUND('',#458,.T.);
#143=FACE_BOUND('',#459,.T.);
#144=FACE_BOUND('',#460,.T.);
#145=FACE_BOUND('',#461,.T.);
#146=FACE_BOUND('',#462,.T.);
#147=FACE_BOUND('',#463,.T.);
#148=FACE_BOUND('',#464,.T.);
#149=FACE_BOUND('',#465,.T.);
#150=FACE_BOUND('',#466,.T.);
#151=FACE_BOUND('',#467,.T.);
#152=FACE_BOUND('',#468,.T.);
#153=FACE_BOUND('',#469,.T.);
#154=FACE_BOUND('',#470,.T.);
#155=FACE_BOUND('',#471,.T.);
#156=FACE_BOUND('',#472,.T.);
#157=FACE_BOUND('',#637,.T.);
#158=FACE_BOUND('',#641,.T.);
#159=FACE_BOUND('',#644,.T.);
#160=FACE_BOUND('',#648,.T.);
#161=FACE_BOUND('',#653,.T.);
#162=FACE_BOUND('',#659,.T.);
#163=FACE_BOUND('',#662,.T.);
#164=FACE_BOUND('',#667,.T.);
#165=PLANE('',#3336);
#166=PLANE('',#3337);
#167=PLANE('',#3343);
#168=PLANE('',#3344);
#169=PLANE('',#3352);
#170=PLANE('',#3362);
#171=PLANE('',#3363);
#172=PLANE('',#3372);
#173=PLANE('',#3373);
#174=PLANE('',#3382);
#175=PLANE('',#3383);
#176=PLANE('',#3392);
#177=PLANE('',#3393);
#178=PLANE('',#3402);
#179=PLANE('',#3403);
#180=PLANE('',#3412);
#181=PLANE('',#3413);
#182=PLANE('',#3422);
#183=PLANE('',#3423);
#184=PLANE('',#3432);
#185=PLANE('',#3433);
#186=PLANE('',#3442);
#187=PLANE('',#3443);
#188=PLANE('',#3452);
#189=PLANE('',#3453);
#190=PLANE('',#3462);
#191=PLANE('',#3463);
#192=PLANE('',#3472);
#193=PLANE('',#3473);
#194=PLANE('',#3477);
#195=PLANE('',#3493);
#196=PLANE('',#3502);
#197=PLANE('',#3511);
#198=PLANE('',#3520);
#199=PLANE('',#3529);
#200=PLANE('',#3538);
#201=PLANE('',#3547);
#202=PLANE('',#3556);
#203=PLANE('',#3565);
#204=PLANE('',#3574);
#205=PLANE('',#3579);
#206=PLANE('',#3588);
#207=PLANE('',#3594);
#208=PLANE('',#3595);
#209=PLANE('',#3596);
#210=PLANE('',#3601);
#211=PLANE('',#3603);
#212=PLANE('',#3604);
#213=PLANE('',#3605);
#214=PLANE('',#3606);
#215=PLANE('',#3607);
#216=PLANE('',#3608);
#217=PLANE('',#3609);
#218=PLANE('',#3610);
#219=PLANE('',#3611);
#220=PLANE('',#3612);
#221=PLANE('',#3613);
#222=PLANE('',#3624);
#223=PLANE('',#3625);
#224=PLANE('',#3628);
#225=PLANE('',#3631);
#226=PLANE('',#3632);
#227=PLANE('',#3635);
#228=PLANE('',#3636);
#229=PLANE('',#3637);
#230=PLANE('',#3638);
#231=PLANE('',#3639);
#232=PLANE('',#3640);
#233=PLANE('',#3641);
#234=PLANE('',#3642);
#235=PLANE('',#3643);
#236=PLANE('',#3644);
#237=PLANE('',#3645);
#238=PLANE('',#3646);
#239=PLANE('',#3647);
#240=PLANE('',#3648);
#241=PLANE('',#3649);
#242=PLANE('',#3650);
#243=FACE_OUTER_BOUND('',#437,.T.);
#244=FACE_OUTER_BOUND('',#438,.T.);
#245=FACE_OUTER_BOUND('',#439,.T.);
#246=FACE_OUTER_BOUND('',#453,.T.);
#247=FACE_OUTER_BOUND('',#454,.T.);
#248=FACE_OUTER_BOUND('',#455,.T.);
#249=FACE_OUTER_BOUND('',#473,.T.);
#250=FACE_OUTER_BOUND('',#474,.T.);
#251=FACE_OUTER_BOUND('',#475,.T.);
#252=FACE_OUTER_BOUND('',#476,.T.);
#253=FACE_OUTER_BOUND('',#477,.T.);
#254=FACE_OUTER_BOUND('',#478,.T.);
#255=FACE_OUTER_BOUND('',#479,.T.);
#256=FACE_OUTER_BOUND('',#480,.T.);
#257=FACE_OUTER_BOUND('',#481,.T.);
#258=FACE_OUTER_BOUND('',#482,.T.);
#259=FACE_OUTER_BOUND('',#483,.T.);
#260=FACE_OUTER_BOUND('',#484,.T.);
#261=FACE_OUTER_BOUND('',#485,.T.);
#262=FACE_OUTER_BOUND('',#486,.T.);
#263=FACE_OUTER_BOUND('',#487,.T.);
#264=FACE_OUTER_BOUND('',#488,.T.);
#265=FACE_OUTER_BOUND('',#489,.T.);
#266=FACE_OUTER_BOUND('',#490,.T.);
#267=FACE_OUTER_BOUND('',#491,.T.);
#268=FACE_OUTER_BOUND('',#492,.T.);
#269=FACE_OUTER_BOUND('',#493,.T.);
#270=FACE_OUTER_BOUND('',#494,.T.);
#271=FACE_OUTER_BOUND('',#495,.T.);
#272=FACE_OUTER_BOUND('',#496,.T.);
#273=FACE_OUTER_BOUND('',#497,.T.);
#274=FACE_OUTER_BOUND('',#498,.T.);
#275=FACE_OUTER_BOUND('',#499,.T.);
#276=FACE_OUTER_BOUND('',#500,.T.);
#277=FACE_OUTER_BOUND('',#501,.T.);
#278=FACE_OUTER_BOUND('',#502,.T.);
#279=FACE_OUTER_BOUND('',#503,.T.);
#280=FACE_OUTER_BOUND('',#504,.T.);
#281=FACE_OUTER_BOUND('',#505,.T.);
#282=FACE_OUTER_BOUND('',#506,.T.);
#283=FACE_OUTER_BOUND('',#507,.T.);
#284=FACE_OUTER_BOUND('',#508,.T.);
#285=FACE_OUTER_BOUND('',#509,.T.);
#286=FACE_OUTER_BOUND('',#510,.T.);
#287=FACE_OUTER_BOUND('',#511,.T.);
#288=FACE_OUTER_BOUND('',#512,.T.);
#289=FACE_OUTER_BOUND('',#513,.T.);
#290=FACE_OUTER_BOUND('',#514,.T.);
#291=FACE_OUTER_BOUND('',#515,.T.);
#292=FACE_OUTER_BOUND('',#516,.T.);
#293=FACE_OUTER_BOUND('',#517,.T.);
#294=FACE_OUTER_BOUND('',#518,.T.);
#295=FACE_OUTER_BOUND('',#519,.T.);
#296=FACE_OUTER_BOUND('',#520,.T.);
#297=FACE_OUTER_BOUND('',#521,.T.);
#298=FACE_OUTER_BOUND('',#522,.T.);
#299=FACE_OUTER_BOUND('',#523,.T.);
#300=FACE_OUTER_BOUND('',#524,.T.);
#301=FACE_OUTER_BOUND('',#525,.T.);
#302=FACE_OUTER_BOUND('',#526,.T.);
#303=FACE_OUTER_BOUND('',#527,.T.);
#304=FACE_OUTER_BOUND('',#528,.T.);
#305=FACE_OUTER_BOUND('',#529,.T.);
#306=FACE_OUTER_BOUND('',#530,.T.);
#307=FACE_OUTER_BOUND('',#531,.T.);
#308=FACE_OUTER_BOUND('',#532,.T.);
#309=FACE_OUTER_BOUND('',#533,.T.);
#310=FACE_OUTER_BOUND('',#534,.T.);
#311=FACE_OUTER_BOUND('',#535,.T.);
#312=FACE_OUTER_BOUND('',#536,.T.);
#313=FACE_OUTER_BOUND('',#537,.T.);
#314=FACE_OUTER_BOUND('',#538,.T.);
#315=FACE_OUTER_BOUND('',#539,.T.);
#316=FACE_OUTER_BOUND('',#540,.T.);
#317=FACE_OUTER_BOUND('',#541,.T.);
#318=FACE_OUTER_BOUND('',#542,.T.);
#319=FACE_OUTER_BOUND('',#543,.T.);
#320=FACE_OUTER_BOUND('',#544,.T.);
#321=FACE_OUTER_BOUND('',#545,.T.);
#322=FACE_OUTER_BOUND('',#546,.T.);
#323=FACE_OUTER_BOUND('',#547,.T.);
#324=FACE_OUTER_BOUND('',#548,.T.);
#325=FACE_OUTER_BOUND('',#549,.T.);
#326=FACE_OUTER_BOUND('',#550,.T.);
#327=FACE_OUTER_BOUND('',#551,.T.);
#328=FACE_OUTER_BOUND('',#552,.T.);
#329=FACE_OUTER_BOUND('',#553,.T.);
#330=FACE_OUTER_BOUND('',#554,.T.);
#331=FACE_OUTER_BOUND('',#555,.T.);
#332=FACE_OUTER_BOUND('',#556,.T.);
#333=FACE_OUTER_BOUND('',#557,.T.);
#334=FACE_OUTER_BOUND('',#558,.T.);
#335=FACE_OUTER_BOUND('',#559,.T.);
#336=FACE_OUTER_BOUND('',#560,.T.);
#337=FACE_OUTER_BOUND('',#561,.T.);
#338=FACE_OUTER_BOUND('',#562,.T.);
#339=FACE_OUTER_BOUND('',#563,.T.);
#340=FACE_OUTER_BOUND('',#564,.T.);
#341=FACE_OUTER_BOUND('',#565,.T.);
#342=FACE_OUTER_BOUND('',#566,.T.);
#343=FACE_OUTER_BOUND('',#567,.T.);
#344=FACE_OUTER_BOUND('',#568,.T.);
#345=FACE_OUTER_BOUND('',#569,.T.);
#346=FACE_OUTER_BOUND('',#570,.T.);
#347=FACE_OUTER_BOUND('',#571,.T.);
#348=FACE_OUTER_BOUND('',#572,.T.);
#349=FACE_OUTER_BOUND('',#573,.T.);
#350=FACE_OUTER_BOUND('',#574,.T.);
#351=FACE_OUTER_BOUND('',#575,.T.);
#352=FACE_OUTER_BOUND('',#576,.T.);
#353=FACE_OUTER_BOUND('',#577,.T.);
#354=FACE_OUTER_BOUND('',#578,.T.);
#355=FACE_OUTER_BOUND('',#579,.T.);
#356=FACE_OUTER_BOUND('',#580,.T.);
#357=FACE_OUTER_BOUND('',#581,.T.);
#358=FACE_OUTER_BOUND('',#582,.T.);
#359=FACE_OUTER_BOUND('',#583,.T.);
#360=FACE_OUTER_BOUND('',#584,.T.);
#361=FACE_OUTER_BOUND('',#585,.T.);
#362=FACE_OUTER_BOUND('',#586,.T.);
#363=FACE_OUTER_BOUND('',#587,.T.);
#364=FACE_OUTER_BOUND('',#588,.T.);
#365=FACE_OUTER_BOUND('',#589,.T.);
#366=FACE_OUTER_BOUND('',#590,.T.);
#367=FACE_OUTER_BOUND('',#591,.T.);
#368=FACE_OUTER_BOUND('',#592,.T.);
#369=FACE_OUTER_BOUND('',#593,.T.);
#370=FACE_OUTER_BOUND('',#594,.T.);
#371=FACE_OUTER_BOUND('',#595,.T.);
#372=FACE_OUTER_BOUND('',#596,.T.);
#373=FACE_OUTER_BOUND('',#597,.T.);
#374=FACE_OUTER_BOUND('',#598,.T.);
#375=FACE_OUTER_BOUND('',#599,.T.);
#376=FACE_OUTER_BOUND('',#600,.T.);
#377=FACE_OUTER_BOUND('',#601,.T.);
#378=FACE_OUTER_BOUND('',#602,.T.);
#379=FACE_OUTER_BOUND('',#603,.T.);
#380=FACE_OUTER_BOUND('',#604,.T.);
#381=FACE_OUTER_BOUND('',#605,.T.);
#382=FACE_OUTER_BOUND('',#606,.T.);
#383=FACE_OUTER_BOUND('',#607,.T.);
#384=FACE_OUTER_BOUND('',#608,.T.);
#385=FACE_OUTER_BOUND('',#609,.T.);
#386=FACE_OUTER_BOUND('',#610,.T.);
#387=FACE_OUTER_BOUND('',#611,.T.);
#388=FACE_OUTER_BOUND('',#612,.T.);
#389=FACE_OUTER_BOUND('',#613,.T.);
#390=FACE_OUTER_BOUND('',#614,.T.);
#391=FACE_OUTER_BOUND('',#615,.T.);
#392=FACE_OUTER_BOUND('',#616,.T.);
#393=FACE_OUTER_BOUND('',#617,.T.);
#394=FACE_OUTER_BOUND('',#618,.T.);
#395=FACE_OUTER_BOUND('',#619,.T.);
#396=FACE_OUTER_BOUND('',#620,.T.);
#397=FACE_OUTER_BOUND('',#621,.T.);
#398=FACE_OUTER_BOUND('',#622,.T.);
#399=FACE_OUTER_BOUND('',#623,.T.);
#400=FACE_OUTER_BOUND('',#624,.T.);
#401=FACE_OUTER_BOUND('',#625,.T.);
#402=FACE_OUTER_BOUND('',#626,.T.);
#403=FACE_OUTER_BOUND('',#627,.T.);
#404=FACE_OUTER_BOUND('',#628,.T.);
#405=FACE_OUTER_BOUND('',#629,.T.);
#406=FACE_OUTER_BOUND('',#630,.T.);
#407=FACE_OUTER_BOUND('',#631,.T.);
#408=FACE_OUTER_BOUND('',#632,.T.);
#409=FACE_OUTER_BOUND('',#633,.T.);
#410=FACE_OUTER_BOUND('',#634,.T.);
#411=FACE_OUTER_BOUND('',#635,.T.);
#412=FACE_OUTER_BOUND('',#636,.T.);
#413=FACE_OUTER_BOUND('',#638,.T.);
#414=FACE_OUTER_BOUND('',#639,.T.);
#415=FACE_OUTER_BOUND('',#640,.T.);
#416=FACE_OUTER_BOUND('',#642,.T.);
#417=FACE_OUTER_BOUND('',#643,.T.);
#418=FACE_OUTER_BOUND('',#645,.T.);
#419=FACE_OUTER_BOUND('',#646,.T.);
#420=FACE_OUTER_BOUND('',#647,.T.);
#421=FACE_OUTER_BOUND('',#649,.T.);
#422=FACE_OUTER_BOUND('',#650,.T.);
#423=FACE_OUTER_BOUND('',#651,.T.);
#424=FACE_OUTER_BOUND('',#652,.T.);
#425=FACE_OUTER_BOUND('',#654,.T.);
#426=FACE_OUTER_BOUND('',#655,.T.);
#427=FACE_OUTER_BOUND('',#656,.T.);
#428=FACE_OUTER_BOUND('',#657,.T.);
#429=FACE_OUTER_BOUND('',#658,.T.);
#430=FACE_OUTER_BOUND('',#660,.T.);
#431=FACE_OUTER_BOUND('',#661,.T.);
#432=FACE_OUTER_BOUND('',#663,.T.);
#433=FACE_OUTER_BOUND('',#664,.T.);
#434=FACE_OUTER_BOUND('',#665,.T.);
#435=FACE_OUTER_BOUND('',#666,.T.);
#436=FACE_OUTER_BOUND('',#668,.T.);
#437=EDGE_LOOP('',(#2093,#2094,#2095,#2096));
#438=EDGE_LOOP('',(#2097,#2098,#2099,#2100));
#439=EDGE_LOOP('',(#2101,#2102,#2103,#2104,#2105,#2106,#2107,#2108));
#440=EDGE_LOOP('',(#2109,#2110,#2111,#2112));
#441=EDGE_LOOP('',(#2113,#2114,#2115,#2116));
#442=EDGE_LOOP('',(#2117,#2118,#2119,#2120));
#443=EDGE_LOOP('',(#2121,#2122,#2123,#2124));
#444=EDGE_LOOP('',(#2125,#2126,#2127,#2128));
#445=EDGE_LOOP('',(#2129,#2130,#2131,#2132));
#446=EDGE_LOOP('',(#2133,#2134,#2135,#2136));
#447=EDGE_LOOP('',(#2137,#2138,#2139,#2140));
#448=EDGE_LOOP('',(#2141,#2142,#2143,#2144));
#449=EDGE_LOOP('',(#2145,#2146,#2147,#2148));
#450=EDGE_LOOP('',(#2149,#2150,#2151,#2152));
#451=EDGE_LOOP('',(#2153,#2154,#2155,#2156));
#452=EDGE_LOOP('',(#2157,#2158,#2159,#2160));
#453=EDGE_LOOP('',(#2161,#2162,#2163,#2164));
#454=EDGE_LOOP('',(#2165,#2166,#2167,#2168));
#455=EDGE_LOOP('',(#2169,#2170,#2171,#2172,#2173,#2174,#2175,#2176));
#456=EDGE_LOOP('',(#2177,#2178,#2179,#2180));
#457=EDGE_LOOP('',(#2181,#2182,#2183,#2184));
#458=EDGE_LOOP('',(#2185,#2186,#2187,#2188));
#459=EDGE_LOOP('',(#2189,#2190,#2191,#2192));
#460=EDGE_LOOP('',(#2193,#2194,#2195,#2196));
#461=EDGE_LOOP('',(#2197,#2198,#2199,#2200));
#462=EDGE_LOOP('',(#2201,#2202,#2203,#2204));
#463=EDGE_LOOP('',(#2205,#2206,#2207,#2208,#2209));
#464=EDGE_LOOP('',(#2210,#2211,#2212,#2213,#2214));
#465=EDGE_LOOP('',(#2215,#2216,#2217,#2218,#2219));
#466=EDGE_LOOP('',(#2220,#2221,#2222,#2223,#2224));
#467=EDGE_LOOP('',(#2225,#2226,#2227,#2228));
#468=EDGE_LOOP('',(#2229,#2230,#2231,#2232));
#469=EDGE_LOOP('',(#2233,#2234,#2235,#2236));
#470=EDGE_LOOP('',(#2237,#2238,#2239,#2240));
#471=EDGE_LOOP('',(#2241,#2242,#2243,#2244));
#472=EDGE_LOOP('',(#2245,#2246,#2247,#2248));
#473=EDGE_LOOP('',(#2249,#2250,#2251,#2252));
#474=EDGE_LOOP('',(#2253,#2254,#2255,#2256));
#475=EDGE_LOOP('',(#2257,#2258,#2259,#2260));
#476=EDGE_LOOP('',(#2261,#2262,#2263,#2264));
#477=EDGE_LOOP('',(#2265,#2266,#2267,#2268));
#478=EDGE_LOOP('',(#2269,#2270,#2271,#2272));
#479=EDGE_LOOP('',(#2273,#2274,#2275,#2276));
#480=EDGE_LOOP('',(#2277,#2278,#2279,#2280));
#481=EDGE_LOOP('',(#2281,#2282,#2283,#2284));
#482=EDGE_LOOP('',(#2285,#2286,#2287,#2288));
#483=EDGE_LOOP('',(#2289,#2290,#2291,#2292));
#484=EDGE_LOOP('',(#2293,#2294,#2295,#2296));
#485=EDGE_LOOP('',(#2297,#2298,#2299,#2300));
#486=EDGE_LOOP('',(#2301,#2302,#2303,#2304));
#487=EDGE_LOOP('',(#2305,#2306,#2307,#2308));
#488=EDGE_LOOP('',(#2309,#2310,#2311,#2312));
#489=EDGE_LOOP('',(#2313,#2314,#2315,#2316));
#490=EDGE_LOOP('',(#2317,#2318,#2319,#2320));
#491=EDGE_LOOP('',(#2321,#2322,#2323,#2324));
#492=EDGE_LOOP('',(#2325,#2326,#2327,#2328));
#493=EDGE_LOOP('',(#2329,#2330,#2331,#2332));
#494=EDGE_LOOP('',(#2333,#2334,#2335,#2336));
#495=EDGE_LOOP('',(#2337,#2338,#2339,#2340));
#496=EDGE_LOOP('',(#2341,#2342,#2343,#2344));
#497=EDGE_LOOP('',(#2345,#2346,#2347,#2348));
#498=EDGE_LOOP('',(#2349,#2350,#2351,#2352));
#499=EDGE_LOOP('',(#2353,#2354,#2355,#2356));
#500=EDGE_LOOP('',(#2357,#2358,#2359,#2360));
#501=EDGE_LOOP('',(#2361,#2362,#2363,#2364));
#502=EDGE_LOOP('',(#2365,#2366,#2367,#2368));
#503=EDGE_LOOP('',(#2369,#2370,#2371,#2372));
#504=EDGE_LOOP('',(#2373,#2374,#2375,#2376));
#505=EDGE_LOOP('',(#2377,#2378,#2379,#2380));
#506=EDGE_LOOP('',(#2381,#2382,#2383,#2384));
#507=EDGE_LOOP('',(#2385,#2386,#2387,#2388));
#508=EDGE_LOOP('',(#2389,#2390,#2391,#2392));
#509=EDGE_LOOP('',(#2393,#2394,#2395,#2396));
#510=EDGE_LOOP('',(#2397,#2398,#2399,#2400));
#511=EDGE_LOOP('',(#2401,#2402,#2403,#2404));
#512=EDGE_LOOP('',(#2405,#2406,#2407,#2408));
#513=EDGE_LOOP('',(#2409,#2410,#2411,#2412));
#514=EDGE_LOOP('',(#2413,#2414,#2415,#2416));
#515=EDGE_LOOP('',(#2417,#2418,#2419,#2420));
#516=EDGE_LOOP('',(#2421,#2422,#2423,#2424));
#517=EDGE_LOOP('',(#2425,#2426,#2427,#2428));
#518=EDGE_LOOP('',(#2429,#2430,#2431,#2432));
#519=EDGE_LOOP('',(#2433,#2434,#2435,#2436));
#520=EDGE_LOOP('',(#2437,#2438,#2439,#2440));
#521=EDGE_LOOP('',(#2441,#2442,#2443,#2444));
#522=EDGE_LOOP('',(#2445,#2446,#2447,#2448));
#523=EDGE_LOOP('',(#2449,#2450,#2451,#2452));
#524=EDGE_LOOP('',(#2453,#2454,#2455,#2456));
#525=EDGE_LOOP('',(#2457,#2458,#2459,#2460));
#526=EDGE_LOOP('',(#2461,#2462,#2463,#2464));
#527=EDGE_LOOP('',(#2465,#2466,#2467,#2468));
#528=EDGE_LOOP('',(#2469,#2470,#2471,#2472));
#529=EDGE_LOOP('',(#2473,#2474,#2475,#2476));
#530=EDGE_LOOP('',(#2477,#2478,#2479,#2480));
#531=EDGE_LOOP('',(#2481,#2482,#2483,#2484));
#532=EDGE_LOOP('',(#2485,#2486,#2487,#2488));
#533=EDGE_LOOP('',(#2489,#2490,#2491,#2492));
#534=EDGE_LOOP('',(#2493,#2494,#2495,#2496));
#535=EDGE_LOOP('',(#2497,#2498,#2499,#2500));
#536=EDGE_LOOP('',(#2501,#2502,#2503,#2504));
#537=EDGE_LOOP('',(#2505,#2506,#2507,#2508));
#538=EDGE_LOOP('',(#2509,#2510,#2511,#2512));
#539=EDGE_LOOP('',(#2513,#2514,#2515,#2516));
#540=EDGE_LOOP('',(#2517,#2518,#2519,#2520));
#541=EDGE_LOOP('',(#2521,#2522,#2523,#2524));
#542=EDGE_LOOP('',(#2525,#2526,#2527,#2528));
#543=EDGE_LOOP('',(#2529,#2530,#2531,#2532));
#544=EDGE_LOOP('',(#2533,#2534,#2535,#2536));
#545=EDGE_LOOP('',(#2537,#2538,#2539,#2540));
#546=EDGE_LOOP('',(#2541,#2542,#2543,#2544));
#547=EDGE_LOOP('',(#2545,#2546,#2547,#2548));
#548=EDGE_LOOP('',(#2549,#2550,#2551,#2552));
#549=EDGE_LOOP('',(#2553,#2554,#2555,#2556));
#550=EDGE_LOOP('',(#2557,#2558,#2559,#2560));
#551=EDGE_LOOP('',(#2561,#2562,#2563,#2564));
#552=EDGE_LOOP('',(#2565,#2566,#2567,#2568));
#553=EDGE_LOOP('',(#2569,#2570,#2571,#2572));
#554=EDGE_LOOP('',(#2573,#2574,#2575,#2576));
#555=EDGE_LOOP('',(#2577,#2578,#2579,#2580));
#556=EDGE_LOOP('',(#2581,#2582,#2583,#2584));
#557=EDGE_LOOP('',(#2585,#2586,#2587,#2588));
#558=EDGE_LOOP('',(#2589,#2590,#2591,#2592));
#559=EDGE_LOOP('',(#2593,#2594,#2595,#2596));
#560=EDGE_LOOP('',(#2597,#2598,#2599,#2600));
#561=EDGE_LOOP('',(#2601,#2602,#2603,#2604));
#562=EDGE_LOOP('',(#2605,#2606,#2607,#2608));
#563=EDGE_LOOP('',(#2609,#2610,#2611,#2612));
#564=EDGE_LOOP('',(#2613,#2614,#2615,#2616));
#565=EDGE_LOOP('',(#2617,#2618,#2619,#2620));
#566=EDGE_LOOP('',(#2621,#2622,#2623,#2624));
#567=EDGE_LOOP('',(#2625,#2626,#2627,#2628));
#568=EDGE_LOOP('',(#2629,#2630,#2631,#2632));
#569=EDGE_LOOP('',(#2633,#2634,#2635,#2636));
#570=EDGE_LOOP('',(#2637,#2638,#2639,#2640));
#571=EDGE_LOOP('',(#2641,#2642,#2643,#2644));
#572=EDGE_LOOP('',(#2645,#2646,#2647,#2648));
#573=EDGE_LOOP('',(#2649,#2650,#2651,#2652));
#574=EDGE_LOOP('',(#2653,#2654,#2655,#2656));
#575=EDGE_LOOP('',(#2657,#2658,#2659,#2660));
#576=EDGE_LOOP('',(#2661,#2662,#2663,#2664));
#577=EDGE_LOOP('',(#2665,#2666,#2667,#2668));
#578=EDGE_LOOP('',(#2669,#2670,#2671,#2672));
#579=EDGE_LOOP('',(#2673,#2674,#2675,#2676));
#580=EDGE_LOOP('',(#2677,#2678,#2679,#2680));
#581=EDGE_LOOP('',(#2681,#2682,#2683,#2684));
#582=EDGE_LOOP('',(#2685,#2686,#2687,#2688));
#583=EDGE_LOOP('',(#2689,#2690,#2691,#2692));
#584=EDGE_LOOP('',(#2693,#2694,#2695,#2696));
#585=EDGE_LOOP('',(#2697,#2698,#2699,#2700));
#586=EDGE_LOOP('',(#2701,#2702,#2703,#2704));
#587=EDGE_LOOP('',(#2705,#2706,#2707,#2708));
#588=EDGE_LOOP('',(#2709,#2710,#2711,#2712));
#589=EDGE_LOOP('',(#2713,#2714,#2715,#2716));
#590=EDGE_LOOP('',(#2717,#2718,#2719,#2720));
#591=EDGE_LOOP('',(#2721,#2722,#2723,#2724));
#592=EDGE_LOOP('',(#2725,#2726,#2727,#2728));
#593=EDGE_LOOP('',(#2729,#2730,#2731,#2732));
#594=EDGE_LOOP('',(#2733,#2734,#2735,#2736));
#595=EDGE_LOOP('',(#2737,#2738,#2739,#2740));
#596=EDGE_LOOP('',(#2741,#2742,#2743,#2744));
#597=EDGE_LOOP('',(#2745,#2746,#2747,#2748));
#598=EDGE_LOOP('',(#2749,#2750,#2751,#2752));
#599=EDGE_LOOP('',(#2753,#2754,#2755,#2756));
#600=EDGE_LOOP('',(#2757,#2758,#2759,#2760));
#601=EDGE_LOOP('',(#2761,#2762,#2763,#2764));
#602=EDGE_LOOP('',(#2765,#2766,#2767,#2768));
#603=EDGE_LOOP('',(#2769,#2770,#2771,#2772));
#604=EDGE_LOOP('',(#2773,#2774,#2775,#2776));
#605=EDGE_LOOP('',(#2777,#2778,#2779,#2780));
#606=EDGE_LOOP('',(#2781,#2782,#2783,#2784));
#607=EDGE_LOOP('',(#2785,#2786,#2787,#2788));
#608=EDGE_LOOP('',(#2789,#2790,#2791,#2792));
#609=EDGE_LOOP('',(#2793,#2794,#2795,#2796));
#610=EDGE_LOOP('',(#2797,#2798,#2799,#2800));
#611=EDGE_LOOP('',(#2801,#2802,#2803,#2804));
#612=EDGE_LOOP('',(#2805,#2806,#2807,#2808));
#613=EDGE_LOOP('',(#2809,#2810,#2811,#2812));
#614=EDGE_LOOP('',(#2813,#2814,#2815,#2816));
#615=EDGE_LOOP('',(#2817,#2818,#2819,#2820));
#616=EDGE_LOOP('',(#2821,#2822,#2823,#2824));
#617=EDGE_LOOP('',(#2825,#2826,#2827,#2828));
#618=EDGE_LOOP('',(#2829,#2830,#2831,#2832));
#619=EDGE_LOOP('',(#2833,#2834,#2835,#2836));
#620=EDGE_LOOP('',(#2837,#2838,#2839,#2840));
#621=EDGE_LOOP('',(#2841,#2842,#2843,#2844));
#622=EDGE_LOOP('',(#2845,#2846,#2847,#2848));
#623=EDGE_LOOP('',(#2849,#2850,#2851,#2852));
#624=EDGE_LOOP('',(#2853,#2854,#2855,#2856));
#625=EDGE_LOOP('',(#2857,#2858,#2859,#2860));
#626=EDGE_LOOP('',(#2861,#2862,#2863,#2864));
#627=EDGE_LOOP('',(#2865,#2866,#2867,#2868));
#628=EDGE_LOOP('',(#2869,#2870,#2871,#2872));
#629=EDGE_LOOP('',(#2873,#2874,#2875,#2876));
#630=EDGE_LOOP('',(#2877,#2878,#2879,#2880));
#631=EDGE_LOOP('',(#2881,#2882,#2883,#2884));
#632=EDGE_LOOP('',(#2885,#2886,#2887,#2888,#2889));
#633=EDGE_LOOP('',(#2890,#2891,#2892,#2893,#2894));
#634=EDGE_LOOP('',(#2895,#2896,#2897,#2898,#2899));
#635=EDGE_LOOP('',(#2900,#2901,#2902,#2903,#2904));
#636=EDGE_LOOP('',(#2905,#2906,#2907,#2908));
#637=EDGE_LOOP('',(#2909,#2910));
#638=EDGE_LOOP('',(#2911,#2912,#2913,#2914,#2915));
#639=EDGE_LOOP('',(#2916,#2917,#2918,#2919));
#640=EDGE_LOOP('',(#2920,#2921,#2922,#2923));
#641=EDGE_LOOP('',(#2924,#2925));
#642=EDGE_LOOP('',(#2926,#2927,#2928,#2929));
#643=EDGE_LOOP('',(#2930,#2931,#2932,#2933));
#644=EDGE_LOOP('',(#2934,#2935));
#645=EDGE_LOOP('',(#2936,#2937,#2938,#2939,#2940));
#646=EDGE_LOOP('',(#2941,#2942,#2943,#2944));
#647=EDGE_LOOP('',(#2945,#2946,#2947,#2948));
#648=EDGE_LOOP('',(#2949,#2950));
#649=EDGE_LOOP('',(#2951,#2952,#2953,#2954,#2955));
#650=EDGE_LOOP('',(#2956,#2957,#2958,#2959));
#651=EDGE_LOOP('',(#2960,#2961,#2962,#2963));
#652=EDGE_LOOP('',(#2964,#2965,#2966,#2967));
#653=EDGE_LOOP('',(#2968));
#654=EDGE_LOOP('',(#2969,#2970,#2971,#2972));
#655=EDGE_LOOP('',(#2973,#2974,#2975,#2976,#2977));
#656=EDGE_LOOP('',(#2978,#2979,#2980,#2981));
#657=EDGE_LOOP('',(#2982,#2983,#2984,#2985));
#658=EDGE_LOOP('',(#2986,#2987,#2988,#2989));
#659=EDGE_LOOP('',(#2990));
#660=EDGE_LOOP('',(#2991,#2992,#2993,#2994));
#661=EDGE_LOOP('',(#2995,#2996,#2997,#2998));
#662=EDGE_LOOP('',(#2999));
#663=EDGE_LOOP('',(#3000,#3001,#3002,#3003));
#664=EDGE_LOOP('',(#3004,#3005,#3006,#3007));
#665=EDGE_LOOP('',(#3008,#3009,#3010,#3011));
#666=EDGE_LOOP('',(#3012,#3013,#3014,#3015));
#667=EDGE_LOOP('',(#3016));
#668=EDGE_LOOP('',(#3017,#3018,#3019,#3020));
#669=LINE('',#4627,#1001);
#670=LINE('',#4630,#1002);
#671=LINE('',#4633,#1003);
#672=LINE('',#4635,#1004);
#673=LINE('',#4636,#1005);
#674=LINE('',#4639,#1006);
#675=LINE('',#4643,#1007);
#676=LINE('',#4647,#1008);
#677=LINE('',#4651,#1009);
#678=LINE('',#4653,#1010);
#679=LINE('',#4655,#1011);
#680=LINE('',#4656,#1012);
#681=LINE('',#4659,#1013);
#682=LINE('',#4661,#1014);
#683=LINE('',#4663,#1015);
#684=LINE('',#4664,#1016);
#685=LINE('',#4667,#1017);
#686=LINE('',#4669,#1018);
#687=LINE('',#4671,#1019);
#688=LINE('',#4672,#1020);
#689=LINE('',#4675,#1021);
#690=LINE('',#4677,#1022);
#691=LINE('',#4679,#1023);
#692=LINE('',#4680,#1024);
#693=LINE('',#4683,#1025);
#694=LINE('',#4685,#1026);
#695=LINE('',#4687,#1027);
#696=LINE('',#4688,#1028);
#697=LINE('',#4691,#1029);
#698=LINE('',#4693,#1030);
#699=LINE('',#4695,#1031);
#700=LINE('',#4696,#1032);
#701=LINE('',#4699,#1033);
#702=LINE('',#4701,#1034);
#703=LINE('',#4703,#1035);
#704=LINE('',#4704,#1036);
#705=LINE('',#4707,#1037);
#706=LINE('',#4709,#1038);
#707=LINE('',#4711,#1039);
#708=LINE('',#4712,#1040);
#709=LINE('',#4715,#1041);
#710=LINE('',#4717,#1042);
#711=LINE('',#4719,#1043);
#712=LINE('',#4720,#1044);
#713=LINE('',#4723,#1045);
#714=LINE('',#4725,#1046);
#715=LINE('',#4727,#1047);
#716=LINE('',#4728,#1048);
#717=LINE('',#4731,#1049);
#718=LINE('',#4733,#1050);
#719=LINE('',#4735,#1051);
#720=LINE('',#4736,#1052);
#721=LINE('',#4739,#1053);
#722=LINE('',#4741,#1054);
#723=LINE('',#4743,#1055);
#724=LINE('',#4744,#1056);
#725=LINE('',#4747,#1057);
#726=LINE('',#4749,#1058);
#727=LINE('',#4751,#1059);
#728=LINE('',#4752,#1060);
#729=LINE('',#4755,#1061);
#730=LINE('',#4758,#1062);
#731=LINE('',#4761,#1063);
#732=LINE('',#4762,#1064);
#733=LINE('',#4767,#1065);
#734=LINE('',#4769,#1066);
#735=LINE('',#4772,#1067);
#736=LINE('',#4774,#1068);
#737=LINE('',#4776,#1069);
#738=LINE('',#4777,#1070);
#739=LINE('',#4780,#1071);
#740=LINE('',#4782,#1072);
#741=LINE('',#4784,#1073);
#742=LINE('',#4785,#1074);
#743=LINE('',#4788,#1075);
#744=LINE('',#4790,#1076);
#745=LINE('',#4792,#1077);
#746=LINE('',#4793,#1078);
#747=LINE('',#4796,#1079);
#748=LINE('',#4798,#1080);
#749=LINE('',#4800,#1081);
#750=LINE('',#4801,#1082);
#751=LINE('',#4804,#1083);
#752=LINE('',#4806,#1084);
#753=LINE('',#4808,#1085);
#754=LINE('',#4809,#1086);
#755=LINE('',#4812,#1087);
#756=LINE('',#4814,#1088);
#757=LINE('',#4816,#1089);
#758=LINE('',#4817,#1090);
#759=LINE('',#4820,#1091);
#760=LINE('',#4822,#1092);
#761=LINE('',#4824,#1093);
#762=LINE('',#4825,#1094);
#763=LINE('',#4828,#1095);
#764=LINE('',#4830,#1096);
#765=LINE('',#4834,#1097);
#766=LINE('',#4835,#1098);
#767=LINE('',#4838,#1099);
#768=LINE('',#4840,#1100);
#769=LINE('',#4842,#1101);
#770=LINE('',#4845,#1102);
#771=LINE('',#4848,#1103);
#772=LINE('',#4852,#1104);
#773=LINE('',#4854,#1105);
#774=LINE('',#4855,#1106);
#775=LINE('',#4858,#1107);
#776=LINE('',#4860,#1108);
#777=LINE('',#4862,#1109);
#778=LINE('',#4864,#1110);
#779=LINE('',#4868,#1111);
#780=LINE('',#4870,#1112);
#781=LINE('',#4872,#1113);
#782=LINE('',#4873,#1114);
#783=LINE('',#4876,#1115);
#784=LINE('',#4878,#1116);
#785=LINE('',#4880,#1117);
#786=LINE('',#4881,#1118);
#787=LINE('',#4884,#1119);
#788=LINE('',#4886,#1120);
#789=LINE('',#4888,#1121);
#790=LINE('',#4889,#1122);
#791=LINE('',#4892,#1123);
#792=LINE('',#4894,#1124);
#793=LINE('',#4896,#1125);
#794=LINE('',#4897,#1126);
#795=LINE('',#4900,#1127);
#796=LINE('',#4902,#1128);
#797=LINE('',#4904,#1129);
#798=LINE('',#4905,#1130);
#799=LINE('',#4908,#1131);
#800=LINE('',#4910,#1132);
#801=LINE('',#4912,#1133);
#802=LINE('',#4913,#1134);
#803=LINE('',#4915,#1135);
#804=LINE('',#4917,#1136);
#805=LINE('',#4922,#1137);
#806=LINE('',#4927,#1138);
#807=LINE('',#4931,#1139);
#808=LINE('',#4934,#1140);
#809=LINE('',#4937,#1141);
#810=LINE('',#4939,#1142);
#811=LINE('',#4940,#1143);
#812=LINE('',#4943,#1144);
#813=LINE('',#4944,#1145);
#814=LINE('',#4948,#1146);
#815=LINE('',#4953,#1147);
#816=LINE('',#4957,#1148);
#817=LINE('',#4960,#1149);
#818=LINE('',#4963,#1150);
#819=LINE('',#4965,#1151);
#820=LINE('',#4966,#1152);
#821=LINE('',#4969,#1153);
#822=LINE('',#4970,#1154);
#823=LINE('',#4975,#1155);
#824=LINE('',#4979,#1156);
#825=LINE('',#4983,#1157);
#826=LINE('',#4986,#1158);
#827=LINE('',#4989,#1159);
#828=LINE('',#4991,#1160);
#829=LINE('',#4992,#1161);
#830=LINE('',#4995,#1162);
#831=LINE('',#4996,#1163);
#832=LINE('',#5000,#1164);
#833=LINE('',#5005,#1165);
#834=LINE('',#5009,#1166);
#835=LINE('',#5012,#1167);
#836=LINE('',#5015,#1168);
#837=LINE('',#5017,#1169);
#838=LINE('',#5018,#1170);
#839=LINE('',#5021,#1171);
#840=LINE('',#5022,#1172);
#841=LINE('',#5027,#1173);
#842=LINE('',#5031,#1174);
#843=LINE('',#5035,#1175);
#844=LINE('',#5038,#1176);
#845=LINE('',#5041,#1177);
#846=LINE('',#5043,#1178);
#847=LINE('',#5044,#1179);
#848=LINE('',#5047,#1180);
#849=LINE('',#5048,#1181);
#850=LINE('',#5053,#1182);
#851=LINE('',#5057,#1183);
#852=LINE('',#5061,#1184);
#853=LINE('',#5064,#1185);
#854=LINE('',#5067,#1186);
#855=LINE('',#5069,#1187);
#856=LINE('',#5070,#1188);
#857=LINE('',#5073,#1189);
#858=LINE('',#5074,#1190);
#859=LINE('',#5079,#1191);
#860=LINE('',#5083,#1192);
#861=LINE('',#5087,#1193);
#862=LINE('',#5090,#1194);
#863=LINE('',#5093,#1195);
#864=LINE('',#5095,#1196);
#865=LINE('',#5096,#1197);
#866=LINE('',#5099,#1198);
#867=LINE('',#5100,#1199);
#868=LINE('',#5105,#1200);
#869=LINE('',#5109,#1201);
#870=LINE('',#5113,#1202);
#871=LINE('',#5116,#1203);
#872=LINE('',#5119,#1204);
#873=LINE('',#5121,#1205);
#874=LINE('',#5122,#1206);
#875=LINE('',#5125,#1207);
#876=LINE('',#5126,#1208);
#877=LINE('',#5131,#1209);
#878=LINE('',#5136,#1210);
#879=LINE('',#5140,#1211);
#880=LINE('',#5142,#1212);
#881=LINE('',#5145,#1213);
#882=LINE('',#5147,#1214);
#883=LINE('',#5148,#1215);
#884=LINE('',#5151,#1216);
#885=LINE('',#5152,#1217);
#886=LINE('',#5156,#1218);
#887=LINE('',#5161,#1219);
#888=LINE('',#5165,#1220);
#889=LINE('',#5168,#1221);
#890=LINE('',#5171,#1222);
#891=LINE('',#5173,#1223);
#892=LINE('',#5174,#1224);
#893=LINE('',#5177,#1225);
#894=LINE('',#5178,#1226);
#895=LINE('',#5183,#1227);
#896=LINE('',#5187,#1228);
#897=LINE('',#5191,#1229);
#898=LINE('',#5194,#1230);
#899=LINE('',#5197,#1231);
#900=LINE('',#5199,#1232);
#901=LINE('',#5200,#1233);
#902=LINE('',#5203,#1234);
#903=LINE('',#5204,#1235);
#904=LINE('',#5208,#1236);
#905=LINE('',#5213,#1237);
#906=LINE('',#5217,#1238);
#907=LINE('',#5220,#1239);
#908=LINE('',#5223,#1240);
#909=LINE('',#5225,#1241);
#910=LINE('',#5226,#1242);
#911=LINE('',#5229,#1243);
#912=LINE('',#5230,#1244);
#913=LINE('',#5235,#1245);
#914=LINE('',#5239,#1246);
#915=LINE('',#5241,#1247);
#916=LINE('',#5242,#1248);
#917=LINE('',#5246,#1249);
#918=LINE('',#5250,#1250);
#919=LINE('',#5253,#1251);
#920=LINE('',#5258,#1252);
#921=LINE('',#5265,#1253);
#922=LINE('',#5267,#1254);
#923=LINE('',#5271,#1255);
#924=LINE('',#5278,#1256);
#925=LINE('',#5280,#1257);
#926=LINE('',#5284,#1258);
#927=LINE('',#5291,#1259);
#928=LINE('',#5293,#1260);
#929=LINE('',#5297,#1261);
#930=LINE('',#5304,#1262);
#931=LINE('',#5306,#1263);
#932=LINE('',#5310,#1264);
#933=LINE('',#5317,#1265);
#934=LINE('',#5319,#1266);
#935=LINE('',#5323,#1267);
#936=LINE('',#5330,#1268);
#937=LINE('',#5332,#1269);
#938=LINE('',#5340,#1270);
#939=LINE('',#5343,#1271);
#940=LINE('',#5345,#1272);
#941=LINE('',#5349,#1273);
#942=LINE('',#5356,#1274);
#943=LINE('',#5358,#1275);
#944=LINE('',#5362,#1276);
#945=LINE('',#5366,#1277);
#946=LINE('',#5371,#1278);
#947=LINE('',#5375,#1279);
#948=LINE('',#5382,#1280);
#949=LINE('',#5384,#1281);
#950=LINE('',#5389,#1282);
#951=LINE('',#5392,#1283);
#952=LINE('',#5401,#1284);
#953=LINE('',#5403,#1285);
#954=LINE('',#5405,#1286);
#955=LINE('',#5408,#1287);
#956=LINE('',#5413,#1288);
#957=LINE('',#5415,#1289);
#958=LINE('',#5417,#1290);
#959=LINE('',#5419,#1291);
#960=LINE('',#5425,#1292);
#961=LINE('',#5443,#1293);
#962=LINE('',#5521,#1294);
#963=LINE('',#5563,#1295);
#964=LINE('',#5569,#1296);
#965=LINE('',#5611,#1297);
#966=LINE('',#5612,#1298);
#967=LINE('',#5615,#1299);
#968=LINE('',#5617,#1300);
#969=LINE('',#5619,#1301);
#970=LINE('',#5620,#1302);
#971=LINE('',#5622,#1303);
#972=LINE('',#5627,#1304);
#973=LINE('',#5628,#1305);
#974=LINE('',#5631,#1306);
#975=LINE('',#5632,#1307);
#976=LINE('',#5637,#1308);
#977=LINE('',#5638,#1309);
#978=LINE('',#5641,#1310);
#979=LINE('',#5643,#1311);
#980=LINE('',#5645,#1312);
#981=LINE('',#5646,#1313);
#982=LINE('',#5648,#1314);
#983=LINE('',#5653,#1315);
#984=LINE('',#5654,#1316);
#985=LINE('',#5657,#1317);
#986=LINE('',#5659,#1318);
#987=LINE('',#5661,#1319);
#988=LINE('',#5662,#1320);
#989=LINE('',#5664,#1321);
#990=LINE('',#5667,#1322);
#991=LINE('',#5668,#1323);
#992=LINE('',#5671,#1324);
#993=LINE('',#5672,#1325);
#994=LINE('',#5674,#1326);
#995=LINE('',#5677,#1327);
#996=LINE('',#5679,#1328);
#997=LINE('',#5682,#1329);
#998=LINE('',#5683,#1330);
#999=LINE('',#5687,#1331);
#1000=LINE('',#5689,#1332);
#1001=VECTOR('',#3657,10.);
#1002=VECTOR('',#3660,10.);
#1003=VECTOR('',#3663,10.);
#1004=VECTOR('',#3664,10.);
#1005=VECTOR('',#3665,10.);
#1006=VECTOR('',#3668,10.);
#1007=VECTOR('',#3671,10.);
#1008=VECTOR('',#3674,10.);
#1009=VECTOR('',#3677,10.);
#1010=VECTOR('',#3678,10.);
#1011=VECTOR('',#3679,10.);
#1012=VECTOR('',#3680,10.);
#1013=VECTOR('',#3681,10.);
#1014=VECTOR('',#3682,10.);
#1015=VECTOR('',#3683,10.);
#1016=VECTOR('',#3684,10.);
#1017=VECTOR('',#3685,10.);
#1018=VECTOR('',#3686,10.);
#1019=VECTOR('',#3687,10.);
#1020=VECTOR('',#3688,10.);
#1021=VECTOR('',#3689,10.);
#1022=VECTOR('',#3690,10.);
#1023=VECTOR('',#3691,10.);
#1024=VECTOR('',#3692,10.);
#1025=VECTOR('',#3693,10.);
#1026=VECTOR('',#3694,10.);
#1027=VECTOR('',#3695,10.);
#1028=VECTOR('',#3696,10.);
#1029=VECTOR('',#3697,10.);
#1030=VECTOR('',#3698,10.);
#1031=VECTOR('',#3699,10.);
#1032=VECTOR('',#3700,10.);
#1033=VECTOR('',#3701,10.);
#1034=VECTOR('',#3702,10.);
#1035=VECTOR('',#3703,10.);
#1036=VECTOR('',#3704,10.);
#1037=VECTOR('',#3705,10.);
#1038=VECTOR('',#3706,10.);
#1039=VECTOR('',#3707,10.);
#1040=VECTOR('',#3708,10.);
#1041=VECTOR('',#3709,10.);
#1042=VECTOR('',#3710,10.);
#1043=VECTOR('',#3711,10.);
#1044=VECTOR('',#3712,10.);
#1045=VECTOR('',#3713,10.);
#1046=VECTOR('',#3714,10.);
#1047=VECTOR('',#3715,10.);
#1048=VECTOR('',#3716,10.);
#1049=VECTOR('',#3717,10.);
#1050=VECTOR('',#3718,10.);
#1051=VECTOR('',#3719,10.);
#1052=VECTOR('',#3720,10.);
#1053=VECTOR('',#3721,10.);
#1054=VECTOR('',#3722,10.);
#1055=VECTOR('',#3723,10.);
#1056=VECTOR('',#3724,10.);
#1057=VECTOR('',#3725,10.);
#1058=VECTOR('',#3726,10.);
#1059=VECTOR('',#3727,10.);
#1060=VECTOR('',#3728,10.);
#1061=VECTOR('',#3731,10.);
#1062=VECTOR('',#3734,10.);
#1063=VECTOR('',#3737,10.);
#1064=VECTOR('',#3738,10.);
#1065=VECTOR('',#3743,10.);
#1066=VECTOR('',#3746,10.);
#1067=VECTOR('',#3747,10.);
#1068=VECTOR('',#3748,10.);
#1069=VECTOR('',#3749,10.);
#1070=VECTOR('',#3750,10.);
#1071=VECTOR('',#3751,10.);
#1072=VECTOR('',#3752,10.);
#1073=VECTOR('',#3753,10.);
#1074=VECTOR('',#3754,10.);
#1075=VECTOR('',#3755,10.);
#1076=VECTOR('',#3756,10.);
#1077=VECTOR('',#3757,10.);
#1078=VECTOR('',#3758,10.);
#1079=VECTOR('',#3759,10.);
#1080=VECTOR('',#3760,10.);
#1081=VECTOR('',#3761,10.);
#1082=VECTOR('',#3762,10.);
#1083=VECTOR('',#3763,10.);
#1084=VECTOR('',#3764,10.);
#1085=VECTOR('',#3765,10.);
#1086=VECTOR('',#3766,10.);
#1087=VECTOR('',#3767,10.);
#1088=VECTOR('',#3768,10.);
#1089=VECTOR('',#3769,10.);
#1090=VECTOR('',#3770,10.);
#1091=VECTOR('',#3771,10.);
#1092=VECTOR('',#3772,10.);
#1093=VECTOR('',#3773,10.);
#1094=VECTOR('',#3774,10.);
#1095=VECTOR('',#3775,10.);
#1096=VECTOR('',#3776,10.);
#1097=VECTOR('',#3779,10.);
#1098=VECTOR('',#3780,10.);
#1099=VECTOR('',#3781,10.);
#1100=VECTOR('',#3782,10.);
#1101=VECTOR('',#3783,10.);
#1102=VECTOR('',#3786,10.);
#1103=VECTOR('',#3787,10.);
#1104=VECTOR('',#3790,10.);
#1105=VECTOR('',#3791,10.);
#1106=VECTOR('',#3792,10.);
#1107=VECTOR('',#3793,10.);
#1108=VECTOR('',#3794,10.);
#1109=VECTOR('',#3795,10.);
#1110=VECTOR('',#3796,10.);
#1111=VECTOR('',#3799,10.);
#1112=VECTOR('',#3800,10.);
#1113=VECTOR('',#3801,10.);
#1114=VECTOR('',#3802,10.);
#1115=VECTOR('',#3803,10.);
#1116=VECTOR('',#3804,10.);
#1117=VECTOR('',#3805,10.);
#1118=VECTOR('',#3806,10.);
#1119=VECTOR('',#3807,10.);
#1120=VECTOR('',#3808,10.);
#1121=VECTOR('',#3809,10.);
#1122=VECTOR('',#3810,10.);
#1123=VECTOR('',#3811,10.);
#1124=VECTOR('',#3812,10.);
#1125=VECTOR('',#3813,10.);
#1126=VECTOR('',#3814,10.);
#1127=VECTOR('',#3815,10.);
#1128=VECTOR('',#3816,10.);
#1129=VECTOR('',#3817,10.);
#1130=VECTOR('',#3818,10.);
#1131=VECTOR('',#3819,10.);
#1132=VECTOR('',#3820,10.);
#1133=VECTOR('',#3821,10.);
#1134=VECTOR('',#3822,10.);
#1135=VECTOR('',#3825,10.);
#1136=VECTOR('',#3828,10.);
#1137=VECTOR('',#3833,10.);
#1138=VECTOR('',#3840,10.);
#1139=VECTOR('',#3845,10.);
#1140=VECTOR('',#3850,10.);
#1141=VECTOR('',#3853,10.);
#1142=VECTOR('',#3854,10.);
#1143=VECTOR('',#3855,10.);
#1144=VECTOR('',#3858,10.);
#1145=VECTOR('',#3859,10.);
#1146=VECTOR('',#3862,10.);
#1147=VECTOR('',#3869,10.);
#1148=VECTOR('',#3874,10.);
#1149=VECTOR('',#3879,10.);
#1150=VECTOR('',#3882,10.);
#1151=VECTOR('',#3883,10.);
#1152=VECTOR('',#3884,10.);
#1153=VECTOR('',#3887,10.);
#1154=VECTOR('',#3888,10.);
#1155=VECTOR('',#3893,10.);
#1156=VECTOR('',#3898,10.);
#1157=VECTOR('',#3903,10.);
#1158=VECTOR('',#3908,10.);
#1159=VECTOR('',#3911,10.);
#1160=VECTOR('',#3912,10.);
#1161=VECTOR('',#3913,10.);
#1162=VECTOR('',#3916,10.);
#1163=VECTOR('',#3917,10.);
#1164=VECTOR('',#3920,10.);
#1165=VECTOR('',#3927,10.);
#1166=VECTOR('',#3932,10.);
#1167=VECTOR('',#3937,10.);
#1168=VECTOR('',#3940,10.);
#1169=VECTOR('',#3941,10.);
#1170=VECTOR('',#3942,10.);
#1171=VECTOR('',#3945,10.);
#1172=VECTOR('',#3946,10.);
#1173=VECTOR('',#3951,10.);
#1174=VECTOR('',#3956,10.);
#1175=VECTOR('',#3961,10.);
#1176=VECTOR('',#3966,10.);
#1177=VECTOR('',#3969,10.);
#1178=VECTOR('',#3970,10.);
#1179=VECTOR('',#3971,10.);
#1180=VECTOR('',#3974,10.);
#1181=VECTOR('',#3975,10.);
#1182=VECTOR('',#3980,10.);
#1183=VECTOR('',#3985,10.);
#1184=VECTOR('',#3990,10.);
#1185=VECTOR('',#3995,10.);
#1186=VECTOR('',#3998,10.);
#1187=VECTOR('',#3999,10.);
#1188=VECTOR('',#4000,10.);
#1189=VECTOR('',#4003,10.);
#1190=VECTOR('',#4004,10.);
#1191=VECTOR('',#4009,10.);
#1192=VECTOR('',#4014,10.);
#1193=VECTOR('',#4019,10.);
#1194=VECTOR('',#4024,10.);
#1195=VECTOR('',#4027,10.);
#1196=VECTOR('',#4028,10.);
#1197=VECTOR('',#4029,10.);
#1198=VECTOR('',#4032,10.);
#1199=VECTOR('',#4033,10.);
#1200=VECTOR('',#4038,10.);
#1201=VECTOR('',#4043,10.);
#1202=VECTOR('',#4048,10.);
#1203=VECTOR('',#4053,10.);
#1204=VECTOR('',#4056,10.);
#1205=VECTOR('',#4057,10.);
#1206=VECTOR('',#4058,10.);
#1207=VECTOR('',#4061,10.);
#1208=VECTOR('',#4062,10.);
#1209=VECTOR('',#4067,10.);
#1210=VECTOR('',#4072,10.);
#1211=VECTOR('',#4079,10.);
#1212=VECTOR('',#4082,10.);
#1213=VECTOR('',#4085,10.);
#1214=VECTOR('',#4086,10.);
#1215=VECTOR('',#4087,10.);
#1216=VECTOR('',#4090,10.);
#1217=VECTOR('',#4091,10.);
#1218=VECTOR('',#4094,10.);
#1219=VECTOR('',#4101,10.);
#1220=VECTOR('',#4106,10.);
#1221=VECTOR('',#4111,10.);
#1222=VECTOR('',#4114,10.);
#1223=VECTOR('',#4115,10.);
#1224=VECTOR('',#4116,10.);
#1225=VECTOR('',#4119,10.);
#1226=VECTOR('',#4120,10.);
#1227=VECTOR('',#4125,10.);
#1228=VECTOR('',#4130,10.);
#1229=VECTOR('',#4135,10.);
#1230=VECTOR('',#4140,10.);
#1231=VECTOR('',#4143,10.);
#1232=VECTOR('',#4144,10.);
#1233=VECTOR('',#4145,10.);
#1234=VECTOR('',#4148,10.);
#1235=VECTOR('',#4149,10.);
#1236=VECTOR('',#4152,10.);
#1237=VECTOR('',#4159,10.);
#1238=VECTOR('',#4164,10.);
#1239=VECTOR('',#4169,10.);
#1240=VECTOR('',#4172,10.);
#1241=VECTOR('',#4173,10.);
#1242=VECTOR('',#4174,10.);
#1243=VECTOR('',#4177,10.);
#1244=VECTOR('',#4178,10.);
#1245=VECTOR('',#4183,10.);
#1246=VECTOR('',#4188,10.);
#1247=VECTOR('',#4189,10.);
#1248=VECTOR('',#4190,10.);
#1249=VECTOR('',#4195,10.);
#1250=VECTOR('',#4200,10.);
#1251=VECTOR('',#4205,10.);
#1252=VECTOR('',#4212,10.);
#1253=VECTOR('',#4225,10.);
#1254=VECTOR('',#4228,10.);
#1255=VECTOR('',#4233,10.);
#1256=VECTOR('',#4246,10.);
#1257=VECTOR('',#4249,10.);
#1258=VECTOR('',#4254,10.);
#1259=VECTOR('',#4267,10.);
#1260=VECTOR('',#4270,10.);
#1261=VECTOR('',#4275,10.);
#1262=VECTOR('',#4288,10.);
#1263=VECTOR('',#4291,10.);
#1264=VECTOR('',#4296,10.);
#1265=VECTOR('',#4309,10.);
#1266=VECTOR('',#4312,10.);
#1267=VECTOR('',#4317,10.);
#1268=VECTOR('',#4330,10.);
#1269=VECTOR('',#4333,10.);
#1270=VECTOR('',#4346,10.);
#1271=VECTOR('',#4351,10.);
#1272=VECTOR('',#4354,10.);
#1273=VECTOR('',#4359,10.);
#1274=VECTOR('',#4372,10.);
#1275=VECTOR('',#4375,10.);
#1276=VECTOR('',#4380,10.);
#1277=VECTOR('',#4387,10.);
#1278=VECTOR('',#4396,10.);
#1279=VECTOR('',#4401,10.);
#1280=VECTOR('',#4414,10.);
#1281=VECTOR('',#4417,10.);
#1282=VECTOR('',#4424,10.);
#1283=VECTOR('',#4429,10.);
#1284=VECTOR('',#4444,10.);
#1285=VECTOR('',#4447,10.);
#1286=VECTOR('',#4450,10.);
#1287=VECTOR('',#4453,10.);
#1288=VECTOR('',#4460,10.);
#1289=VECTOR('',#4463,10.);
#1290=VECTOR('',#4466,10.);
#1291=VECTOR('',#4469,10.);
#1292=VECTOR('',#4480,10.);
#1293=VECTOR('',#4511,1.425);
#1294=VECTOR('',#4514,1.425);
#1295=VECTOR('',#4519,1.425);
#1296=VECTOR('',#4526,1.425);
#1297=VECTOR('',#4531,10.);
#1298=VECTOR('',#4532,10.);
#1299=VECTOR('',#4535,10.);
#1300=VECTOR('',#4536,10.);
#1301=VECTOR('',#4537,10.);
#1302=VECTOR('',#4538,10.);
#1303=VECTOR('',#4541,10.);
#1304=VECTOR('',#4546,10.);
#1305=VECTOR('',#4547,10.);
#1306=VECTOR('',#4550,10.);
#1307=VECTOR('',#4551,10.);
#1308=VECTOR('',#4556,10.);
#1309=VECTOR('',#4557,10.);
#1310=VECTOR('',#4560,10.);
#1311=VECTOR('',#4561,10.);
#1312=VECTOR('',#4562,10.);
#1313=VECTOR('',#4563,10.);
#1314=VECTOR('',#4566,10.);
#1315=VECTOR('',#4571,10.);
#1316=VECTOR('',#4572,10.);
#1317=VECTOR('',#4575,10.);
#1318=VECTOR('',#4576,10.);
#1319=VECTOR('',#4577,10.);
#1320=VECTOR('',#4578,10.);
#1321=VECTOR('',#4581,10.);
#1322=VECTOR('',#4584,10.);
#1323=VECTOR('',#4585,10.);
#1324=VECTOR('',#4588,10.);
#1325=VECTOR('',#4589,10.);
#1326=VECTOR('',#4592,10.);
#1327=VECTOR('',#4597,10.);
#1328=VECTOR('',#4600,10.);
#1329=VECTOR('',#4605,10.);
#1330=VECTOR('',#4606,10.);
#1331=VECTOR('',#4613,10.);
#1332=VECTOR('',#4616,10.);
#1333=CIRCLE('',#3334,3.);
#1334=CIRCLE('',#3335,3.);
#1335=CIRCLE('',#3338,3.);
#1336=CIRCLE('',#3339,3.);
#1337=CIRCLE('',#3340,3.);
#1338=CIRCLE('',#3342,3.);
#1339=CIRCLE('',#3345,3.);
#1340=CIRCLE('',#3346,3.);
#1341=CIRCLE('',#3347,8.);
#1342=CIRCLE('',#3348,8.);
#1343=CIRCLE('',#3349,8.);
#1344=CIRCLE('',#3350,8.);
#1345=CIRCLE('',#3615,1.425);
#1346=CIRCLE('',#3617,1.425);
#1347=CIRCLE('',#3619,1.425);
#1348=CIRCLE('',#3621,1.425);
#1349=CIRCLE('',#3623,8.);
#1350=CIRCLE('',#3627,8.);
#1351=CIRCLE('',#3630,8.);
#1352=CIRCLE('',#3634,8.);
#1353=VERTEX_POINT('',#4623);
#1354=VERTEX_POINT('',#4624);
#1355=VERTEX_POINT('',#4626);
#1356=VERTEX_POINT('',#4628);
#1357=VERTEX_POINT('',#4632);
#1358=VERTEX_POINT('',#4634);
#1359=VERTEX_POINT('',#4638);
#1360=VERTEX_POINT('',#4640);
#1361=VERTEX_POINT('',#4642);
#1362=VERTEX_POINT('',#4644);
#1363=VERTEX_POINT('',#4646);
#1364=VERTEX_POINT('',#4649);
#1365=VERTEX_POINT('',#4650);
#1366=VERTEX_POINT('',#4652);
#1367=VERTEX_POINT('',#4654);
#1368=VERTEX_POINT('',#4657);
#1369=VERTEX_POINT('',#4658);
#1370=VERTEX_POINT('',#4660);
#1371=VERTEX_POINT('',#4662);
#1372=VERTEX_POINT('',#4665);
#1373=VERTEX_POINT('',#4666);
#1374=VERTEX_POINT('',#4668);
#1375=VERTEX_POINT('',#4670);
#1376=VERTEX_POINT('',#4673);
#1377=VERTEX_POINT('',#4674);
#1378=VERTEX_POINT('',#4676);
#1379=VERTEX_POINT('',#4678);
#1380=VERTEX_POINT('',#4681);
#1381=VERTEX_POINT('',#4682);
#1382=VERTEX_POINT('',#4684);
#1383=VERTEX_POINT('',#4686);
#1384=VERTEX_POINT('',#4689);
#1385=VERTEX_POINT('',#4690);
#1386=VERTEX_POINT('',#4692);
#1387=VERTEX_POINT('',#4694);
#1388=VERTEX_POINT('',#4697);
#1389=VERTEX_POINT('',#4698);
#1390=VERTEX_POINT('',#4700);
#1391=VERTEX_POINT('',#4702);
#1392=VERTEX_POINT('',#4705);
#1393=VERTEX_POINT('',#4706);
#1394=VERTEX_POINT('',#4708);
#1395=VERTEX_POINT('',#4710);
#1396=VERTEX_POINT('',#4713);
#1397=VERTEX_POINT('',#4714);
#1398=VERTEX_POINT('',#4716);
#1399=VERTEX_POINT('',#4718);
#1400=VERTEX_POINT('',#4721);
#1401=VERTEX_POINT('',#4722);
#1402=VERTEX_POINT('',#4724);
#1403=VERTEX_POINT('',#4726);
#1404=VERTEX_POINT('',#4729);
#1405=VERTEX_POINT('',#4730);
#1406=VERTEX_POINT('',#4732);
#1407=VERTEX_POINT('',#4734);
#1408=VERTEX_POINT('',#4737);
#1409=VERTEX_POINT('',#4738);
#1410=VERTEX_POINT('',#4740);
#1411=VERTEX_POINT('',#4742);
#1412=VERTEX_POINT('',#4745);
#1413=VERTEX_POINT('',#4746);
#1414=VERTEX_POINT('',#4748);
#1415=VERTEX_POINT('',#4750);
#1416=VERTEX_POINT('',#4754);
#1417=VERTEX_POINT('',#4756);
#1418=VERTEX_POINT('',#4760);
#1419=VERTEX_POINT('',#4764);
#1420=VERTEX_POINT('',#4766);
#1421=VERTEX_POINT('',#4770);
#1422=VERTEX_POINT('',#4771);
#1423=VERTEX_POINT('',#4773);
#1424=VERTEX_POINT('',#4775);
#1425=VERTEX_POINT('',#4778);
#1426=VERTEX_POINT('',#4779);
#1427=VERTEX_POINT('',#4781);
#1428=VERTEX_POINT('',#4783);
#1429=VERTEX_POINT('',#4786);
#1430=VERTEX_POINT('',#4787);
#1431=VERTEX_POINT('',#4789);
#1432=VERTEX_POINT('',#4791);
#1433=VERTEX_POINT('',#4794);
#1434=VERTEX_POINT('',#4795);
#1435=VERTEX_POINT('',#4797);
#1436=VERTEX_POINT('',#4799);
#1437=VERTEX_POINT('',#4802);
#1438=VERTEX_POINT('',#4803);
#1439=VERTEX_POINT('',#4805);
#1440=VERTEX_POINT('',#4807);
#1441=VERTEX_POINT('',#4810);
#1442=VERTEX_POINT('',#4811);
#1443=VERTEX_POINT('',#4813);
#1444=VERTEX_POINT('',#4815);
#1445=VERTEX_POINT('',#4818);
#1446=VERTEX_POINT('',#4819);
#1447=VERTEX_POINT('',#4821);
#1448=VERTEX_POINT('',#4823);
#1449=VERTEX_POINT('',#4826);
#1450=VERTEX_POINT('',#4827);
#1451=VERTEX_POINT('',#4829);
#1452=VERTEX_POINT('',#4831);
#1453=VERTEX_POINT('',#4833);
#1454=VERTEX_POINT('',#4836);
#1455=VERTEX_POINT('',#4837);
#1456=VERTEX_POINT('',#4839);
#1457=VERTEX_POINT('',#4841);
#1458=VERTEX_POINT('',#4843);
#1459=VERTEX_POINT('',#4846);
#1460=VERTEX_POINT('',#4847);
#1461=VERTEX_POINT('',#4849);
#1462=VERTEX_POINT('',#4851);
#1463=VERTEX_POINT('',#4853);
#1464=VERTEX_POINT('',#4856);
#1465=VERTEX_POINT('',#4857);
#1466=VERTEX_POINT('',#4859);
#1467=VERTEX_POINT('',#4861);
#1468=VERTEX_POINT('',#4863);
#1469=VERTEX_POINT('',#4866);
#1470=VERTEX_POINT('',#4867);
#1471=VERTEX_POINT('',#4869);
#1472=VERTEX_POINT('',#4871);
#1473=VERTEX_POINT('',#4874);
#1474=VERTEX_POINT('',#4875);
#1475=VERTEX_POINT('',#4877);
#1476=VERTEX_POINT('',#4879);
#1477=VERTEX_POINT('',#4882);
#1478=VERTEX_POINT('',#4883);
#1479=VERTEX_POINT('',#4885);
#1480=VERTEX_POINT('',#4887);
#1481=VERTEX_POINT('',#4890);
#1482=VERTEX_POINT('',#4891);
#1483=VERTEX_POINT('',#4893);
#1484=VERTEX_POINT('',#4895);
#1485=VERTEX_POINT('',#4898);
#1486=VERTEX_POINT('',#4899);
#1487=VERTEX_POINT('',#4901);
#1488=VERTEX_POINT('',#4903);
#1489=VERTEX_POINT('',#4906);
#1490=VERTEX_POINT('',#4907);
#1491=VERTEX_POINT('',#4909);
#1492=VERTEX_POINT('',#4911);
#1493=VERTEX_POINT('',#4920);
#1494=VERTEX_POINT('',#4921);
#1495=VERTEX_POINT('',#4926);
#1496=VERTEX_POINT('',#4930);
#1497=VERTEX_POINT('',#4936);
#1498=VERTEX_POINT('',#4938);
#1499=VERTEX_POINT('',#4942);
#1500=VERTEX_POINT('',#4946);
#1501=VERTEX_POINT('',#4947);
#1502=VERTEX_POINT('',#4952);
#1503=VERTEX_POINT('',#4956);
#1504=VERTEX_POINT('',#4962);
#1505=VERTEX_POINT('',#4964);
#1506=VERTEX_POINT('',#4968);
#1507=VERTEX_POINT('',#4972);
#1508=VERTEX_POINT('',#4974);
#1509=VERTEX_POINT('',#4978);
#1510=VERTEX_POINT('',#4982);
#1511=VERTEX_POINT('',#4988);
#1512=VERTEX_POINT('',#4990);
#1513=VERTEX_POINT('',#4994);
#1514=VERTEX_POINT('',#4998);
#1515=VERTEX_POINT('',#4999);
#1516=VERTEX_POINT('',#5004);
#1517=VERTEX_POINT('',#5008);
#1518=VERTEX_POINT('',#5014);
#1519=VERTEX_POINT('',#5016);
#1520=VERTEX_POINT('',#5020);
#1521=VERTEX_POINT('',#5024);
#1522=VERTEX_POINT('',#5026);
#1523=VERTEX_POINT('',#5030);
#1524=VERTEX_POINT('',#5034);
#1525=VERTEX_POINT('',#5040);
#1526=VERTEX_POINT('',#5042);
#1527=VERTEX_POINT('',#5046);
#1528=VERTEX_POINT('',#5050);
#1529=VERTEX_POINT('',#5052);
#1530=VERTEX_POINT('',#5056);
#1531=VERTEX_POINT('',#5060);
#1532=VERTEX_POINT('',#5066);
#1533=VERTEX_POINT('',#5068);
#1534=VERTEX_POINT('',#5072);
#1535=VERTEX_POINT('',#5076);
#1536=VERTEX_POINT('',#5078);
#1537=VERTEX_POINT('',#5082);
#1538=VERTEX_POINT('',#5086);
#1539=VERTEX_POINT('',#5092);
#1540=VERTEX_POINT('',#5094);
#1541=VERTEX_POINT('',#5098);
#1542=VERTEX_POINT('',#5102);
#1543=VERTEX_POINT('',#5104);
#1544=VERTEX_POINT('',#5108);
#1545=VERTEX_POINT('',#5112);
#1546=VERTEX_POINT('',#5118);
#1547=VERTEX_POINT('',#5120);
#1548=VERTEX_POINT('',#5124);
#1549=VERTEX_POINT('',#5128);
#1550=VERTEX_POINT('',#5130);
#1551=VERTEX_POINT('',#5134);
#1552=VERTEX_POINT('',#5135);
#1553=VERTEX_POINT('',#5144);
#1554=VERTEX_POINT('',#5146);
#1555=VERTEX_POINT('',#5150);
#1556=VERTEX_POINT('',#5154);
#1557=VERTEX_POINT('',#5155);
#1558=VERTEX_POINT('',#5160);
#1559=VERTEX_POINT('',#5164);
#1560=VERTEX_POINT('',#5170);
#1561=VERTEX_POINT('',#5172);
#1562=VERTEX_POINT('',#5176);
#1563=VERTEX_POINT('',#5180);
#1564=VERTEX_POINT('',#5182);
#1565=VERTEX_POINT('',#5186);
#1566=VERTEX_POINT('',#5190);
#1567=VERTEX_POINT('',#5196);
#1568=VERTEX_POINT('',#5198);
#1569=VERTEX_POINT('',#5202);
#1570=VERTEX_POINT('',#5206);
#1571=VERTEX_POINT('',#5207);
#1572=VERTEX_POINT('',#5212);
#1573=VERTEX_POINT('',#5216);
#1574=VERTEX_POINT('',#5222);
#1575=VERTEX_POINT('',#5224);
#1576=VERTEX_POINT('',#5228);
#1577=VERTEX_POINT('',#5232);
#1578=VERTEX_POINT('',#5234);
#1579=VERTEX_POINT('',#5238);
#1580=VERTEX_POINT('',#5240);
#1581=VERTEX_POINT('',#5245);
#1582=VERTEX_POINT('',#5249);
#1583=VERTEX_POINT('',#5256);
#1584=VERTEX_POINT('',#5269);
#1585=VERTEX_POINT('',#5282);
#1586=VERTEX_POINT('',#5295);
#1587=VERTEX_POINT('',#5308);
#1588=VERTEX_POINT('',#5321);
#1589=VERTEX_POINT('',#5339);
#1590=VERTEX_POINT('',#5347);
#1591=VERTEX_POINT('',#5360);
#1592=VERTEX_POINT('',#5373);
#1593=VERTEX_POINT('',#5388);
#1594=VERTEX_POINT('',#5399);
#1595=VERTEX_POINT('',#5407);
#1596=VERTEX_POINT('',#5411);
#1597=VERTEX_POINT('',#5440);
#1598=VERTEX_POINT('',#5442);
#1599=VERTEX_POINT('',#5444);
#1600=VERTEX_POINT('',#5482);
#1601=VERTEX_POINT('',#5483);
#1602=VERTEX_POINT('',#5520);
#1603=VERTEX_POINT('',#5524);
#1604=VERTEX_POINT('',#5525);
#1605=VERTEX_POINT('',#5562);
#1606=VERTEX_POINT('',#5566);
#1607=VERTEX_POINT('',#5568);
#1608=VERTEX_POINT('',#5570);
#1609=VERTEX_POINT('',#5608);
#1610=VERTEX_POINT('',#5609);
#1611=VERTEX_POINT('',#5614);
#1612=VERTEX_POINT('',#5616);
#1613=VERTEX_POINT('',#5618);
#1614=VERTEX_POINT('',#5624);
#1615=VERTEX_POINT('',#5625);
#1616=VERTEX_POINT('',#5630);
#1617=VERTEX_POINT('',#5634);
#1618=VERTEX_POINT('',#5635);
#1619=VERTEX_POINT('',#5640);
#1620=VERTEX_POINT('',#5642);
#1621=VERTEX_POINT('',#5644);
#1622=VERTEX_POINT('',#5650);
#1623=VERTEX_POINT('',#5651);
#1624=VERTEX_POINT('',#5656);
#1625=VERTEX_POINT('',#5658);
#1626=VERTEX_POINT('',#5660);
#1627=VERTEX_POINT('',#5666);
#1628=VERTEX_POINT('',#5670);
#1629=EDGE_CURVE('',#1353,#1354,#1333,.T.);
#1630=EDGE_CURVE('',#1354,#1355,#669,.T.);
#1631=EDGE_CURVE('',#1355,#1356,#1334,.T.);
#1632=EDGE_CURVE('',#1356,#1353,#670,.T.);
#1633=EDGE_CURVE('',#1357,#1354,#671,.T.);
#1634=EDGE_CURVE('',#1358,#1357,#672,.T.);
#1635=EDGE_CURVE('',#1355,#1358,#673,.T.);
#1636=EDGE_CURVE('',#1353,#1359,#674,.T.);
#1637=EDGE_CURVE('',#1360,#1359,#1335,.T.);
#1638=EDGE_CURVE('',#1360,#1361,#675,.T.);
#1639=EDGE_CURVE('',#1362,#1361,#1336,.T.);
#1640=EDGE_CURVE('',#1362,#1363,#676,.T.);
#1641=EDGE_CURVE('',#1357,#1363,#1337,.T.);
#1642=EDGE_CURVE('',#1364,#1365,#677,.T.);
#1643=EDGE_CURVE('',#1366,#1364,#678,.T.);
#1644=EDGE_CURVE('',#1367,#1366,#679,.T.);
#1645=EDGE_CURVE('',#1365,#1367,#680,.T.);
#1646=EDGE_CURVE('',#1368,#1369,#681,.T.);
#1647=EDGE_CURVE('',#1370,#1368,#682,.T.);
#1648=EDGE_CURVE('',#1371,#1370,#683,.T.);
#1649=EDGE_CURVE('',#1369,#1371,#684,.T.);
#1650=EDGE_CURVE('',#1372,#1373,#685,.T.);
#1651=EDGE_CURVE('',#1374,#1372,#686,.T.);
#1652=EDGE_CURVE('',#1375,#1374,#687,.T.);
#1653=EDGE_CURVE('',#1373,#1375,#688,.T.);
#1654=EDGE_CURVE('',#1376,#1377,#689,.T.);
#1655=EDGE_CURVE('',#1378,#1376,#690,.T.);
#1656=EDGE_CURVE('',#1379,#1378,#691,.T.);
#1657=EDGE_CURVE('',#1377,#1379,#692,.T.);
#1658=EDGE_CURVE('',#1380,#1381,#693,.T.);
#1659=EDGE_CURVE('',#1382,#1380,#694,.T.);
#1660=EDGE_CURVE('',#1383,#1382,#695,.T.);
#1661=EDGE_CURVE('',#1381,#1383,#696,.T.);
#1662=EDGE_CURVE('',#1384,#1385,#697,.T.);
#1663=EDGE_CURVE('',#1386,#1384,#698,.T.);
#1664=EDGE_CURVE('',#1387,#1386,#699,.T.);
#1665=EDGE_CURVE('',#1385,#1387,#700,.T.);
#1666=EDGE_CURVE('',#1388,#1389,#701,.T.);
#1667=EDGE_CURVE('',#1390,#1388,#702,.T.);
#1668=EDGE_CURVE('',#1391,#1390,#703,.T.);
#1669=EDGE_CURVE('',#1389,#1391,#704,.T.);
#1670=EDGE_CURVE('',#1392,#1393,#705,.T.);
#1671=EDGE_CURVE('',#1394,#1392,#706,.T.);
#1672=EDGE_CURVE('',#1395,#1394,#707,.T.);
#1673=EDGE_CURVE('',#1393,#1395,#708,.T.);
#1674=EDGE_CURVE('',#1396,#1397,#709,.T.);
#1675=EDGE_CURVE('',#1398,#1396,#710,.T.);
#1676=EDGE_CURVE('',#1399,#1398,#711,.T.);
#1677=EDGE_CURVE('',#1397,#1399,#712,.T.);
#1678=EDGE_CURVE('',#1400,#1401,#713,.T.);
#1679=EDGE_CURVE('',#1402,#1400,#714,.T.);
#1680=EDGE_CURVE('',#1403,#1402,#715,.T.);
#1681=EDGE_CURVE('',#1401,#1403,#716,.T.);
#1682=EDGE_CURVE('',#1404,#1405,#717,.T.);
#1683=EDGE_CURVE('',#1406,#1404,#718,.T.);
#1684=EDGE_CURVE('',#1407,#1406,#719,.T.);
#1685=EDGE_CURVE('',#1405,#1407,#720,.T.);
#1686=EDGE_CURVE('',#1408,#1409,#721,.T.);
#1687=EDGE_CURVE('',#1410,#1408,#722,.T.);
#1688=EDGE_CURVE('',#1411,#1410,#723,.T.);
#1689=EDGE_CURVE('',#1409,#1411,#724,.T.);
#1690=EDGE_CURVE('',#1412,#1413,#725,.T.);
#1691=EDGE_CURVE('',#1414,#1412,#726,.T.);
#1692=EDGE_CURVE('',#1415,#1414,#727,.T.);
#1693=EDGE_CURVE('',#1413,#1415,#728,.T.);
#1694=EDGE_CURVE('',#1359,#1416,#729,.T.);
#1695=EDGE_CURVE('',#1416,#1417,#1338,.T.);
#1696=EDGE_CURVE('',#1417,#1360,#730,.T.);
#1697=EDGE_CURVE('',#1418,#1417,#731,.T.);
#1698=EDGE_CURVE('',#1361,#1418,#732,.T.);
#1699=EDGE_CURVE('',#1419,#1358,#1339,.T.);
#1700=EDGE_CURVE('',#1419,#1420,#733,.T.);
#1701=EDGE_CURVE('',#1418,#1420,#1340,.T.);
#1702=EDGE_CURVE('',#1416,#1356,#734,.T.);
#1703=EDGE_CURVE('',#1421,#1422,#735,.T.);
#1704=EDGE_CURVE('',#1423,#1421,#736,.T.);
#1705=EDGE_CURVE('',#1424,#1423,#737,.T.);
#1706=EDGE_CURVE('',#1422,#1424,#738,.T.);
#1707=EDGE_CURVE('',#1425,#1426,#739,.T.);
#1708=EDGE_CURVE('',#1427,#1425,#740,.T.);
#1709=EDGE_CURVE('',#1428,#1427,#741,.T.);
#1710=EDGE_CURVE('',#1426,#1428,#742,.T.);
#1711=EDGE_CURVE('',#1429,#1430,#743,.T.);
#1712=EDGE_CURVE('',#1431,#1429,#744,.T.);
#1713=EDGE_CURVE('',#1432,#1431,#745,.T.);
#1714=EDGE_CURVE('',#1430,#1432,#746,.T.);
#1715=EDGE_CURVE('',#1433,#1434,#747,.T.);
#1716=EDGE_CURVE('',#1435,#1433,#748,.T.);
#1717=EDGE_CURVE('',#1436,#1435,#749,.T.);
#1718=EDGE_CURVE('',#1434,#1436,#750,.T.);
#1719=EDGE_CURVE('',#1437,#1438,#751,.T.);
#1720=EDGE_CURVE('',#1439,#1437,#752,.T.);
#1721=EDGE_CURVE('',#1440,#1439,#753,.T.);
#1722=EDGE_CURVE('',#1438,#1440,#754,.T.);
#1723=EDGE_CURVE('',#1441,#1442,#755,.T.);
#1724=EDGE_CURVE('',#1443,#1441,#756,.T.);
#1725=EDGE_CURVE('',#1444,#1443,#757,.T.);
#1726=EDGE_CURVE('',#1442,#1444,#758,.T.);
#1727=EDGE_CURVE('',#1445,#1446,#759,.T.);
#1728=EDGE_CURVE('',#1447,#1445,#760,.T.);
#1729=EDGE_CURVE('',#1448,#1447,#761,.T.);
#1730=EDGE_CURVE('',#1446,#1448,#762,.T.);
#1731=EDGE_CURVE('',#1449,#1450,#763,.T.);
#1732=EDGE_CURVE('',#1450,#1451,#764,.T.);
#1733=EDGE_CURVE('',#1452,#1451,#1341,.F.);
#1734=EDGE_CURVE('',#1452,#1453,#765,.T.);
#1735=EDGE_CURVE('',#1453,#1449,#766,.T.);
#1736=EDGE_CURVE('',#1454,#1455,#767,.T.);
#1737=EDGE_CURVE('',#1455,#1456,#768,.T.);
#1738=EDGE_CURVE('',#1456,#1457,#769,.T.);
#1739=EDGE_CURVE('',#1458,#1457,#1342,.F.);
#1740=EDGE_CURVE('',#1458,#1454,#770,.T.);
#1741=EDGE_CURVE('',#1459,#1460,#771,.T.);
#1742=EDGE_CURVE('',#1461,#1460,#1343,.F.);
#1743=EDGE_CURVE('',#1461,#1462,#772,.T.);
#1744=EDGE_CURVE('',#1462,#1463,#773,.T.);
#1745=EDGE_CURVE('',#1463,#1459,#774,.T.);
#1746=EDGE_CURVE('',#1464,#1465,#775,.T.);
#1747=EDGE_CURVE('',#1465,#1466,#776,.T.);
#1748=EDGE_CURVE('',#1466,#1467,#777,.T.);
#1749=EDGE_CURVE('',#1467,#1468,#778,.T.);
#1750=EDGE_CURVE('',#1464,#1468,#1344,.F.);
#1751=EDGE_CURVE('',#1469,#1470,#779,.T.);
#1752=EDGE_CURVE('',#1471,#1469,#780,.T.);
#1753=EDGE_CURVE('',#1472,#1471,#781,.T.);
#1754=EDGE_CURVE('',#1470,#1472,#782,.T.);
#1755=EDGE_CURVE('',#1473,#1474,#783,.T.);
#1756=EDGE_CURVE('',#1475,#1473,#784,.T.);
#1757=EDGE_CURVE('',#1476,#1475,#785,.T.);
#1758=EDGE_CURVE('',#1474,#1476,#786,.T.);
#1759=EDGE_CURVE('',#1477,#1478,#787,.T.);
#1760=EDGE_CURVE('',#1479,#1477,#788,.T.);
#1761=EDGE_CURVE('',#1480,#1479,#789,.T.);
#1762=EDGE_CURVE('',#1478,#1480,#790,.T.);
#1763=EDGE_CURVE('',#1481,#1482,#791,.T.);
#1764=EDGE_CURVE('',#1483,#1481,#792,.T.);
#1765=EDGE_CURVE('',#1484,#1483,#793,.T.);
#1766=EDGE_CURVE('',#1482,#1484,#794,.T.);
#1767=EDGE_CURVE('',#1485,#1486,#795,.T.);
#1768=EDGE_CURVE('',#1487,#1485,#796,.T.);
#1769=EDGE_CURVE('',#1488,#1487,#797,.T.);
#1770=EDGE_CURVE('',#1486,#1488,#798,.T.);
#1771=EDGE_CURVE('',#1489,#1490,#799,.T.);
#1772=EDGE_CURVE('',#1491,#1489,#800,.T.);
#1773=EDGE_CURVE('',#1492,#1491,#801,.T.);
#1774=EDGE_CURVE('',#1490,#1492,#802,.T.);
#1775=EDGE_CURVE('',#1420,#1362,#803,.T.);
#1776=EDGE_CURVE('',#1363,#1419,#804,.T.);
#1777=EDGE_CURVE('',#1493,#1494,#805,.T.);
#1778=EDGE_CURVE('',#1494,#1421,#23,.T.);
#1779=EDGE_CURVE('',#1422,#1493,#24,.T.);
#1780=EDGE_CURVE('',#1494,#1495,#806,.T.);
#1781=EDGE_CURVE('',#1495,#1423,#25,.T.);
#1782=EDGE_CURVE('',#1495,#1496,#807,.T.);
#1783=EDGE_CURVE('',#1496,#1424,#26,.T.);
#1784=EDGE_CURVE('',#1496,#1493,#808,.T.);
#1785=EDGE_CURVE('',#1497,#1494,#809,.T.);
#1786=EDGE_CURVE('',#1498,#1497,#810,.T.);
#1787=EDGE_CURVE('',#1498,#1495,#811,.T.);
#1788=EDGE_CURVE('',#1499,#1493,#812,.T.);
#1789=EDGE_CURVE('',#1497,#1499,#813,.T.);
#1790=EDGE_CURVE('',#1500,#1501,#814,.T.);
#1791=EDGE_CURVE('',#1501,#1489,#27,.T.);
#1792=EDGE_CURVE('',#1490,#1500,#28,.T.);
#1793=EDGE_CURVE('',#1501,#1502,#815,.T.);
#1794=EDGE_CURVE('',#1502,#1491,#29,.T.);
#1795=EDGE_CURVE('',#1502,#1503,#816,.T.);
#1796=EDGE_CURVE('',#1503,#1492,#30,.T.);
#1797=EDGE_CURVE('',#1503,#1500,#817,.T.);
#1798=EDGE_CURVE('',#1504,#1501,#818,.T.);
#1799=EDGE_CURVE('',#1505,#1504,#819,.T.);
#1800=EDGE_CURVE('',#1505,#1502,#820,.T.);
#1801=EDGE_CURVE('',#1506,#1500,#821,.T.);
#1802=EDGE_CURVE('',#1504,#1506,#822,.T.);
#1803=EDGE_CURVE('',#1426,#1507,#31,.T.);
#1804=EDGE_CURVE('',#1507,#1508,#823,.T.);
#1805=EDGE_CURVE('',#1508,#1425,#32,.T.);
#1806=EDGE_CURVE('',#1508,#1509,#824,.T.);
#1807=EDGE_CURVE('',#1509,#1427,#33,.T.);
#1808=EDGE_CURVE('',#1509,#1510,#825,.T.);
#1809=EDGE_CURVE('',#1510,#1428,#34,.T.);
#1810=EDGE_CURVE('',#1510,#1507,#826,.T.);
#1811=EDGE_CURVE('',#1511,#1508,#827,.T.);
#1812=EDGE_CURVE('',#1512,#1511,#828,.T.);
#1813=EDGE_CURVE('',#1512,#1509,#829,.T.);
#1814=EDGE_CURVE('',#1513,#1507,#830,.T.);
#1815=EDGE_CURVE('',#1511,#1513,#831,.T.);
#1816=EDGE_CURVE('',#1514,#1515,#832,.T.);
#1817=EDGE_CURVE('',#1515,#1485,#35,.T.);
#1818=EDGE_CURVE('',#1486,#1514,#36,.T.);
#1819=EDGE_CURVE('',#1515,#1516,#833,.T.);
#1820=EDGE_CURVE('',#1516,#1487,#37,.T.);
#1821=EDGE_CURVE('',#1516,#1517,#834,.T.);
#1822=EDGE_CURVE('',#1517,#1488,#38,.T.);
#1823=EDGE_CURVE('',#1517,#1514,#835,.T.);
#1824=EDGE_CURVE('',#1518,#1515,#836,.T.);
#1825=EDGE_CURVE('',#1519,#1518,#837,.T.);
#1826=EDGE_CURVE('',#1519,#1516,#838,.T.);
#1827=EDGE_CURVE('',#1520,#1514,#839,.T.);
#1828=EDGE_CURVE('',#1518,#1520,#840,.T.);
#1829=EDGE_CURVE('',#1430,#1521,#39,.T.);
#1830=EDGE_CURVE('',#1521,#1522,#841,.T.);
#1831=EDGE_CURVE('',#1522,#1429,#40,.T.);
#1832=EDGE_CURVE('',#1523,#1521,#842,.T.);
#1833=EDGE_CURVE('',#1523,#1432,#41,.T.);
#1834=EDGE_CURVE('',#1522,#1524,#843,.T.);
#1835=EDGE_CURVE('',#1524,#1431,#42,.T.);
#1836=EDGE_CURVE('',#1524,#1523,#844,.T.);
#1837=EDGE_CURVE('',#1525,#1522,#845,.T.);
#1838=EDGE_CURVE('',#1526,#1525,#846,.T.);
#1839=EDGE_CURVE('',#1526,#1524,#847,.T.);
#1840=EDGE_CURVE('',#1527,#1521,#848,.T.);
#1841=EDGE_CURVE('',#1525,#1527,#849,.T.);
#1842=EDGE_CURVE('',#1482,#1528,#43,.T.);
#1843=EDGE_CURVE('',#1528,#1529,#850,.T.);
#1844=EDGE_CURVE('',#1529,#1481,#44,.T.);
#1845=EDGE_CURVE('',#1530,#1528,#851,.T.);
#1846=EDGE_CURVE('',#1530,#1484,#45,.T.);
#1847=EDGE_CURVE('',#1529,#1531,#852,.T.);
#1848=EDGE_CURVE('',#1531,#1483,#46,.T.);
#1849=EDGE_CURVE('',#1531,#1530,#853,.T.);
#1850=EDGE_CURVE('',#1532,#1529,#854,.T.);
#1851=EDGE_CURVE('',#1533,#1532,#855,.T.);
#1852=EDGE_CURVE('',#1533,#1531,#856,.T.);
#1853=EDGE_CURVE('',#1534,#1528,#857,.T.);
#1854=EDGE_CURVE('',#1532,#1534,#858,.T.);
#1855=EDGE_CURVE('',#1434,#1535,#47,.T.);
#1856=EDGE_CURVE('',#1535,#1536,#859,.T.);
#1857=EDGE_CURVE('',#1536,#1433,#48,.T.);
#1858=EDGE_CURVE('',#1537,#1535,#860,.T.);
#1859=EDGE_CURVE('',#1537,#1436,#49,.T.);
#1860=EDGE_CURVE('',#1536,#1538,#861,.T.);
#1861=EDGE_CURVE('',#1538,#1435,#50,.T.);
#1862=EDGE_CURVE('',#1538,#1537,#862,.T.);
#1863=EDGE_CURVE('',#1539,#1536,#863,.T.);
#1864=EDGE_CURVE('',#1540,#1539,#864,.T.);
#1865=EDGE_CURVE('',#1540,#1538,#865,.T.);
#1866=EDGE_CURVE('',#1541,#1535,#866,.T.);
#1867=EDGE_CURVE('',#1539,#1541,#867,.T.);
#1868=EDGE_CURVE('',#1478,#1542,#51,.T.);
#1869=EDGE_CURVE('',#1542,#1543,#868,.T.);
#1870=EDGE_CURVE('',#1543,#1477,#52,.T.);
#1871=EDGE_CURVE('',#1544,#1542,#869,.T.);
#1872=EDGE_CURVE('',#1544,#1480,#53,.T.);
#1873=EDGE_CURVE('',#1543,#1545,#870,.T.);
#1874=EDGE_CURVE('',#1545,#1479,#54,.T.);
#1875=EDGE_CURVE('',#1545,#1544,#871,.T.);
#1876=EDGE_CURVE('',#1546,#1543,#872,.T.);
#1877=EDGE_CURVE('',#1547,#1546,#873,.T.);
#1878=EDGE_CURVE('',#1547,#1545,#874,.T.);
#1879=EDGE_CURVE('',#1548,#1542,#875,.T.);
#1880=EDGE_CURVE('',#1546,#1548,#876,.T.);
#1881=EDGE_CURVE('',#1439,#1549,#55,.T.);
#1882=EDGE_CURVE('',#1549,#1550,#877,.T.);
#1883=EDGE_CURVE('',#1550,#1440,#56,.T.);
#1884=EDGE_CURVE('',#1551,#1552,#878,.T.);
#1885=EDGE_CURVE('',#1552,#1437,#57,.T.);
#1886=EDGE_CURVE('',#1551,#1438,#58,.T.);
#1887=EDGE_CURVE('',#1552,#1549,#879,.T.);
#1888=EDGE_CURVE('',#1550,#1551,#880,.T.);
#1889=EDGE_CURVE('',#1553,#1552,#881,.T.);
#1890=EDGE_CURVE('',#1554,#1553,#882,.T.);
#1891=EDGE_CURVE('',#1554,#1549,#883,.T.);
#1892=EDGE_CURVE('',#1555,#1551,#884,.T.);
#1893=EDGE_CURVE('',#1553,#1555,#885,.T.);
#1894=EDGE_CURVE('',#1556,#1557,#886,.T.);
#1895=EDGE_CURVE('',#1557,#1473,#59,.T.);
#1896=EDGE_CURVE('',#1474,#1556,#60,.T.);
#1897=EDGE_CURVE('',#1557,#1558,#887,.T.);
#1898=EDGE_CURVE('',#1558,#1475,#61,.T.);
#1899=EDGE_CURVE('',#1558,#1559,#888,.T.);
#1900=EDGE_CURVE('',#1559,#1476,#62,.T.);
#1901=EDGE_CURVE('',#1559,#1556,#889,.T.);
#1902=EDGE_CURVE('',#1560,#1557,#890,.T.);
#1903=EDGE_CURVE('',#1561,#1560,#891,.T.);
#1904=EDGE_CURVE('',#1561,#1558,#892,.T.);
#1905=EDGE_CURVE('',#1562,#1556,#893,.T.);
#1906=EDGE_CURVE('',#1560,#1562,#894,.T.);
#1907=EDGE_CURVE('',#1442,#1563,#63,.T.);
#1908=EDGE_CURVE('',#1563,#1564,#895,.T.);
#1909=EDGE_CURVE('',#1564,#1441,#64,.T.);
#1910=EDGE_CURVE('',#1565,#1563,#896,.T.);
#1911=EDGE_CURVE('',#1565,#1444,#65,.T.);
#1912=EDGE_CURVE('',#1564,#1566,#897,.T.);
#1913=EDGE_CURVE('',#1566,#1443,#66,.T.);
#1914=EDGE_CURVE('',#1566,#1565,#898,.T.);
#1915=EDGE_CURVE('',#1567,#1564,#899,.T.);
#1916=EDGE_CURVE('',#1568,#1567,#900,.T.);
#1917=EDGE_CURVE('',#1568,#1566,#901,.T.);
#1918=EDGE_CURVE('',#1569,#1563,#902,.T.);
#1919=EDGE_CURVE('',#1567,#1569,#903,.T.);
#1920=EDGE_CURVE('',#1570,#1571,#904,.T.);
#1921=EDGE_CURVE('',#1571,#1469,#67,.T.);
#1922=EDGE_CURVE('',#1470,#1570,#68,.T.);
#1923=EDGE_CURVE('',#1571,#1572,#905,.T.);
#1924=EDGE_CURVE('',#1572,#1471,#69,.T.);
#1925=EDGE_CURVE('',#1572,#1573,#906,.T.);
#1926=EDGE_CURVE('',#1573,#1472,#70,.T.);
#1927=EDGE_CURVE('',#1573,#1570,#907,.T.);
#1928=EDGE_CURVE('',#1574,#1571,#908,.T.);
#1929=EDGE_CURVE('',#1575,#1574,#909,.T.);
#1930=EDGE_CURVE('',#1575,#1572,#910,.T.);
#1931=EDGE_CURVE('',#1576,#1570,#911,.T.);
#1932=EDGE_CURVE('',#1574,#1576,#912,.T.);
#1933=EDGE_CURVE('',#1415,#1577,#71,.F.);
#1934=EDGE_CURVE('',#1577,#1578,#913,.T.);
#1935=EDGE_CURVE('',#1578,#1413,#72,.F.);
#1936=EDGE_CURVE('',#1577,#1579,#914,.T.);
#1937=EDGE_CURVE('',#1580,#1579,#915,.T.);
#1938=EDGE_CURVE('',#1578,#1580,#916,.T.);
#1939=EDGE_CURVE('',#1445,#1579,#73,.F.);
#1940=EDGE_CURVE('',#1579,#1581,#917,.T.);
#1941=EDGE_CURVE('',#1581,#1447,#74,.T.);
#1942=EDGE_CURVE('',#1581,#1582,#918,.T.);
#1943=EDGE_CURVE('',#1582,#1448,#75,.T.);
#1944=EDGE_CURVE('',#1582,#1580,#919,.T.);
#1945=EDGE_CURVE('',#1580,#1446,#76,.F.);
#1946=EDGE_CURVE('',#1366,#1583,#77,.T.);
#1947=EDGE_CURVE('',#1583,#1505,#920,.T.);
#1948=EDGE_CURVE('',#1367,#1505,#78,.T.);
#1949=EDGE_CURVE('',#1365,#1504,#79,.T.);
#1950=EDGE_CURVE('',#1506,#1364,#80,.T.);
#1951=EDGE_CURVE('',#1506,#1583,#921,.T.);
#1952=EDGE_CURVE('',#1583,#1503,#922,.T.);
#1953=EDGE_CURVE('',#1410,#1584,#81,.T.);
#1954=EDGE_CURVE('',#1584,#1498,#923,.T.);
#1955=EDGE_CURVE('',#1411,#1498,#82,.T.);
#1956=EDGE_CURVE('',#1409,#1497,#83,.T.);
#1957=EDGE_CURVE('',#1499,#1408,#84,.T.);
#1958=EDGE_CURVE('',#1499,#1584,#924,.T.);
#1959=EDGE_CURVE('',#1584,#1496,#925,.T.);
#1960=EDGE_CURVE('',#1370,#1585,#85,.T.);
#1961=EDGE_CURVE('',#1585,#1512,#926,.T.);
#1962=EDGE_CURVE('',#1371,#1512,#86,.T.);
#1963=EDGE_CURVE('',#1369,#1511,#87,.T.);
#1964=EDGE_CURVE('',#1513,#1368,#88,.T.);
#1965=EDGE_CURVE('',#1513,#1585,#927,.T.);
#1966=EDGE_CURVE('',#1585,#1510,#928,.T.);
#1967=EDGE_CURVE('',#1406,#1586,#89,.T.);
#1968=EDGE_CURVE('',#1586,#1519,#929,.T.);
#1969=EDGE_CURVE('',#1407,#1519,#90,.T.);
#1970=EDGE_CURVE('',#1405,#1518,#91,.T.);
#1971=EDGE_CURVE('',#1520,#1404,#92,.T.);
#1972=EDGE_CURVE('',#1520,#1586,#930,.T.);
#1973=EDGE_CURVE('',#1586,#1517,#931,.T.);
#1974=EDGE_CURVE('',#1374,#1587,#93,.T.);
#1975=EDGE_CURVE('',#1587,#1526,#932,.T.);
#1976=EDGE_CURVE('',#1375,#1526,#94,.T.);
#1977=EDGE_CURVE('',#1373,#1525,#95,.T.);
#1978=EDGE_CURVE('',#1527,#1372,#96,.T.);
#1979=EDGE_CURVE('',#1527,#1587,#933,.T.);
#1980=EDGE_CURVE('',#1587,#1523,#934,.T.);
#1981=EDGE_CURVE('',#1402,#1588,#97,.T.);
#1982=EDGE_CURVE('',#1588,#1533,#935,.T.);
#1983=EDGE_CURVE('',#1403,#1533,#98,.T.);
#1984=EDGE_CURVE('',#1401,#1532,#99,.T.);
#1985=EDGE_CURVE('',#1534,#1400,#100,.T.);
#1986=EDGE_CURVE('',#1534,#1588,#936,.T.);
#1987=EDGE_CURVE('',#1588,#1530,#937,.T.);
#1988=EDGE_CURVE('',#1377,#1539,#101,.T.);
#1989=EDGE_CURVE('',#1541,#1376,#102,.T.);
#1990=EDGE_CURVE('',#1379,#1540,#103,.T.);
#1991=EDGE_CURVE('',#1589,#1540,#938,.T.);
#1992=EDGE_CURVE('',#1378,#1589,#104,.T.);
#1993=EDGE_CURVE('',#1541,#1589,#939,.T.);
#1994=EDGE_CURVE('',#1589,#1537,#940,.T.);
#1995=EDGE_CURVE('',#1398,#1590,#105,.T.);
#1996=EDGE_CURVE('',#1590,#1547,#941,.T.);
#1997=EDGE_CURVE('',#1399,#1547,#106,.T.);
#1998=EDGE_CURVE('',#1397,#1546,#107,.T.);
#1999=EDGE_CURVE('',#1548,#1396,#108,.T.);
#2000=EDGE_CURVE('',#1548,#1590,#942,.T.);
#2001=EDGE_CURVE('',#1590,#1544,#943,.T.);
#2002=EDGE_CURVE('',#1381,#1591,#109,.T.);
#2003=EDGE_CURVE('',#1591,#1554,#944,.T.);
#2004=EDGE_CURVE('',#1554,#1380,#110,.T.);
#2005=EDGE_CURVE('',#1383,#1555,#111,.T.);
#2006=EDGE_CURVE('',#1555,#1591,#945,.T.);
#2007=EDGE_CURVE('',#1382,#1553,#112,.T.);
#2008=EDGE_CURVE('',#1591,#1550,#946,.T.);
#2009=EDGE_CURVE('',#1394,#1592,#113,.T.);
#2010=EDGE_CURVE('',#1592,#1561,#947,.T.);
#2011=EDGE_CURVE('',#1395,#1561,#114,.T.);
#2012=EDGE_CURVE('',#1393,#1560,#115,.T.);
#2013=EDGE_CURVE('',#1562,#1392,#116,.T.);
#2014=EDGE_CURVE('',#1562,#1592,#948,.T.);
#2015=EDGE_CURVE('',#1592,#1559,#949,.T.);
#2016=EDGE_CURVE('',#1391,#1576,#117,.F.);
#2017=EDGE_CURVE('',#1576,#1593,#950,.T.);
#2018=EDGE_CURVE('',#1593,#1389,#118,.F.);
#2019=EDGE_CURVE('',#1593,#1573,#951,.T.);
#2020=EDGE_CURVE('',#1385,#1567,#119,.T.);
#2021=EDGE_CURVE('',#1569,#1384,#120,.T.);
#2022=EDGE_CURVE('',#1387,#1568,#121,.T.);
#2023=EDGE_CURVE('',#1386,#1594,#122,.T.);
#2024=EDGE_CURVE('',#1594,#1568,#952,.T.);
#2025=EDGE_CURVE('',#1569,#1594,#953,.T.);
#2026=EDGE_CURVE('',#1594,#1565,#954,.T.);
#2027=EDGE_CURVE('',#1595,#1577,#955,.T.);
#2028=EDGE_CURVE('',#1414,#1595,#123,.T.);
#2029=EDGE_CURVE('',#1412,#1596,#124,.T.);
#2030=EDGE_CURVE('',#1596,#1595,#956,.T.);
#2031=EDGE_CURVE('',#1578,#1596,#957,.T.);
#2032=EDGE_CURVE('',#1595,#1581,#958,.T.);
#2033=EDGE_CURVE('',#1596,#1582,#959,.T.);
#2034=EDGE_CURVE('',#1388,#1575,#125,.F.);
#2035=EDGE_CURVE('',#1574,#1390,#126,.F.);
#2036=EDGE_CURVE('',#1593,#1575,#960,.T.);
#2037=EDGE_CURVE('',#1597,#1597,#1345,.T.);
#2038=EDGE_CURVE('',#1597,#1598,#961,.T.);
#2039=EDGE_CURVE('',#1599,#1598,#15,.T.);
#2040=EDGE_CURVE('',#1598,#1599,#16,.T.);
#2041=EDGE_CURVE('',#1600,#1601,#17,.T.);
#2042=EDGE_CURVE('',#1601,#1600,#18,.T.);
#2043=EDGE_CURVE('',#1601,#1602,#962,.T.);
#2044=EDGE_CURVE('',#1602,#1602,#1346,.T.);
#2045=EDGE_CURVE('',#1603,#1604,#19,.T.);
#2046=EDGE_CURVE('',#1604,#1603,#20,.T.);
#2047=EDGE_CURVE('',#1604,#1605,#963,.T.);
#2048=EDGE_CURVE('',#1605,#1605,#1347,.T.);
#2049=EDGE_CURVE('',#1606,#1606,#1348,.T.);
#2050=EDGE_CURVE('',#1606,#1607,#964,.T.);
#2051=EDGE_CURVE('',#1608,#1607,#21,.T.);
#2052=EDGE_CURVE('',#1607,#1608,#22,.T.);
#2053=EDGE_CURVE('',#1609,#1610,#1349,.T.);
#2054=EDGE_CURVE('',#1610,#1461,#965,.T.);
#2055=EDGE_CURVE('',#1460,#1609,#966,.T.);
#2056=EDGE_CURVE('',#1609,#1611,#967,.T.);
#2057=EDGE_CURVE('',#1611,#1612,#968,.T.);
#2058=EDGE_CURVE('',#1612,#1613,#969,.T.);
#2059=EDGE_CURVE('',#1613,#1610,#970,.T.);
#2060=EDGE_CURVE('',#1459,#1611,#971,.T.);
#2061=EDGE_CURVE('',#1614,#1615,#1350,.T.);
#2062=EDGE_CURVE('',#1615,#1464,#972,.T.);
#2063=EDGE_CURVE('',#1468,#1614,#973,.T.);
#2064=EDGE_CURVE('',#1467,#1616,#974,.T.);
#2065=EDGE_CURVE('',#1614,#1616,#975,.T.);
#2066=EDGE_CURVE('',#1617,#1618,#1351,.T.);
#2067=EDGE_CURVE('',#1618,#1458,#976,.T.);
#2068=EDGE_CURVE('',#1457,#1617,#977,.T.);
#2069=EDGE_CURVE('',#1617,#1619,#978,.T.);
#2070=EDGE_CURVE('',#1619,#1620,#979,.T.);
#2071=EDGE_CURVE('',#1620,#1621,#980,.T.);
#2072=EDGE_CURVE('',#1621,#1618,#981,.T.);
#2073=EDGE_CURVE('',#1456,#1619,#982,.T.);
#2074=EDGE_CURVE('',#1622,#1623,#1352,.T.);
#2075=EDGE_CURVE('',#1623,#1452,#983,.T.);
#2076=EDGE_CURVE('',#1451,#1622,#984,.T.);
#2077=EDGE_CURVE('',#1622,#1624,#985,.T.);
#2078=EDGE_CURVE('',#1624,#1625,#986,.T.);
#2079=EDGE_CURVE('',#1625,#1626,#987,.T.);
#2080=EDGE_CURVE('',#1626,#1623,#988,.T.);
#2081=EDGE_CURVE('',#1450,#1624,#989,.T.);
#2082=EDGE_CURVE('',#1627,#1615,#990,.T.);
#2083=EDGE_CURVE('',#1465,#1627,#991,.T.);
#2084=EDGE_CURVE('',#1628,#1627,#992,.T.);
#2085=EDGE_CURVE('',#1466,#1628,#993,.T.);
#2086=EDGE_CURVE('',#1616,#1628,#994,.T.);
#2087=EDGE_CURVE('',#1462,#1613,#995,.T.);
#2088=EDGE_CURVE('',#1463,#1612,#996,.T.);
#2089=EDGE_CURVE('',#1454,#1621,#997,.T.);
#2090=EDGE_CURVE('',#1455,#1620,#998,.T.);
#2091=EDGE_CURVE('',#1449,#1625,#999,.T.);
#2092=EDGE_CURVE('',#1453,#1626,#1000,.T.);
#2093=ORIENTED_EDGE('',*,*,#1629,.T.);
#2094=ORIENTED_EDGE('',*,*,#1630,.T.);
#2095=ORIENTED_EDGE('',*,*,#1631,.T.);
#2096=ORIENTED_EDGE('',*,*,#1632,.T.);
#2097=ORIENTED_EDGE('',*,*,#1630,.F.);
#2098=ORIENTED_EDGE('',*,*,#1633,.F.);
#2099=ORIENTED_EDGE('',*,*,#1634,.F.);
#2100=ORIENTED_EDGE('',*,*,#1635,.F.);
#2101=ORIENTED_EDGE('',*,*,#1629,.F.);
#2102=ORIENTED_EDGE('',*,*,#1636,.T.);
#2103=ORIENTED_EDGE('',*,*,#1637,.F.);
#2104=ORIENTED_EDGE('',*,*,#1638,.T.);
#2105=ORIENTED_EDGE('',*,*,#1639,.F.);
#2106=ORIENTED_EDGE('',*,*,#1640,.T.);
#2107=ORIENTED_EDGE('',*,*,#1641,.F.);
#2108=ORIENTED_EDGE('',*,*,#1633,.T.);
#2109=ORIENTED_EDGE('',*,*,#1642,.F.);
#2110=ORIENTED_EDGE('',*,*,#1643,.F.);
#2111=ORIENTED_EDGE('',*,*,#1644,.F.);
#2112=ORIENTED_EDGE('',*,*,#1645,.F.);
#2113=ORIENTED_EDGE('',*,*,#1646,.F.);
#2114=ORIENTED_EDGE('',*,*,#1647,.F.);
#2115=ORIENTED_EDGE('',*,*,#1648,.F.);
#2116=ORIENTED_EDGE('',*,*,#1649,.F.);
#2117=ORIENTED_EDGE('',*,*,#1650,.F.);
#2118=ORIENTED_EDGE('',*,*,#1651,.F.);
#2119=ORIENTED_EDGE('',*,*,#1652,.F.);
#2120=ORIENTED_EDGE('',*,*,#1653,.F.);
#2121=ORIENTED_EDGE('',*,*,#1654,.F.);
#2122=ORIENTED_EDGE('',*,*,#1655,.F.);
#2123=ORIENTED_EDGE('',*,*,#1656,.F.);
#2124=ORIENTED_EDGE('',*,*,#1657,.F.);
#2125=ORIENTED_EDGE('',*,*,#1658,.F.);
#2126=ORIENTED_EDGE('',*,*,#1659,.F.);
#2127=ORIENTED_EDGE('',*,*,#1660,.F.);
#2128=ORIENTED_EDGE('',*,*,#1661,.F.);
#2129=ORIENTED_EDGE('',*,*,#1662,.F.);
#2130=ORIENTED_EDGE('',*,*,#1663,.F.);
#2131=ORIENTED_EDGE('',*,*,#1664,.F.);
#2132=ORIENTED_EDGE('',*,*,#1665,.F.);
#2133=ORIENTED_EDGE('',*,*,#1666,.F.);
#2134=ORIENTED_EDGE('',*,*,#1667,.F.);
#2135=ORIENTED_EDGE('',*,*,#1668,.F.);
#2136=ORIENTED_EDGE('',*,*,#1669,.F.);
#2137=ORIENTED_EDGE('',*,*,#1670,.F.);
#2138=ORIENTED_EDGE('',*,*,#1671,.F.);
#2139=ORIENTED_EDGE('',*,*,#1672,.F.);
#2140=ORIENTED_EDGE('',*,*,#1673,.F.);
#2141=ORIENTED_EDGE('',*,*,#1674,.F.);
#2142=ORIENTED_EDGE('',*,*,#1675,.F.);
#2143=ORIENTED_EDGE('',*,*,#1676,.F.);
#2144=ORIENTED_EDGE('',*,*,#1677,.F.);
#2145=ORIENTED_EDGE('',*,*,#1678,.F.);
#2146=ORIENTED_EDGE('',*,*,#1679,.F.);
#2147=ORIENTED_EDGE('',*,*,#1680,.F.);
#2148=ORIENTED_EDGE('',*,*,#1681,.F.);
#2149=ORIENTED_EDGE('',*,*,#1682,.F.);
#2150=ORIENTED_EDGE('',*,*,#1683,.F.);
#2151=ORIENTED_EDGE('',*,*,#1684,.F.);
#2152=ORIENTED_EDGE('',*,*,#1685,.F.);
#2153=ORIENTED_EDGE('',*,*,#1686,.F.);
#2154=ORIENTED_EDGE('',*,*,#1687,.F.);
#2155=ORIENTED_EDGE('',*,*,#1688,.F.);
#2156=ORIENTED_EDGE('',*,*,#1689,.F.);
#2157=ORIENTED_EDGE('',*,*,#1690,.F.);
#2158=ORIENTED_EDGE('',*,*,#1691,.F.);
#2159=ORIENTED_EDGE('',*,*,#1692,.F.);
#2160=ORIENTED_EDGE('',*,*,#1693,.F.);
#2161=ORIENTED_EDGE('',*,*,#1637,.T.);
#2162=ORIENTED_EDGE('',*,*,#1694,.T.);
#2163=ORIENTED_EDGE('',*,*,#1695,.T.);
#2164=ORIENTED_EDGE('',*,*,#1696,.T.);
#2165=ORIENTED_EDGE('',*,*,#1696,.F.);
#2166=ORIENTED_EDGE('',*,*,#1697,.F.);
#2167=ORIENTED_EDGE('',*,*,#1698,.F.);
#2168=ORIENTED_EDGE('',*,*,#1638,.F.);
#2169=ORIENTED_EDGE('',*,*,#1631,.F.);
#2170=ORIENTED_EDGE('',*,*,#1635,.T.);
#2171=ORIENTED_EDGE('',*,*,#1699,.F.);
#2172=ORIENTED_EDGE('',*,*,#1700,.T.);
#2173=ORIENTED_EDGE('',*,*,#1701,.F.);
#2174=ORIENTED_EDGE('',*,*,#1697,.T.);
#2175=ORIENTED_EDGE('',*,*,#1695,.F.);
#2176=ORIENTED_EDGE('',*,*,#1702,.T.);
#2177=ORIENTED_EDGE('',*,*,#1703,.F.);
#2178=ORIENTED_EDGE('',*,*,#1704,.F.);
#2179=ORIENTED_EDGE('',*,*,#1705,.F.);
#2180=ORIENTED_EDGE('',*,*,#1706,.F.);
#2181=ORIENTED_EDGE('',*,*,#1707,.F.);
#2182=ORIENTED_EDGE('',*,*,#1708,.F.);
#2183=ORIENTED_EDGE('',*,*,#1709,.F.);
#2184=ORIENTED_EDGE('',*,*,#1710,.F.);
#2185=ORIENTED_EDGE('',*,*,#1711,.F.);
#2186=ORIENTED_EDGE('',*,*,#1712,.F.);
#2187=ORIENTED_EDGE('',*,*,#1713,.F.);
#2188=ORIENTED_EDGE('',*,*,#1714,.F.);
#2189=ORIENTED_EDGE('',*,*,#1715,.F.);
#2190=ORIENTED_EDGE('',*,*,#1716,.F.);
#2191=ORIENTED_EDGE('',*,*,#1717,.F.);
#2192=ORIENTED_EDGE('',*,*,#1718,.F.);
#2193=ORIENTED_EDGE('',*,*,#1719,.F.);
#2194=ORIENTED_EDGE('',*,*,#1720,.F.);
#2195=ORIENTED_EDGE('',*,*,#1721,.F.);
#2196=ORIENTED_EDGE('',*,*,#1722,.F.);
#2197=ORIENTED_EDGE('',*,*,#1723,.F.);
#2198=ORIENTED_EDGE('',*,*,#1724,.F.);
#2199=ORIENTED_EDGE('',*,*,#1725,.F.);
#2200=ORIENTED_EDGE('',*,*,#1726,.F.);
#2201=ORIENTED_EDGE('',*,*,#1727,.F.);
#2202=ORIENTED_EDGE('',*,*,#1728,.F.);
#2203=ORIENTED_EDGE('',*,*,#1729,.F.);
#2204=ORIENTED_EDGE('',*,*,#1730,.F.);
#2205=ORIENTED_EDGE('',*,*,#1731,.T.);
#2206=ORIENTED_EDGE('',*,*,#1732,.T.);
#2207=ORIENTED_EDGE('',*,*,#1733,.F.);
#2208=ORIENTED_EDGE('',*,*,#1734,.T.);
#2209=ORIENTED_EDGE('',*,*,#1735,.T.);
#2210=ORIENTED_EDGE('',*,*,#1736,.T.);
#2211=ORIENTED_EDGE('',*,*,#1737,.T.);
#2212=ORIENTED_EDGE('',*,*,#1738,.T.);
#2213=ORIENTED_EDGE('',*,*,#1739,.F.);
#2214=ORIENTED_EDGE('',*,*,#1740,.T.);
#2215=ORIENTED_EDGE('',*,*,#1741,.T.);
#2216=ORIENTED_EDGE('',*,*,#1742,.F.);
#2217=ORIENTED_EDGE('',*,*,#1743,.T.);
#2218=ORIENTED_EDGE('',*,*,#1744,.T.);
#2219=ORIENTED_EDGE('',*,*,#1745,.T.);
#2220=ORIENTED_EDGE('',*,*,#1746,.T.);
#2221=ORIENTED_EDGE('',*,*,#1747,.T.);
#2222=ORIENTED_EDGE('',*,*,#1748,.T.);
#2223=ORIENTED_EDGE('',*,*,#1749,.T.);
#2224=ORIENTED_EDGE('',*,*,#1750,.F.);
#2225=ORIENTED_EDGE('',*,*,#1751,.F.);
#2226=ORIENTED_EDGE('',*,*,#1752,.F.);
#2227=ORIENTED_EDGE('',*,*,#1753,.F.);
#2228=ORIENTED_EDGE('',*,*,#1754,.F.);
#2229=ORIENTED_EDGE('',*,*,#1755,.F.);
#2230=ORIENTED_EDGE('',*,*,#1756,.F.);
#2231=ORIENTED_EDGE('',*,*,#1757,.F.);
#2232=ORIENTED_EDGE('',*,*,#1758,.F.);
#2233=ORIENTED_EDGE('',*,*,#1759,.F.);
#2234=ORIENTED_EDGE('',*,*,#1760,.F.);
#2235=ORIENTED_EDGE('',*,*,#1761,.F.);
#2236=ORIENTED_EDGE('',*,*,#1762,.F.);
#2237=ORIENTED_EDGE('',*,*,#1763,.F.);
#2238=ORIENTED_EDGE('',*,*,#1764,.F.);
#2239=ORIENTED_EDGE('',*,*,#1765,.F.);
#2240=ORIENTED_EDGE('',*,*,#1766,.F.);
#2241=ORIENTED_EDGE('',*,*,#1767,.F.);
#2242=ORIENTED_EDGE('',*,*,#1768,.F.);
#2243=ORIENTED_EDGE('',*,*,#1769,.F.);
#2244=ORIENTED_EDGE('',*,*,#1770,.F.);
#2245=ORIENTED_EDGE('',*,*,#1771,.F.);
#2246=ORIENTED_EDGE('',*,*,#1772,.F.);
#2247=ORIENTED_EDGE('',*,*,#1773,.F.);
#2248=ORIENTED_EDGE('',*,*,#1774,.F.);
#2249=ORIENTED_EDGE('',*,*,#1639,.T.);
#2250=ORIENTED_EDGE('',*,*,#1698,.T.);
#2251=ORIENTED_EDGE('',*,*,#1701,.T.);
#2252=ORIENTED_EDGE('',*,*,#1775,.T.);
#2253=ORIENTED_EDGE('',*,*,#1775,.F.);
#2254=ORIENTED_EDGE('',*,*,#1700,.F.);
#2255=ORIENTED_EDGE('',*,*,#1776,.F.);
#2256=ORIENTED_EDGE('',*,*,#1640,.F.);
#2257=ORIENTED_EDGE('',*,*,#1641,.T.);
#2258=ORIENTED_EDGE('',*,*,#1776,.T.);
#2259=ORIENTED_EDGE('',*,*,#1699,.T.);
#2260=ORIENTED_EDGE('',*,*,#1634,.T.);
#2261=ORIENTED_EDGE('',*,*,#1777,.T.);
#2262=ORIENTED_EDGE('',*,*,#1778,.T.);
#2263=ORIENTED_EDGE('',*,*,#1703,.T.);
#2264=ORIENTED_EDGE('',*,*,#1779,.T.);
#2265=ORIENTED_EDGE('',*,*,#1704,.T.);
#2266=ORIENTED_EDGE('',*,*,#1778,.F.);
#2267=ORIENTED_EDGE('',*,*,#1780,.T.);
#2268=ORIENTED_EDGE('',*,*,#1781,.T.);
#2269=ORIENTED_EDGE('',*,*,#1705,.T.);
#2270=ORIENTED_EDGE('',*,*,#1781,.F.);
#2271=ORIENTED_EDGE('',*,*,#1782,.T.);
#2272=ORIENTED_EDGE('',*,*,#1783,.T.);
#2273=ORIENTED_EDGE('',*,*,#1706,.T.);
#2274=ORIENTED_EDGE('',*,*,#1783,.F.);
#2275=ORIENTED_EDGE('',*,*,#1784,.T.);
#2276=ORIENTED_EDGE('',*,*,#1779,.F.);
#2277=ORIENTED_EDGE('',*,*,#1780,.F.);
#2278=ORIENTED_EDGE('',*,*,#1785,.F.);
#2279=ORIENTED_EDGE('',*,*,#1786,.F.);
#2280=ORIENTED_EDGE('',*,*,#1787,.T.);
#2281=ORIENTED_EDGE('',*,*,#1777,.F.);
#2282=ORIENTED_EDGE('',*,*,#1788,.F.);
#2283=ORIENTED_EDGE('',*,*,#1789,.F.);
#2284=ORIENTED_EDGE('',*,*,#1785,.T.);
#2285=ORIENTED_EDGE('',*,*,#1790,.T.);
#2286=ORIENTED_EDGE('',*,*,#1791,.T.);
#2287=ORIENTED_EDGE('',*,*,#1771,.T.);
#2288=ORIENTED_EDGE('',*,*,#1792,.T.);
#2289=ORIENTED_EDGE('',*,*,#1772,.T.);
#2290=ORIENTED_EDGE('',*,*,#1791,.F.);
#2291=ORIENTED_EDGE('',*,*,#1793,.T.);
#2292=ORIENTED_EDGE('',*,*,#1794,.T.);
#2293=ORIENTED_EDGE('',*,*,#1773,.T.);
#2294=ORIENTED_EDGE('',*,*,#1794,.F.);
#2295=ORIENTED_EDGE('',*,*,#1795,.T.);
#2296=ORIENTED_EDGE('',*,*,#1796,.T.);
#2297=ORIENTED_EDGE('',*,*,#1774,.T.);
#2298=ORIENTED_EDGE('',*,*,#1796,.F.);
#2299=ORIENTED_EDGE('',*,*,#1797,.T.);
#2300=ORIENTED_EDGE('',*,*,#1792,.F.);
#2301=ORIENTED_EDGE('',*,*,#1793,.F.);
#2302=ORIENTED_EDGE('',*,*,#1798,.F.);
#2303=ORIENTED_EDGE('',*,*,#1799,.F.);
#2304=ORIENTED_EDGE('',*,*,#1800,.T.);
#2305=ORIENTED_EDGE('',*,*,#1790,.F.);
#2306=ORIENTED_EDGE('',*,*,#1801,.F.);
#2307=ORIENTED_EDGE('',*,*,#1802,.F.);
#2308=ORIENTED_EDGE('',*,*,#1798,.T.);
#2309=ORIENTED_EDGE('',*,*,#1707,.T.);
#2310=ORIENTED_EDGE('',*,*,#1803,.T.);
#2311=ORIENTED_EDGE('',*,*,#1804,.T.);
#2312=ORIENTED_EDGE('',*,*,#1805,.T.);
#2313=ORIENTED_EDGE('',*,*,#1806,.T.);
#2314=ORIENTED_EDGE('',*,*,#1807,.T.);
#2315=ORIENTED_EDGE('',*,*,#1708,.T.);
#2316=ORIENTED_EDGE('',*,*,#1805,.F.);
#2317=ORIENTED_EDGE('',*,*,#1709,.T.);
#2318=ORIENTED_EDGE('',*,*,#1807,.F.);
#2319=ORIENTED_EDGE('',*,*,#1808,.T.);
#2320=ORIENTED_EDGE('',*,*,#1809,.T.);
#2321=ORIENTED_EDGE('',*,*,#1710,.T.);
#2322=ORIENTED_EDGE('',*,*,#1809,.F.);
#2323=ORIENTED_EDGE('',*,*,#1810,.T.);
#2324=ORIENTED_EDGE('',*,*,#1803,.F.);
#2325=ORIENTED_EDGE('',*,*,#1806,.F.);
#2326=ORIENTED_EDGE('',*,*,#1811,.F.);
#2327=ORIENTED_EDGE('',*,*,#1812,.F.);
#2328=ORIENTED_EDGE('',*,*,#1813,.T.);
#2329=ORIENTED_EDGE('',*,*,#1804,.F.);
#2330=ORIENTED_EDGE('',*,*,#1814,.F.);
#2331=ORIENTED_EDGE('',*,*,#1815,.F.);
#2332=ORIENTED_EDGE('',*,*,#1811,.T.);
#2333=ORIENTED_EDGE('',*,*,#1816,.T.);
#2334=ORIENTED_EDGE('',*,*,#1817,.T.);
#2335=ORIENTED_EDGE('',*,*,#1767,.T.);
#2336=ORIENTED_EDGE('',*,*,#1818,.T.);
#2337=ORIENTED_EDGE('',*,*,#1768,.T.);
#2338=ORIENTED_EDGE('',*,*,#1817,.F.);
#2339=ORIENTED_EDGE('',*,*,#1819,.T.);
#2340=ORIENTED_EDGE('',*,*,#1820,.T.);
#2341=ORIENTED_EDGE('',*,*,#1769,.T.);
#2342=ORIENTED_EDGE('',*,*,#1820,.F.);
#2343=ORIENTED_EDGE('',*,*,#1821,.T.);
#2344=ORIENTED_EDGE('',*,*,#1822,.T.);
#2345=ORIENTED_EDGE('',*,*,#1770,.T.);
#2346=ORIENTED_EDGE('',*,*,#1822,.F.);
#2347=ORIENTED_EDGE('',*,*,#1823,.T.);
#2348=ORIENTED_EDGE('',*,*,#1818,.F.);
#2349=ORIENTED_EDGE('',*,*,#1819,.F.);
#2350=ORIENTED_EDGE('',*,*,#1824,.F.);
#2351=ORIENTED_EDGE('',*,*,#1825,.F.);
#2352=ORIENTED_EDGE('',*,*,#1826,.T.);
#2353=ORIENTED_EDGE('',*,*,#1816,.F.);
#2354=ORIENTED_EDGE('',*,*,#1827,.F.);
#2355=ORIENTED_EDGE('',*,*,#1828,.F.);
#2356=ORIENTED_EDGE('',*,*,#1824,.T.);
#2357=ORIENTED_EDGE('',*,*,#1711,.T.);
#2358=ORIENTED_EDGE('',*,*,#1829,.T.);
#2359=ORIENTED_EDGE('',*,*,#1830,.T.);
#2360=ORIENTED_EDGE('',*,*,#1831,.T.);
#2361=ORIENTED_EDGE('',*,*,#1832,.T.);
#2362=ORIENTED_EDGE('',*,*,#1829,.F.);
#2363=ORIENTED_EDGE('',*,*,#1714,.T.);
#2364=ORIENTED_EDGE('',*,*,#1833,.F.);
#2365=ORIENTED_EDGE('',*,*,#1712,.T.);
#2366=ORIENTED_EDGE('',*,*,#1831,.F.);
#2367=ORIENTED_EDGE('',*,*,#1834,.T.);
#2368=ORIENTED_EDGE('',*,*,#1835,.T.);
#2369=ORIENTED_EDGE('',*,*,#1713,.T.);
#2370=ORIENTED_EDGE('',*,*,#1835,.F.);
#2371=ORIENTED_EDGE('',*,*,#1836,.T.);
#2372=ORIENTED_EDGE('',*,*,#1833,.T.);
#2373=ORIENTED_EDGE('',*,*,#1834,.F.);
#2374=ORIENTED_EDGE('',*,*,#1837,.F.);
#2375=ORIENTED_EDGE('',*,*,#1838,.F.);
#2376=ORIENTED_EDGE('',*,*,#1839,.T.);
#2377=ORIENTED_EDGE('',*,*,#1830,.F.);
#2378=ORIENTED_EDGE('',*,*,#1840,.F.);
#2379=ORIENTED_EDGE('',*,*,#1841,.F.);
#2380=ORIENTED_EDGE('',*,*,#1837,.T.);
#2381=ORIENTED_EDGE('',*,*,#1763,.T.);
#2382=ORIENTED_EDGE('',*,*,#1842,.T.);
#2383=ORIENTED_EDGE('',*,*,#1843,.T.);
#2384=ORIENTED_EDGE('',*,*,#1844,.T.);
#2385=ORIENTED_EDGE('',*,*,#1845,.T.);
#2386=ORIENTED_EDGE('',*,*,#1842,.F.);
#2387=ORIENTED_EDGE('',*,*,#1766,.T.);
#2388=ORIENTED_EDGE('',*,*,#1846,.F.);
#2389=ORIENTED_EDGE('',*,*,#1764,.T.);
#2390=ORIENTED_EDGE('',*,*,#1844,.F.);
#2391=ORIENTED_EDGE('',*,*,#1847,.T.);
#2392=ORIENTED_EDGE('',*,*,#1848,.T.);
#2393=ORIENTED_EDGE('',*,*,#1765,.T.);
#2394=ORIENTED_EDGE('',*,*,#1848,.F.);
#2395=ORIENTED_EDGE('',*,*,#1849,.T.);
#2396=ORIENTED_EDGE('',*,*,#1846,.T.);
#2397=ORIENTED_EDGE('',*,*,#1847,.F.);
#2398=ORIENTED_EDGE('',*,*,#1850,.F.);
#2399=ORIENTED_EDGE('',*,*,#1851,.F.);
#2400=ORIENTED_EDGE('',*,*,#1852,.T.);
#2401=ORIENTED_EDGE('',*,*,#1843,.F.);
#2402=ORIENTED_EDGE('',*,*,#1853,.F.);
#2403=ORIENTED_EDGE('',*,*,#1854,.F.);
#2404=ORIENTED_EDGE('',*,*,#1850,.T.);
#2405=ORIENTED_EDGE('',*,*,#1715,.T.);
#2406=ORIENTED_EDGE('',*,*,#1855,.T.);
#2407=ORIENTED_EDGE('',*,*,#1856,.T.);
#2408=ORIENTED_EDGE('',*,*,#1857,.T.);
#2409=ORIENTED_EDGE('',*,*,#1858,.T.);
#2410=ORIENTED_EDGE('',*,*,#1855,.F.);
#2411=ORIENTED_EDGE('',*,*,#1718,.T.);
#2412=ORIENTED_EDGE('',*,*,#1859,.F.);
#2413=ORIENTED_EDGE('',*,*,#1716,.T.);
#2414=ORIENTED_EDGE('',*,*,#1857,.F.);
#2415=ORIENTED_EDGE('',*,*,#1860,.T.);
#2416=ORIENTED_EDGE('',*,*,#1861,.T.);
#2417=ORIENTED_EDGE('',*,*,#1717,.T.);
#2418=ORIENTED_EDGE('',*,*,#1861,.F.);
#2419=ORIENTED_EDGE('',*,*,#1862,.T.);
#2420=ORIENTED_EDGE('',*,*,#1859,.T.);
#2421=ORIENTED_EDGE('',*,*,#1860,.F.);
#2422=ORIENTED_EDGE('',*,*,#1863,.F.);
#2423=ORIENTED_EDGE('',*,*,#1864,.F.);
#2424=ORIENTED_EDGE('',*,*,#1865,.T.);
#2425=ORIENTED_EDGE('',*,*,#1856,.F.);
#2426=ORIENTED_EDGE('',*,*,#1866,.F.);
#2427=ORIENTED_EDGE('',*,*,#1867,.F.);
#2428=ORIENTED_EDGE('',*,*,#1863,.T.);
#2429=ORIENTED_EDGE('',*,*,#1759,.T.);
#2430=ORIENTED_EDGE('',*,*,#1868,.T.);
#2431=ORIENTED_EDGE('',*,*,#1869,.T.);
#2432=ORIENTED_EDGE('',*,*,#1870,.T.);
#2433=ORIENTED_EDGE('',*,*,#1871,.T.);
#2434=ORIENTED_EDGE('',*,*,#1868,.F.);
#2435=ORIENTED_EDGE('',*,*,#1762,.T.);
#2436=ORIENTED_EDGE('',*,*,#1872,.F.);
#2437=ORIENTED_EDGE('',*,*,#1760,.T.);
#2438=ORIENTED_EDGE('',*,*,#1870,.F.);
#2439=ORIENTED_EDGE('',*,*,#1873,.T.);
#2440=ORIENTED_EDGE('',*,*,#1874,.T.);
#2441=ORIENTED_EDGE('',*,*,#1761,.T.);
#2442=ORIENTED_EDGE('',*,*,#1874,.F.);
#2443=ORIENTED_EDGE('',*,*,#1875,.T.);
#2444=ORIENTED_EDGE('',*,*,#1872,.T.);
#2445=ORIENTED_EDGE('',*,*,#1873,.F.);
#2446=ORIENTED_EDGE('',*,*,#1876,.F.);
#2447=ORIENTED_EDGE('',*,*,#1877,.F.);
#2448=ORIENTED_EDGE('',*,*,#1878,.T.);
#2449=ORIENTED_EDGE('',*,*,#1869,.F.);
#2450=ORIENTED_EDGE('',*,*,#1879,.F.);
#2451=ORIENTED_EDGE('',*,*,#1880,.F.);
#2452=ORIENTED_EDGE('',*,*,#1876,.T.);
#2453=ORIENTED_EDGE('',*,*,#1721,.T.);
#2454=ORIENTED_EDGE('',*,*,#1881,.T.);
#2455=ORIENTED_EDGE('',*,*,#1882,.T.);
#2456=ORIENTED_EDGE('',*,*,#1883,.T.);
#2457=ORIENTED_EDGE('',*,*,#1884,.T.);
#2458=ORIENTED_EDGE('',*,*,#1885,.T.);
#2459=ORIENTED_EDGE('',*,*,#1719,.T.);
#2460=ORIENTED_EDGE('',*,*,#1886,.F.);
#2461=ORIENTED_EDGE('',*,*,#1720,.T.);
#2462=ORIENTED_EDGE('',*,*,#1885,.F.);
#2463=ORIENTED_EDGE('',*,*,#1887,.T.);
#2464=ORIENTED_EDGE('',*,*,#1881,.F.);
#2465=ORIENTED_EDGE('',*,*,#1722,.T.);
#2466=ORIENTED_EDGE('',*,*,#1883,.F.);
#2467=ORIENTED_EDGE('',*,*,#1888,.T.);
#2468=ORIENTED_EDGE('',*,*,#1886,.T.);
#2469=ORIENTED_EDGE('',*,*,#1887,.F.);
#2470=ORIENTED_EDGE('',*,*,#1889,.F.);
#2471=ORIENTED_EDGE('',*,*,#1890,.F.);
#2472=ORIENTED_EDGE('',*,*,#1891,.T.);
#2473=ORIENTED_EDGE('',*,*,#1884,.F.);
#2474=ORIENTED_EDGE('',*,*,#1892,.F.);
#2475=ORIENTED_EDGE('',*,*,#1893,.F.);
#2476=ORIENTED_EDGE('',*,*,#1889,.T.);
#2477=ORIENTED_EDGE('',*,*,#1894,.T.);
#2478=ORIENTED_EDGE('',*,*,#1895,.T.);
#2479=ORIENTED_EDGE('',*,*,#1755,.T.);
#2480=ORIENTED_EDGE('',*,*,#1896,.T.);
#2481=ORIENTED_EDGE('',*,*,#1756,.T.);
#2482=ORIENTED_EDGE('',*,*,#1895,.F.);
#2483=ORIENTED_EDGE('',*,*,#1897,.T.);
#2484=ORIENTED_EDGE('',*,*,#1898,.T.);
#2485=ORIENTED_EDGE('',*,*,#1757,.T.);
#2486=ORIENTED_EDGE('',*,*,#1898,.F.);
#2487=ORIENTED_EDGE('',*,*,#1899,.T.);
#2488=ORIENTED_EDGE('',*,*,#1900,.T.);
#2489=ORIENTED_EDGE('',*,*,#1758,.T.);
#2490=ORIENTED_EDGE('',*,*,#1900,.F.);
#2491=ORIENTED_EDGE('',*,*,#1901,.T.);
#2492=ORIENTED_EDGE('',*,*,#1896,.F.);
#2493=ORIENTED_EDGE('',*,*,#1897,.F.);
#2494=ORIENTED_EDGE('',*,*,#1902,.F.);
#2495=ORIENTED_EDGE('',*,*,#1903,.F.);
#2496=ORIENTED_EDGE('',*,*,#1904,.T.);
#2497=ORIENTED_EDGE('',*,*,#1894,.F.);
#2498=ORIENTED_EDGE('',*,*,#1905,.F.);
#2499=ORIENTED_EDGE('',*,*,#1906,.F.);
#2500=ORIENTED_EDGE('',*,*,#1902,.T.);
#2501=ORIENTED_EDGE('',*,*,#1723,.T.);
#2502=ORIENTED_EDGE('',*,*,#1907,.T.);
#2503=ORIENTED_EDGE('',*,*,#1908,.T.);
#2504=ORIENTED_EDGE('',*,*,#1909,.T.);
#2505=ORIENTED_EDGE('',*,*,#1910,.T.);
#2506=ORIENTED_EDGE('',*,*,#1907,.F.);
#2507=ORIENTED_EDGE('',*,*,#1726,.T.);
#2508=ORIENTED_EDGE('',*,*,#1911,.F.);
#2509=ORIENTED_EDGE('',*,*,#1724,.T.);
#2510=ORIENTED_EDGE('',*,*,#1909,.F.);
#2511=ORIENTED_EDGE('',*,*,#1912,.T.);
#2512=ORIENTED_EDGE('',*,*,#1913,.T.);
#2513=ORIENTED_EDGE('',*,*,#1725,.T.);
#2514=ORIENTED_EDGE('',*,*,#1913,.F.);
#2515=ORIENTED_EDGE('',*,*,#1914,.T.);
#2516=ORIENTED_EDGE('',*,*,#1911,.T.);
#2517=ORIENTED_EDGE('',*,*,#1912,.F.);
#2518=ORIENTED_EDGE('',*,*,#1915,.F.);
#2519=ORIENTED_EDGE('',*,*,#1916,.F.);
#2520=ORIENTED_EDGE('',*,*,#1917,.T.);
#2521=ORIENTED_EDGE('',*,*,#1908,.F.);
#2522=ORIENTED_EDGE('',*,*,#1918,.F.);
#2523=ORIENTED_EDGE('',*,*,#1919,.F.);
#2524=ORIENTED_EDGE('',*,*,#1915,.T.);
#2525=ORIENTED_EDGE('',*,*,#1920,.T.);
#2526=ORIENTED_EDGE('',*,*,#1921,.T.);
#2527=ORIENTED_EDGE('',*,*,#1751,.T.);
#2528=ORIENTED_EDGE('',*,*,#1922,.T.);
#2529=ORIENTED_EDGE('',*,*,#1752,.T.);
#2530=ORIENTED_EDGE('',*,*,#1921,.F.);
#2531=ORIENTED_EDGE('',*,*,#1923,.T.);
#2532=ORIENTED_EDGE('',*,*,#1924,.T.);
#2533=ORIENTED_EDGE('',*,*,#1753,.T.);
#2534=ORIENTED_EDGE('',*,*,#1924,.F.);
#2535=ORIENTED_EDGE('',*,*,#1925,.T.);
#2536=ORIENTED_EDGE('',*,*,#1926,.T.);
#2537=ORIENTED_EDGE('',*,*,#1754,.T.);
#2538=ORIENTED_EDGE('',*,*,#1926,.F.);
#2539=ORIENTED_EDGE('',*,*,#1927,.T.);
#2540=ORIENTED_EDGE('',*,*,#1922,.F.);
#2541=ORIENTED_EDGE('',*,*,#1923,.F.);
#2542=ORIENTED_EDGE('',*,*,#1928,.F.);
#2543=ORIENTED_EDGE('',*,*,#1929,.F.);
#2544=ORIENTED_EDGE('',*,*,#1930,.T.);
#2545=ORIENTED_EDGE('',*,*,#1920,.F.);
#2546=ORIENTED_EDGE('',*,*,#1931,.F.);
#2547=ORIENTED_EDGE('',*,*,#1932,.F.);
#2548=ORIENTED_EDGE('',*,*,#1928,.T.);
#2549=ORIENTED_EDGE('',*,*,#1933,.T.);
#2550=ORIENTED_EDGE('',*,*,#1934,.T.);
#2551=ORIENTED_EDGE('',*,*,#1935,.T.);
#2552=ORIENTED_EDGE('',*,*,#1693,.T.);
#2553=ORIENTED_EDGE('',*,*,#1934,.F.);
#2554=ORIENTED_EDGE('',*,*,#1936,.T.);
#2555=ORIENTED_EDGE('',*,*,#1937,.F.);
#2556=ORIENTED_EDGE('',*,*,#1938,.F.);
#2557=ORIENTED_EDGE('',*,*,#1728,.T.);
#2558=ORIENTED_EDGE('',*,*,#1939,.T.);
#2559=ORIENTED_EDGE('',*,*,#1940,.T.);
#2560=ORIENTED_EDGE('',*,*,#1941,.T.);
#2561=ORIENTED_EDGE('',*,*,#1729,.T.);
#2562=ORIENTED_EDGE('',*,*,#1941,.F.);
#2563=ORIENTED_EDGE('',*,*,#1942,.T.);
#2564=ORIENTED_EDGE('',*,*,#1943,.T.);
#2565=ORIENTED_EDGE('',*,*,#1944,.T.);
#2566=ORIENTED_EDGE('',*,*,#1945,.T.);
#2567=ORIENTED_EDGE('',*,*,#1730,.T.);
#2568=ORIENTED_EDGE('',*,*,#1943,.F.);
#2569=ORIENTED_EDGE('',*,*,#1644,.T.);
#2570=ORIENTED_EDGE('',*,*,#1946,.T.);
#2571=ORIENTED_EDGE('',*,*,#1947,.T.);
#2572=ORIENTED_EDGE('',*,*,#1948,.F.);
#2573=ORIENTED_EDGE('',*,*,#1642,.T.);
#2574=ORIENTED_EDGE('',*,*,#1949,.T.);
#2575=ORIENTED_EDGE('',*,*,#1802,.T.);
#2576=ORIENTED_EDGE('',*,*,#1950,.T.);
#2577=ORIENTED_EDGE('',*,*,#1799,.T.);
#2578=ORIENTED_EDGE('',*,*,#1949,.F.);
#2579=ORIENTED_EDGE('',*,*,#1645,.T.);
#2580=ORIENTED_EDGE('',*,*,#1948,.T.);
#2581=ORIENTED_EDGE('',*,*,#1643,.T.);
#2582=ORIENTED_EDGE('',*,*,#1950,.F.);
#2583=ORIENTED_EDGE('',*,*,#1951,.T.);
#2584=ORIENTED_EDGE('',*,*,#1946,.F.);
#2585=ORIENTED_EDGE('',*,*,#1797,.F.);
#2586=ORIENTED_EDGE('',*,*,#1952,.F.);
#2587=ORIENTED_EDGE('',*,*,#1951,.F.);
#2588=ORIENTED_EDGE('',*,*,#1801,.T.);
#2589=ORIENTED_EDGE('',*,*,#1688,.T.);
#2590=ORIENTED_EDGE('',*,*,#1953,.T.);
#2591=ORIENTED_EDGE('',*,*,#1954,.T.);
#2592=ORIENTED_EDGE('',*,*,#1955,.F.);
#2593=ORIENTED_EDGE('',*,*,#1686,.T.);
#2594=ORIENTED_EDGE('',*,*,#1956,.T.);
#2595=ORIENTED_EDGE('',*,*,#1789,.T.);
#2596=ORIENTED_EDGE('',*,*,#1957,.T.);
#2597=ORIENTED_EDGE('',*,*,#1786,.T.);
#2598=ORIENTED_EDGE('',*,*,#1956,.F.);
#2599=ORIENTED_EDGE('',*,*,#1689,.T.);
#2600=ORIENTED_EDGE('',*,*,#1955,.T.);
#2601=ORIENTED_EDGE('',*,*,#1687,.T.);
#2602=ORIENTED_EDGE('',*,*,#1957,.F.);
#2603=ORIENTED_EDGE('',*,*,#1958,.T.);
#2604=ORIENTED_EDGE('',*,*,#1953,.F.);
#2605=ORIENTED_EDGE('',*,*,#1784,.F.);
#2606=ORIENTED_EDGE('',*,*,#1959,.F.);
#2607=ORIENTED_EDGE('',*,*,#1958,.F.);
#2608=ORIENTED_EDGE('',*,*,#1788,.T.);
#2609=ORIENTED_EDGE('',*,*,#1648,.T.);
#2610=ORIENTED_EDGE('',*,*,#1960,.T.);
#2611=ORIENTED_EDGE('',*,*,#1961,.T.);
#2612=ORIENTED_EDGE('',*,*,#1962,.F.);
#2613=ORIENTED_EDGE('',*,*,#1646,.T.);
#2614=ORIENTED_EDGE('',*,*,#1963,.T.);
#2615=ORIENTED_EDGE('',*,*,#1815,.T.);
#2616=ORIENTED_EDGE('',*,*,#1964,.T.);
#2617=ORIENTED_EDGE('',*,*,#1812,.T.);
#2618=ORIENTED_EDGE('',*,*,#1963,.F.);
#2619=ORIENTED_EDGE('',*,*,#1649,.T.);
#2620=ORIENTED_EDGE('',*,*,#1962,.T.);
#2621=ORIENTED_EDGE('',*,*,#1647,.T.);
#2622=ORIENTED_EDGE('',*,*,#1964,.F.);
#2623=ORIENTED_EDGE('',*,*,#1965,.T.);
#2624=ORIENTED_EDGE('',*,*,#1960,.F.);
#2625=ORIENTED_EDGE('',*,*,#1810,.F.);
#2626=ORIENTED_EDGE('',*,*,#1966,.F.);
#2627=ORIENTED_EDGE('',*,*,#1965,.F.);
#2628=ORIENTED_EDGE('',*,*,#1814,.T.);
#2629=ORIENTED_EDGE('',*,*,#1684,.T.);
#2630=ORIENTED_EDGE('',*,*,#1967,.T.);
#2631=ORIENTED_EDGE('',*,*,#1968,.T.);
#2632=ORIENTED_EDGE('',*,*,#1969,.F.);
#2633=ORIENTED_EDGE('',*,*,#1682,.T.);
#2634=ORIENTED_EDGE('',*,*,#1970,.T.);
#2635=ORIENTED_EDGE('',*,*,#1828,.T.);
#2636=ORIENTED_EDGE('',*,*,#1971,.T.);
#2637=ORIENTED_EDGE('',*,*,#1825,.T.);
#2638=ORIENTED_EDGE('',*,*,#1970,.F.);
#2639=ORIENTED_EDGE('',*,*,#1685,.T.);
#2640=ORIENTED_EDGE('',*,*,#1969,.T.);
#2641=ORIENTED_EDGE('',*,*,#1683,.T.);
#2642=ORIENTED_EDGE('',*,*,#1971,.F.);
#2643=ORIENTED_EDGE('',*,*,#1972,.T.);
#2644=ORIENTED_EDGE('',*,*,#1967,.F.);
#2645=ORIENTED_EDGE('',*,*,#1823,.F.);
#2646=ORIENTED_EDGE('',*,*,#1973,.F.);
#2647=ORIENTED_EDGE('',*,*,#1972,.F.);
#2648=ORIENTED_EDGE('',*,*,#1827,.T.);
#2649=ORIENTED_EDGE('',*,*,#1652,.T.);
#2650=ORIENTED_EDGE('',*,*,#1974,.T.);
#2651=ORIENTED_EDGE('',*,*,#1975,.T.);
#2652=ORIENTED_EDGE('',*,*,#1976,.F.);
#2653=ORIENTED_EDGE('',*,*,#1650,.T.);
#2654=ORIENTED_EDGE('',*,*,#1977,.T.);
#2655=ORIENTED_EDGE('',*,*,#1841,.T.);
#2656=ORIENTED_EDGE('',*,*,#1978,.T.);
#2657=ORIENTED_EDGE('',*,*,#1838,.T.);
#2658=ORIENTED_EDGE('',*,*,#1977,.F.);
#2659=ORIENTED_EDGE('',*,*,#1653,.T.);
#2660=ORIENTED_EDGE('',*,*,#1976,.T.);
#2661=ORIENTED_EDGE('',*,*,#1651,.T.);
#2662=ORIENTED_EDGE('',*,*,#1978,.F.);
#2663=ORIENTED_EDGE('',*,*,#1979,.T.);
#2664=ORIENTED_EDGE('',*,*,#1974,.F.);
#2665=ORIENTED_EDGE('',*,*,#1832,.F.);
#2666=ORIENTED_EDGE('',*,*,#1980,.F.);
#2667=ORIENTED_EDGE('',*,*,#1979,.F.);
#2668=ORIENTED_EDGE('',*,*,#1840,.T.);
#2669=ORIENTED_EDGE('',*,*,#1680,.T.);
#2670=ORIENTED_EDGE('',*,*,#1981,.T.);
#2671=ORIENTED_EDGE('',*,*,#1982,.T.);
#2672=ORIENTED_EDGE('',*,*,#1983,.F.);
#2673=ORIENTED_EDGE('',*,*,#1678,.T.);
#2674=ORIENTED_EDGE('',*,*,#1984,.T.);
#2675=ORIENTED_EDGE('',*,*,#1854,.T.);
#2676=ORIENTED_EDGE('',*,*,#1985,.T.);
#2677=ORIENTED_EDGE('',*,*,#1851,.T.);
#2678=ORIENTED_EDGE('',*,*,#1984,.F.);
#2679=ORIENTED_EDGE('',*,*,#1681,.T.);
#2680=ORIENTED_EDGE('',*,*,#1983,.T.);
#2681=ORIENTED_EDGE('',*,*,#1679,.T.);
#2682=ORIENTED_EDGE('',*,*,#1985,.F.);
#2683=ORIENTED_EDGE('',*,*,#1986,.T.);
#2684=ORIENTED_EDGE('',*,*,#1981,.F.);
#2685=ORIENTED_EDGE('',*,*,#1845,.F.);
#2686=ORIENTED_EDGE('',*,*,#1987,.F.);
#2687=ORIENTED_EDGE('',*,*,#1986,.F.);
#2688=ORIENTED_EDGE('',*,*,#1853,.T.);
#2689=ORIENTED_EDGE('',*,*,#1654,.T.);
#2690=ORIENTED_EDGE('',*,*,#1988,.T.);
#2691=ORIENTED_EDGE('',*,*,#1867,.T.);
#2692=ORIENTED_EDGE('',*,*,#1989,.T.);
#2693=ORIENTED_EDGE('',*,*,#1657,.T.);
#2694=ORIENTED_EDGE('',*,*,#1990,.T.);
#2695=ORIENTED_EDGE('',*,*,#1864,.T.);
#2696=ORIENTED_EDGE('',*,*,#1988,.F.);
#2697=ORIENTED_EDGE('',*,*,#1991,.T.);
#2698=ORIENTED_EDGE('',*,*,#1990,.F.);
#2699=ORIENTED_EDGE('',*,*,#1656,.T.);
#2700=ORIENTED_EDGE('',*,*,#1992,.T.);
#2701=ORIENTED_EDGE('',*,*,#1655,.T.);
#2702=ORIENTED_EDGE('',*,*,#1989,.F.);
#2703=ORIENTED_EDGE('',*,*,#1993,.T.);
#2704=ORIENTED_EDGE('',*,*,#1992,.F.);
#2705=ORIENTED_EDGE('',*,*,#1858,.F.);
#2706=ORIENTED_EDGE('',*,*,#1994,.F.);
#2707=ORIENTED_EDGE('',*,*,#1993,.F.);
#2708=ORIENTED_EDGE('',*,*,#1866,.T.);
#2709=ORIENTED_EDGE('',*,*,#1676,.T.);
#2710=ORIENTED_EDGE('',*,*,#1995,.T.);
#2711=ORIENTED_EDGE('',*,*,#1996,.T.);
#2712=ORIENTED_EDGE('',*,*,#1997,.F.);
#2713=ORIENTED_EDGE('',*,*,#1674,.T.);
#2714=ORIENTED_EDGE('',*,*,#1998,.T.);
#2715=ORIENTED_EDGE('',*,*,#1880,.T.);
#2716=ORIENTED_EDGE('',*,*,#1999,.T.);
#2717=ORIENTED_EDGE('',*,*,#1877,.T.);
#2718=ORIENTED_EDGE('',*,*,#1998,.F.);
#2719=ORIENTED_EDGE('',*,*,#1677,.T.);
#2720=ORIENTED_EDGE('',*,*,#1997,.T.);
#2721=ORIENTED_EDGE('',*,*,#1675,.T.);
#2722=ORIENTED_EDGE('',*,*,#1999,.F.);
#2723=ORIENTED_EDGE('',*,*,#2000,.T.);
#2724=ORIENTED_EDGE('',*,*,#1995,.F.);
#2725=ORIENTED_EDGE('',*,*,#1871,.F.);
#2726=ORIENTED_EDGE('',*,*,#2001,.F.);
#2727=ORIENTED_EDGE('',*,*,#2000,.F.);
#2728=ORIENTED_EDGE('',*,*,#1879,.T.);
#2729=ORIENTED_EDGE('',*,*,#1658,.T.);
#2730=ORIENTED_EDGE('',*,*,#2002,.T.);
#2731=ORIENTED_EDGE('',*,*,#2003,.T.);
#2732=ORIENTED_EDGE('',*,*,#2004,.T.);
#2733=ORIENTED_EDGE('',*,*,#1661,.T.);
#2734=ORIENTED_EDGE('',*,*,#2005,.T.);
#2735=ORIENTED_EDGE('',*,*,#2006,.T.);
#2736=ORIENTED_EDGE('',*,*,#2002,.F.);
#2737=ORIENTED_EDGE('',*,*,#1660,.T.);
#2738=ORIENTED_EDGE('',*,*,#2007,.T.);
#2739=ORIENTED_EDGE('',*,*,#1893,.T.);
#2740=ORIENTED_EDGE('',*,*,#2005,.F.);
#2741=ORIENTED_EDGE('',*,*,#1890,.T.);
#2742=ORIENTED_EDGE('',*,*,#2007,.F.);
#2743=ORIENTED_EDGE('',*,*,#1659,.T.);
#2744=ORIENTED_EDGE('',*,*,#2004,.F.);
#2745=ORIENTED_EDGE('',*,*,#1882,.F.);
#2746=ORIENTED_EDGE('',*,*,#1891,.F.);
#2747=ORIENTED_EDGE('',*,*,#2003,.F.);
#2748=ORIENTED_EDGE('',*,*,#2008,.T.);
#2749=ORIENTED_EDGE('',*,*,#1672,.T.);
#2750=ORIENTED_EDGE('',*,*,#2009,.T.);
#2751=ORIENTED_EDGE('',*,*,#2010,.T.);
#2752=ORIENTED_EDGE('',*,*,#2011,.F.);
#2753=ORIENTED_EDGE('',*,*,#1670,.T.);
#2754=ORIENTED_EDGE('',*,*,#2012,.T.);
#2755=ORIENTED_EDGE('',*,*,#1906,.T.);
#2756=ORIENTED_EDGE('',*,*,#2013,.T.);
#2757=ORIENTED_EDGE('',*,*,#1903,.T.);
#2758=ORIENTED_EDGE('',*,*,#2012,.F.);
#2759=ORIENTED_EDGE('',*,*,#1673,.T.);
#2760=ORIENTED_EDGE('',*,*,#2011,.T.);
#2761=ORIENTED_EDGE('',*,*,#1671,.T.);
#2762=ORIENTED_EDGE('',*,*,#2013,.F.);
#2763=ORIENTED_EDGE('',*,*,#2014,.T.);
#2764=ORIENTED_EDGE('',*,*,#2009,.F.);
#2765=ORIENTED_EDGE('',*,*,#1901,.F.);
#2766=ORIENTED_EDGE('',*,*,#2015,.F.);
#2767=ORIENTED_EDGE('',*,*,#2014,.F.);
#2768=ORIENTED_EDGE('',*,*,#1905,.T.);
#2769=ORIENTED_EDGE('',*,*,#1937,.T.);
#2770=ORIENTED_EDGE('',*,*,#1939,.F.);
#2771=ORIENTED_EDGE('',*,*,#1727,.T.);
#2772=ORIENTED_EDGE('',*,*,#1945,.F.);
#2773=ORIENTED_EDGE('',*,*,#2016,.T.);
#2774=ORIENTED_EDGE('',*,*,#2017,.T.);
#2775=ORIENTED_EDGE('',*,*,#2018,.T.);
#2776=ORIENTED_EDGE('',*,*,#1669,.T.);
#2777=ORIENTED_EDGE('',*,*,#1927,.F.);
#2778=ORIENTED_EDGE('',*,*,#2019,.F.);
#2779=ORIENTED_EDGE('',*,*,#2017,.F.);
#2780=ORIENTED_EDGE('',*,*,#1931,.T.);
#2781=ORIENTED_EDGE('',*,*,#1662,.T.);
#2782=ORIENTED_EDGE('',*,*,#2020,.T.);
#2783=ORIENTED_EDGE('',*,*,#1919,.T.);
#2784=ORIENTED_EDGE('',*,*,#2021,.T.);
#2785=ORIENTED_EDGE('',*,*,#1665,.T.);
#2786=ORIENTED_EDGE('',*,*,#2022,.T.);
#2787=ORIENTED_EDGE('',*,*,#1916,.T.);
#2788=ORIENTED_EDGE('',*,*,#2020,.F.);
#2789=ORIENTED_EDGE('',*,*,#1664,.T.);
#2790=ORIENTED_EDGE('',*,*,#2023,.T.);
#2791=ORIENTED_EDGE('',*,*,#2024,.T.);
#2792=ORIENTED_EDGE('',*,*,#2022,.F.);
#2793=ORIENTED_EDGE('',*,*,#2025,.T.);
#2794=ORIENTED_EDGE('',*,*,#2023,.F.);
#2795=ORIENTED_EDGE('',*,*,#1663,.T.);
#2796=ORIENTED_EDGE('',*,*,#2021,.F.);
#2797=ORIENTED_EDGE('',*,*,#1910,.F.);
#2798=ORIENTED_EDGE('',*,*,#2026,.F.);
#2799=ORIENTED_EDGE('',*,*,#2025,.F.);
#2800=ORIENTED_EDGE('',*,*,#1918,.T.);
#2801=ORIENTED_EDGE('',*,*,#2027,.T.);
#2802=ORIENTED_EDGE('',*,*,#1933,.F.);
#2803=ORIENTED_EDGE('',*,*,#1692,.T.);
#2804=ORIENTED_EDGE('',*,*,#2028,.T.);
#2805=ORIENTED_EDGE('',*,*,#1691,.T.);
#2806=ORIENTED_EDGE('',*,*,#2029,.T.);
#2807=ORIENTED_EDGE('',*,*,#2030,.T.);
#2808=ORIENTED_EDGE('',*,*,#2028,.F.);
#2809=ORIENTED_EDGE('',*,*,#1690,.T.);
#2810=ORIENTED_EDGE('',*,*,#1935,.F.);
#2811=ORIENTED_EDGE('',*,*,#2031,.T.);
#2812=ORIENTED_EDGE('',*,*,#2029,.F.);
#2813=ORIENTED_EDGE('',*,*,#1940,.F.);
#2814=ORIENTED_EDGE('',*,*,#1936,.F.);
#2815=ORIENTED_EDGE('',*,*,#2027,.F.);
#2816=ORIENTED_EDGE('',*,*,#2032,.T.);
#2817=ORIENTED_EDGE('',*,*,#1942,.F.);
#2818=ORIENTED_EDGE('',*,*,#2032,.F.);
#2819=ORIENTED_EDGE('',*,*,#2030,.F.);
#2820=ORIENTED_EDGE('',*,*,#2033,.T.);
#2821=ORIENTED_EDGE('',*,*,#1944,.F.);
#2822=ORIENTED_EDGE('',*,*,#2033,.F.);
#2823=ORIENTED_EDGE('',*,*,#2031,.F.);
#2824=ORIENTED_EDGE('',*,*,#1938,.T.);
#2825=ORIENTED_EDGE('',*,*,#2034,.T.);
#2826=ORIENTED_EDGE('',*,*,#1929,.T.);
#2827=ORIENTED_EDGE('',*,*,#2035,.T.);
#2828=ORIENTED_EDGE('',*,*,#1667,.T.);
#2829=ORIENTED_EDGE('',*,*,#2036,.T.);
#2830=ORIENTED_EDGE('',*,*,#2034,.F.);
#2831=ORIENTED_EDGE('',*,*,#1666,.T.);
#2832=ORIENTED_EDGE('',*,*,#2018,.F.);
#2833=ORIENTED_EDGE('',*,*,#1925,.F.);
#2834=ORIENTED_EDGE('',*,*,#1930,.F.);
#2835=ORIENTED_EDGE('',*,*,#2036,.F.);
#2836=ORIENTED_EDGE('',*,*,#2019,.T.);
#2837=ORIENTED_EDGE('',*,*,#1932,.T.);
#2838=ORIENTED_EDGE('',*,*,#2016,.F.);
#2839=ORIENTED_EDGE('',*,*,#1668,.T.);
#2840=ORIENTED_EDGE('',*,*,#2035,.F.);
#2841=ORIENTED_EDGE('',*,*,#1808,.F.);
#2842=ORIENTED_EDGE('',*,*,#1813,.F.);
#2843=ORIENTED_EDGE('',*,*,#1961,.F.);
#2844=ORIENTED_EDGE('',*,*,#1966,.T.);
#2845=ORIENTED_EDGE('',*,*,#1862,.F.);
#2846=ORIENTED_EDGE('',*,*,#1865,.F.);
#2847=ORIENTED_EDGE('',*,*,#1991,.F.);
#2848=ORIENTED_EDGE('',*,*,#1994,.T.);
#2849=ORIENTED_EDGE('',*,*,#1914,.F.);
#2850=ORIENTED_EDGE('',*,*,#1917,.F.);
#2851=ORIENTED_EDGE('',*,*,#2024,.F.);
#2852=ORIENTED_EDGE('',*,*,#2026,.T.);
#2853=ORIENTED_EDGE('',*,*,#1875,.F.);
#2854=ORIENTED_EDGE('',*,*,#1878,.F.);
#2855=ORIENTED_EDGE('',*,*,#1996,.F.);
#2856=ORIENTED_EDGE('',*,*,#2001,.T.);
#2857=ORIENTED_EDGE('',*,*,#1821,.F.);
#2858=ORIENTED_EDGE('',*,*,#1826,.F.);
#2859=ORIENTED_EDGE('',*,*,#1968,.F.);
#2860=ORIENTED_EDGE('',*,*,#1973,.T.);
#2861=ORIENTED_EDGE('',*,*,#1795,.F.);
#2862=ORIENTED_EDGE('',*,*,#1800,.F.);
#2863=ORIENTED_EDGE('',*,*,#1947,.F.);
#2864=ORIENTED_EDGE('',*,*,#1952,.T.);
#2865=ORIENTED_EDGE('',*,*,#1849,.F.);
#2866=ORIENTED_EDGE('',*,*,#1852,.F.);
#2867=ORIENTED_EDGE('',*,*,#1982,.F.);
#2868=ORIENTED_EDGE('',*,*,#1987,.T.);
#2869=ORIENTED_EDGE('',*,*,#1899,.F.);
#2870=ORIENTED_EDGE('',*,*,#1904,.F.);
#2871=ORIENTED_EDGE('',*,*,#2010,.F.);
#2872=ORIENTED_EDGE('',*,*,#2015,.T.);
#2873=ORIENTED_EDGE('',*,*,#1888,.F.);
#2874=ORIENTED_EDGE('',*,*,#2008,.F.);
#2875=ORIENTED_EDGE('',*,*,#2006,.F.);
#2876=ORIENTED_EDGE('',*,*,#1892,.T.);
#2877=ORIENTED_EDGE('',*,*,#1836,.F.);
#2878=ORIENTED_EDGE('',*,*,#1839,.F.);
#2879=ORIENTED_EDGE('',*,*,#1975,.F.);
#2880=ORIENTED_EDGE('',*,*,#1980,.T.);
#2881=ORIENTED_EDGE('',*,*,#1782,.F.);
#2882=ORIENTED_EDGE('',*,*,#1787,.F.);
#2883=ORIENTED_EDGE('',*,*,#1954,.F.);
#2884=ORIENTED_EDGE('',*,*,#1959,.T.);
#2885=ORIENTED_EDGE('',*,*,#2037,.F.);
#2886=ORIENTED_EDGE('',*,*,#2038,.T.);
#2887=ORIENTED_EDGE('',*,*,#2039,.F.);
#2888=ORIENTED_EDGE('',*,*,#2040,.F.);
#2889=ORIENTED_EDGE('',*,*,#2038,.F.);
#2890=ORIENTED_EDGE('',*,*,#2041,.F.);
#2891=ORIENTED_EDGE('',*,*,#2042,.F.);
#2892=ORIENTED_EDGE('',*,*,#2043,.T.);
#2893=ORIENTED_EDGE('',*,*,#2044,.F.);
#2894=ORIENTED_EDGE('',*,*,#2043,.F.);
#2895=ORIENTED_EDGE('',*,*,#2045,.F.);
#2896=ORIENTED_EDGE('',*,*,#2046,.F.);
#2897=ORIENTED_EDGE('',*,*,#2047,.T.);
#2898=ORIENTED_EDGE('',*,*,#2048,.F.);
#2899=ORIENTED_EDGE('',*,*,#2047,.F.);
#2900=ORIENTED_EDGE('',*,*,#2049,.F.);
#2901=ORIENTED_EDGE('',*,*,#2050,.T.);
#2902=ORIENTED_EDGE('',*,*,#2051,.F.);
#2903=ORIENTED_EDGE('',*,*,#2052,.F.);
#2904=ORIENTED_EDGE('',*,*,#2050,.F.);
#2905=ORIENTED_EDGE('',*,*,#2053,.T.);
#2906=ORIENTED_EDGE('',*,*,#2054,.T.);
#2907=ORIENTED_EDGE('',*,*,#1742,.T.);
#2908=ORIENTED_EDGE('',*,*,#2055,.T.);
#2909=ORIENTED_EDGE('',*,*,#2041,.T.);
#2910=ORIENTED_EDGE('',*,*,#2042,.T.);
#2911=ORIENTED_EDGE('',*,*,#2053,.F.);
#2912=ORIENTED_EDGE('',*,*,#2056,.T.);
#2913=ORIENTED_EDGE('',*,*,#2057,.T.);
#2914=ORIENTED_EDGE('',*,*,#2058,.T.);
#2915=ORIENTED_EDGE('',*,*,#2059,.T.);
#2916=ORIENTED_EDGE('',*,*,#2055,.F.);
#2917=ORIENTED_EDGE('',*,*,#1741,.F.);
#2918=ORIENTED_EDGE('',*,*,#2060,.T.);
#2919=ORIENTED_EDGE('',*,*,#2056,.F.);
#2920=ORIENTED_EDGE('',*,*,#2061,.T.);
#2921=ORIENTED_EDGE('',*,*,#2062,.T.);
#2922=ORIENTED_EDGE('',*,*,#1750,.T.);
#2923=ORIENTED_EDGE('',*,*,#2063,.T.);
#2924=ORIENTED_EDGE('',*,*,#2039,.T.);
#2925=ORIENTED_EDGE('',*,*,#2040,.T.);
#2926=ORIENTED_EDGE('',*,*,#2063,.F.);
#2927=ORIENTED_EDGE('',*,*,#1749,.F.);
#2928=ORIENTED_EDGE('',*,*,#2064,.T.);
#2929=ORIENTED_EDGE('',*,*,#2065,.F.);
#2930=ORIENTED_EDGE('',*,*,#2066,.T.);
#2931=ORIENTED_EDGE('',*,*,#2067,.T.);
#2932=ORIENTED_EDGE('',*,*,#1739,.T.);
#2933=ORIENTED_EDGE('',*,*,#2068,.T.);
#2934=ORIENTED_EDGE('',*,*,#2051,.T.);
#2935=ORIENTED_EDGE('',*,*,#2052,.T.);
#2936=ORIENTED_EDGE('',*,*,#2066,.F.);
#2937=ORIENTED_EDGE('',*,*,#2069,.T.);
#2938=ORIENTED_EDGE('',*,*,#2070,.T.);
#2939=ORIENTED_EDGE('',*,*,#2071,.T.);
#2940=ORIENTED_EDGE('',*,*,#2072,.T.);
#2941=ORIENTED_EDGE('',*,*,#2068,.F.);
#2942=ORIENTED_EDGE('',*,*,#1738,.F.);
#2943=ORIENTED_EDGE('',*,*,#2073,.T.);
#2944=ORIENTED_EDGE('',*,*,#2069,.F.);
#2945=ORIENTED_EDGE('',*,*,#2074,.T.);
#2946=ORIENTED_EDGE('',*,*,#2075,.T.);
#2947=ORIENTED_EDGE('',*,*,#1733,.T.);
#2948=ORIENTED_EDGE('',*,*,#2076,.T.);
#2949=ORIENTED_EDGE('',*,*,#2045,.T.);
#2950=ORIENTED_EDGE('',*,*,#2046,.T.);
#2951=ORIENTED_EDGE('',*,*,#2074,.F.);
#2952=ORIENTED_EDGE('',*,*,#2077,.T.);
#2953=ORIENTED_EDGE('',*,*,#2078,.T.);
#2954=ORIENTED_EDGE('',*,*,#2079,.T.);
#2955=ORIENTED_EDGE('',*,*,#2080,.T.);
#2956=ORIENTED_EDGE('',*,*,#2076,.F.);
#2957=ORIENTED_EDGE('',*,*,#1732,.F.);
#2958=ORIENTED_EDGE('',*,*,#2081,.T.);
#2959=ORIENTED_EDGE('',*,*,#2077,.F.);
#2960=ORIENTED_EDGE('',*,*,#2062,.F.);
#2961=ORIENTED_EDGE('',*,*,#2082,.F.);
#2962=ORIENTED_EDGE('',*,*,#2083,.F.);
#2963=ORIENTED_EDGE('',*,*,#1746,.F.);
#2964=ORIENTED_EDGE('',*,*,#1747,.F.);
#2965=ORIENTED_EDGE('',*,*,#2083,.T.);
#2966=ORIENTED_EDGE('',*,*,#2084,.F.);
#2967=ORIENTED_EDGE('',*,*,#2085,.F.);
#2968=ORIENTED_EDGE('',*,*,#2037,.T.);
#2969=ORIENTED_EDGE('',*,*,#1748,.F.);
#2970=ORIENTED_EDGE('',*,*,#2085,.T.);
#2971=ORIENTED_EDGE('',*,*,#2086,.F.);
#2972=ORIENTED_EDGE('',*,*,#2064,.F.);
#2973=ORIENTED_EDGE('',*,*,#2061,.F.);
#2974=ORIENTED_EDGE('',*,*,#2065,.T.);
#2975=ORIENTED_EDGE('',*,*,#2086,.T.);
#2976=ORIENTED_EDGE('',*,*,#2084,.T.);
#2977=ORIENTED_EDGE('',*,*,#2082,.T.);
#2978=ORIENTED_EDGE('',*,*,#2054,.F.);
#2979=ORIENTED_EDGE('',*,*,#2059,.F.);
#2980=ORIENTED_EDGE('',*,*,#2087,.F.);
#2981=ORIENTED_EDGE('',*,*,#1743,.F.);
#2982=ORIENTED_EDGE('',*,*,#1744,.F.);
#2983=ORIENTED_EDGE('',*,*,#2087,.T.);
#2984=ORIENTED_EDGE('',*,*,#2058,.F.);
#2985=ORIENTED_EDGE('',*,*,#2088,.F.);
#2986=ORIENTED_EDGE('',*,*,#1745,.F.);
#2987=ORIENTED_EDGE('',*,*,#2088,.T.);
#2988=ORIENTED_EDGE('',*,*,#2057,.F.);
#2989=ORIENTED_EDGE('',*,*,#2060,.F.);
#2990=ORIENTED_EDGE('',*,*,#2044,.T.);
#2991=ORIENTED_EDGE('',*,*,#1736,.F.);
#2992=ORIENTED_EDGE('',*,*,#2089,.T.);
#2993=ORIENTED_EDGE('',*,*,#2071,.F.);
#2994=ORIENTED_EDGE('',*,*,#2090,.F.);
#2995=ORIENTED_EDGE('',*,*,#1737,.F.);
#2996=ORIENTED_EDGE('',*,*,#2090,.T.);
#2997=ORIENTED_EDGE('',*,*,#2070,.F.);
#2998=ORIENTED_EDGE('',*,*,#2073,.F.);
#2999=ORIENTED_EDGE('',*,*,#2049,.T.);
#3000=ORIENTED_EDGE('',*,*,#2067,.F.);
#3001=ORIENTED_EDGE('',*,*,#2072,.F.);
#3002=ORIENTED_EDGE('',*,*,#2089,.F.);
#3003=ORIENTED_EDGE('',*,*,#1740,.F.);
#3004=ORIENTED_EDGE('',*,*,#1731,.F.);
#3005=ORIENTED_EDGE('',*,*,#2091,.T.);
#3006=ORIENTED_EDGE('',*,*,#2078,.F.);
#3007=ORIENTED_EDGE('',*,*,#2081,.F.);
#3008=ORIENTED_EDGE('',*,*,#2075,.F.);
#3009=ORIENTED_EDGE('',*,*,#2080,.F.);
#3010=ORIENTED_EDGE('',*,*,#2092,.F.);
#3011=ORIENTED_EDGE('',*,*,#1734,.F.);
#3012=ORIENTED_EDGE('',*,*,#1735,.F.);
#3013=ORIENTED_EDGE('',*,*,#2092,.T.);
#3014=ORIENTED_EDGE('',*,*,#2079,.F.);
#3015=ORIENTED_EDGE('',*,*,#2091,.F.);
#3016=ORIENTED_EDGE('',*,*,#2048,.T.);
#3017=ORIENTED_EDGE('',*,*,#1632,.F.);
#3018=ORIENTED_EDGE('',*,*,#1702,.F.);
#3019=ORIENTED_EDGE('',*,*,#1694,.F.);
#3020=ORIENTED_EDGE('',*,*,#1636,.F.);
#3021=CYLINDRICAL_SURFACE('',#3333,3.);
#3022=CYLINDRICAL_SURFACE('',#3341,3.);
#3023=CYLINDRICAL_SURFACE('',#3351,3.);
#3024=CYLINDRICAL_SURFACE('',#3353,3.);
#3025=CYLINDRICAL_SURFACE('',#3354,0.5);
#3026=CYLINDRICAL_SURFACE('',#3357,0.5);
#3027=CYLINDRICAL_SURFACE('',#3359,0.5);
#3028=CYLINDRICAL_SURFACE('',#3361,0.5);
#3029=CYLINDRICAL_SURFACE('',#3364,0.5);
#3030=CYLINDRICAL_SURFACE('',#3367,0.5);
#3031=CYLINDRICAL_SURFACE('',#3369,0.5);
#3032=CYLINDRICAL_SURFACE('',#3371,0.5);
#3033=CYLINDRICAL_SURFACE('',#3374,0.5);
#3034=CYLINDRICAL_SURFACE('',#3377,0.5);
#3035=CYLINDRICAL_SURFACE('',#3379,0.5);
#3036=CYLINDRICAL_SURFACE('',#3381,0.5);
#3037=CYLINDRICAL_SURFACE('',#3384,0.5);
#3038=CYLINDRICAL_SURFACE('',#3387,0.5);
#3039=CYLINDRICAL_SURFACE('',#3389,0.5);
#3040=CYLINDRICAL_SURFACE('',#3391,0.5);
#3041=CYLINDRICAL_SURFACE('',#3394,0.5);
#3042=CYLINDRICAL_SURFACE('',#3397,0.5);
#3043=CYLINDRICAL_SURFACE('',#3399,0.5);
#3044=CYLINDRICAL_SURFACE('',#3401,0.5);
#3045=CYLINDRICAL_SURFACE('',#3404,0.5);
#3046=CYLINDRICAL_SURFACE('',#3407,0.5);
#3047=CYLINDRICAL_SURFACE('',#3409,0.5);
#3048=CYLINDRICAL_SURFACE('',#3411,0.5);
#3049=CYLINDRICAL_SURFACE('',#3414,0.5);
#3050=CYLINDRICAL_SURFACE('',#3417,0.5);
#3051=CYLINDRICAL_SURFACE('',#3419,0.5);
#3052=CYLINDRICAL_SURFACE('',#3421,0.5);
#3053=CYLINDRICAL_SURFACE('',#3424,0.5);
#3054=CYLINDRICAL_SURFACE('',#3427,0.5);
#3055=CYLINDRICAL_SURFACE('',#3429,0.5);
#3056=CYLINDRICAL_SURFACE('',#3431,0.5);
#3057=CYLINDRICAL_SURFACE('',#3434,0.5);
#3058=CYLINDRICAL_SURFACE('',#3437,0.5);
#3059=CYLINDRICAL_SURFACE('',#3440,0.5);
#3060=CYLINDRICAL_SURFACE('',#3441,0.5);
#3061=CYLINDRICAL_SURFACE('',#3444,0.5);
#3062=CYLINDRICAL_SURFACE('',#3447,0.5);
#3063=CYLINDRICAL_SURFACE('',#3449,0.5);
#3064=CYLINDRICAL_SURFACE('',#3451,0.5);
#3065=CYLINDRICAL_SURFACE('',#3454,0.5);
#3066=CYLINDRICAL_SURFACE('',#3457,0.5);
#3067=CYLINDRICAL_SURFACE('',#3459,0.5);
#3068=CYLINDRICAL_SURFACE('',#3461,0.5);
#3069=CYLINDRICAL_SURFACE('',#3464,0.5);
#3070=CYLINDRICAL_SURFACE('',#3467,0.5);
#3071=CYLINDRICAL_SURFACE('',#3469,0.5);
#3072=CYLINDRICAL_SURFACE('',#3471,0.5);
#3073=CYLINDRICAL_SURFACE('',#3474,0.5);
#3074=CYLINDRICAL_SURFACE('',#3478,0.5);
#3075=CYLINDRICAL_SURFACE('',#3481,0.5);
#3076=CYLINDRICAL_SURFACE('',#3483,0.5);
#3077=CYLINDRICAL_SURFACE('',#3485,0.5);
#3078=CYLINDRICAL_SURFACE('',#3488,0.5);
#3079=CYLINDRICAL_SURFACE('',#3491,0.5);
#3080=CYLINDRICAL_SURFACE('',#3492,0.5);
#3081=CYLINDRICAL_SURFACE('',#3494,0.5);
#3082=CYLINDRICAL_SURFACE('',#3497,0.5);
#3083=CYLINDRICAL_SURFACE('',#3500,0.5);
#3084=CYLINDRICAL_SURFACE('',#3501,0.5);
#3085=CYLINDRICAL_SURFACE('',#3503,0.5);
#3086=CYLINDRICAL_SURFACE('',#3506,0.5);
#3087=CYLINDRICAL_SURFACE('',#3509,0.5);
#3088=CYLINDRICAL_SURFACE('',#3510,0.5);
#3089=CYLINDRICAL_SURFACE('',#3512,0.5);
#3090=CYLINDRICAL_SURFACE('',#3515,0.5);
#3091=CYLINDRICAL_SURFACE('',#3518,0.5);
#3092=CYLINDRICAL_SURFACE('',#3519,0.5);
#3093=CYLINDRICAL_SURFACE('',#3521,0.5);
#3094=CYLINDRICAL_SURFACE('',#3524,0.5);
#3095=CYLINDRICAL_SURFACE('',#3527,0.5);
#3096=CYLINDRICAL_SURFACE('',#3528,0.5);
#3097=CYLINDRICAL_SURFACE('',#3530,0.5);
#3098=CYLINDRICAL_SURFACE('',#3533,0.5);
#3099=CYLINDRICAL_SURFACE('',#3536,0.5);
#3100=CYLINDRICAL_SURFACE('',#3537,0.5);
#3101=CYLINDRICAL_SURFACE('',#3539,0.5);
#3102=CYLINDRICAL_SURFACE('',#3542,0.5);
#3103=CYLINDRICAL_SURFACE('',#3544,0.5);
#3104=CYLINDRICAL_SURFACE('',#3546,0.5);
#3105=CYLINDRICAL_SURFACE('',#3548,0.5);
#3106=CYLINDRICAL_SURFACE('',#3551,0.5);
#3107=CYLINDRICAL_SURFACE('',#3554,0.5);
#3108=CYLINDRICAL_SURFACE('',#3555,0.5);
#3109=CYLINDRICAL_SURFACE('',#3557,0.5);
#3110=CYLINDRICAL_SURFACE('',#3560,0.5);
#3111=CYLINDRICAL_SURFACE('',#3562,0.5);
#3112=CYLINDRICAL_SURFACE('',#3564,0.5);
#3113=CYLINDRICAL_SURFACE('',#3566,0.5);
#3114=CYLINDRICAL_SURFACE('',#3569,0.5);
#3115=CYLINDRICAL_SURFACE('',#3572,0.5);
#3116=CYLINDRICAL_SURFACE('',#3573,0.5);
#3117=CYLINDRICAL_SURFACE('',#3575,0.5);
#3118=CYLINDRICAL_SURFACE('',#3576,0.5);
#3119=CYLINDRICAL_SURFACE('',#3580,0.5);
#3120=CYLINDRICAL_SURFACE('',#3583,0.5);
#3121=CYLINDRICAL_SURFACE('',#3585,0.5);
#3122=CYLINDRICAL_SURFACE('',#3587,0.5);
#3123=CYLINDRICAL_SURFACE('',#3589,0.5);
#3124=CYLINDRICAL_SURFACE('',#3591,0.5);
#3125=CYLINDRICAL_SURFACE('',#3593,0.5);
#3126=CYLINDRICAL_SURFACE('',#3597,0.5);
#3127=CYLINDRICAL_SURFACE('',#3600,0.5);
#3128=CYLINDRICAL_SURFACE('',#3602,0.5);
#3129=CYLINDRICAL_SURFACE('',#3614,1.425);
#3130=CYLINDRICAL_SURFACE('',#3616,1.425);
#3131=CYLINDRICAL_SURFACE('',#3618,1.425);
#3132=CYLINDRICAL_SURFACE('',#3620,1.425);
#3133=CYLINDRICAL_SURFACE('',#3622,8.);
#3134=CYLINDRICAL_SURFACE('',#3626,8.);
#3135=CYLINDRICAL_SURFACE('',#3629,8.);
#3136=CYLINDRICAL_SURFACE('',#3633,8.);
#3137=ADVANCED_FACE('',(#243),#3021,.T.);
#3138=ADVANCED_FACE('',(#244),#165,.T.);
#3139=ADVANCED_FACE('',(#245,#127,#128,#129,#130,#131,#132,#133,#134,#135,
#136,#137,#138,#139),#166,.T.);
#3140=ADVANCED_FACE('',(#246),#3022,.T.);
#3141=ADVANCED_FACE('',(#247),#167,.T.);
#3142=ADVANCED_FACE('',(#248,#140,#141,#142,#143,#144,#145,#146,#147,#148,
#149,#150,#151,#152,#153,#154,#155,#156),#168,.F.);
#3143=ADVANCED_FACE('',(#249),#3023,.T.);
#3144=ADVANCED_FACE('',(#250),#169,.T.);
#3145=ADVANCED_FACE('',(#251),#3024,.T.);
#3146=ADVANCED_FACE('',(#252),#3025,.T.);
#3147=ADVANCED_FACE('',(#253),#3026,.T.);
#3148=ADVANCED_FACE('',(#254),#3027,.T.);
#3149=ADVANCED_FACE('',(#255),#3028,.T.);
#3150=ADVANCED_FACE('',(#256),#170,.F.);
#3151=ADVANCED_FACE('',(#257),#171,.F.);
#3152=ADVANCED_FACE('',(#258),#3029,.T.);
#3153=ADVANCED_FACE('',(#259),#3030,.T.);
#3154=ADVANCED_FACE('',(#260),#3031,.T.);
#3155=ADVANCED_FACE('',(#261),#3032,.T.);
#3156=ADVANCED_FACE('',(#262),#172,.F.);
#3157=ADVANCED_FACE('',(#263),#173,.F.);
#3158=ADVANCED_FACE('',(#264),#3033,.T.);
#3159=ADVANCED_FACE('',(#265),#3034,.T.);
#3160=ADVANCED_FACE('',(#266),#3035,.T.);
#3161=ADVANCED_FACE('',(#267),#3036,.T.);
#3162=ADVANCED_FACE('',(#268),#174,.F.);
#3163=ADVANCED_FACE('',(#269),#175,.F.);
#3164=ADVANCED_FACE('',(#270),#3037,.T.);
#3165=ADVANCED_FACE('',(#271),#3038,.T.);
#3166=ADVANCED_FACE('',(#272),#3039,.T.);
#3167=ADVANCED_FACE('',(#273),#3040,.T.);
#3168=ADVANCED_FACE('',(#274),#176,.F.);
#3169=ADVANCED_FACE('',(#275),#177,.F.);
#3170=ADVANCED_FACE('',(#276),#3041,.T.);
#3171=ADVANCED_FACE('',(#277),#3042,.T.);
#3172=ADVANCED_FACE('',(#278),#3043,.T.);
#3173=ADVANCED_FACE('',(#279),#3044,.T.);
#3174=ADVANCED_FACE('',(#280),#178,.F.);
#3175=ADVANCED_FACE('',(#281),#179,.F.);
#3176=ADVANCED_FACE('',(#282),#3045,.T.);
#3177=ADVANCED_FACE('',(#283),#3046,.T.);
#3178=ADVANCED_FACE('',(#284),#3047,.T.);
#3179=ADVANCED_FACE('',(#285),#3048,.T.);
#3180=ADVANCED_FACE('',(#286),#180,.F.);
#3181=ADVANCED_FACE('',(#287),#181,.F.);
#3182=ADVANCED_FACE('',(#288),#3049,.T.);
#3183=ADVANCED_FACE('',(#289),#3050,.T.);
#3184=ADVANCED_FACE('',(#290),#3051,.T.);
#3185=ADVANCED_FACE('',(#291),#3052,.T.);
#3186=ADVANCED_FACE('',(#292),#182,.F.);
#3187=ADVANCED_FACE('',(#293),#183,.F.);
#3188=ADVANCED_FACE('',(#294),#3053,.T.);
#3189=ADVANCED_FACE('',(#295),#3054,.T.);
#3190=ADVANCED_FACE('',(#296),#3055,.T.);
#3191=ADVANCED_FACE('',(#297),#3056,.T.);
#3192=ADVANCED_FACE('',(#298),#184,.F.);
#3193=ADVANCED_FACE('',(#299),#185,.F.);
#3194=ADVANCED_FACE('',(#300),#3057,.T.);
#3195=ADVANCED_FACE('',(#301),#3058,.T.);
#3196=ADVANCED_FACE('',(#302),#3059,.T.);
#3197=ADVANCED_FACE('',(#303),#3060,.T.);
#3198=ADVANCED_FACE('',(#304),#186,.F.);
#3199=ADVANCED_FACE('',(#305),#187,.F.);
#3200=ADVANCED_FACE('',(#306),#3061,.T.);
#3201=ADVANCED_FACE('',(#307),#3062,.T.);
#3202=ADVANCED_FACE('',(#308),#3063,.T.);
#3203=ADVANCED_FACE('',(#309),#3064,.T.);
#3204=ADVANCED_FACE('',(#310),#188,.F.);
#3205=ADVANCED_FACE('',(#311),#189,.F.);
#3206=ADVANCED_FACE('',(#312),#3065,.T.);
#3207=ADVANCED_FACE('',(#313),#3066,.T.);
#3208=ADVANCED_FACE('',(#314),#3067,.T.);
#3209=ADVANCED_FACE('',(#315),#3068,.T.);
#3210=ADVANCED_FACE('',(#316),#190,.F.);
#3211=ADVANCED_FACE('',(#317),#191,.F.);
#3212=ADVANCED_FACE('',(#318),#3069,.T.);
#3213=ADVANCED_FACE('',(#319),#3070,.T.);
#3214=ADVANCED_FACE('',(#320),#3071,.T.);
#3215=ADVANCED_FACE('',(#321),#3072,.T.);
#3216=ADVANCED_FACE('',(#322),#192,.F.);
#3217=ADVANCED_FACE('',(#323),#193,.F.);
#3218=ADVANCED_FACE('',(#324),#3073,.T.);
#3219=ADVANCED_FACE('',(#325),#194,.F.);
#3220=ADVANCED_FACE('',(#326),#3074,.T.);
#3221=ADVANCED_FACE('',(#327),#3075,.T.);
#3222=ADVANCED_FACE('',(#328),#3076,.T.);
#3223=ADVANCED_FACE('',(#329),#3077,.T.);
#3224=ADVANCED_FACE('',(#330),#3078,.T.);
#3225=ADVANCED_FACE('',(#331),#3079,.T.);
#3226=ADVANCED_FACE('',(#332),#3080,.T.);
#3227=ADVANCED_FACE('',(#333),#195,.F.);
#3228=ADVANCED_FACE('',(#334),#3081,.T.);
#3229=ADVANCED_FACE('',(#335),#3082,.T.);
#3230=ADVANCED_FACE('',(#336),#3083,.T.);
#3231=ADVANCED_FACE('',(#337),#3084,.T.);
#3232=ADVANCED_FACE('',(#338),#196,.F.);
#3233=ADVANCED_FACE('',(#339),#3085,.T.);
#3234=ADVANCED_FACE('',(#340),#3086,.T.);
#3235=ADVANCED_FACE('',(#341),#3087,.T.);
#3236=ADVANCED_FACE('',(#342),#3088,.T.);
#3237=ADVANCED_FACE('',(#343),#197,.F.);
#3238=ADVANCED_FACE('',(#344),#3089,.T.);
#3239=ADVANCED_FACE('',(#345),#3090,.T.);
#3240=ADVANCED_FACE('',(#346),#3091,.T.);
#3241=ADVANCED_FACE('',(#347),#3092,.T.);
#3242=ADVANCED_FACE('',(#348),#198,.F.);
#3243=ADVANCED_FACE('',(#349),#3093,.T.);
#3244=ADVANCED_FACE('',(#350),#3094,.T.);
#3245=ADVANCED_FACE('',(#351),#3095,.T.);
#3246=ADVANCED_FACE('',(#352),#3096,.T.);
#3247=ADVANCED_FACE('',(#353),#199,.F.);
#3248=ADVANCED_FACE('',(#354),#3097,.T.);
#3249=ADVANCED_FACE('',(#355),#3098,.T.);
#3250=ADVANCED_FACE('',(#356),#3099,.T.);
#3251=ADVANCED_FACE('',(#357),#3100,.T.);
#3252=ADVANCED_FACE('',(#358),#200,.F.);
#3253=ADVANCED_FACE('',(#359),#3101,.T.);
#3254=ADVANCED_FACE('',(#360),#3102,.T.);
#3255=ADVANCED_FACE('',(#361),#3103,.T.);
#3256=ADVANCED_FACE('',(#362),#3104,.T.);
#3257=ADVANCED_FACE('',(#363),#201,.F.);
#3258=ADVANCED_FACE('',(#364),#3105,.T.);
#3259=ADVANCED_FACE('',(#365),#3106,.T.);
#3260=ADVANCED_FACE('',(#366),#3107,.T.);
#3261=ADVANCED_FACE('',(#367),#3108,.T.);
#3262=ADVANCED_FACE('',(#368),#202,.F.);
#3263=ADVANCED_FACE('',(#369),#3109,.T.);
#3264=ADVANCED_FACE('',(#370),#3110,.T.);
#3265=ADVANCED_FACE('',(#371),#3111,.T.);
#3266=ADVANCED_FACE('',(#372),#3112,.T.);
#3267=ADVANCED_FACE('',(#373),#203,.F.);
#3268=ADVANCED_FACE('',(#374),#3113,.T.);
#3269=ADVANCED_FACE('',(#375),#3114,.T.);
#3270=ADVANCED_FACE('',(#376),#3115,.T.);
#3271=ADVANCED_FACE('',(#377),#3116,.T.);
#3272=ADVANCED_FACE('',(#378),#204,.F.);
#3273=ADVANCED_FACE('',(#379),#3117,.T.);
#3274=ADVANCED_FACE('',(#380),#3118,.T.);
#3275=ADVANCED_FACE('',(#381),#205,.F.);
#3276=ADVANCED_FACE('',(#382),#3119,.T.);
#3277=ADVANCED_FACE('',(#383),#3120,.T.);
#3278=ADVANCED_FACE('',(#384),#3121,.T.);
#3279=ADVANCED_FACE('',(#385),#3122,.T.);
#3280=ADVANCED_FACE('',(#386),#206,.F.);
#3281=ADVANCED_FACE('',(#387),#3123,.T.);
#3282=ADVANCED_FACE('',(#388),#3124,.T.);
#3283=ADVANCED_FACE('',(#389),#3125,.T.);
#3284=ADVANCED_FACE('',(#390),#207,.F.);
#3285=ADVANCED_FACE('',(#391),#208,.F.);
#3286=ADVANCED_FACE('',(#392),#209,.F.);
#3287=ADVANCED_FACE('',(#393),#3126,.T.);
#3288=ADVANCED_FACE('',(#394),#3127,.T.);
#3289=ADVANCED_FACE('',(#395),#210,.F.);
#3290=ADVANCED_FACE('',(#396),#3128,.T.);
#3291=ADVANCED_FACE('',(#397),#211,.F.);
#3292=ADVANCED_FACE('',(#398),#212,.F.);
#3293=ADVANCED_FACE('',(#399),#213,.F.);
#3294=ADVANCED_FACE('',(#400),#214,.F.);
#3295=ADVANCED_FACE('',(#401),#215,.F.);
#3296=ADVANCED_FACE('',(#402),#216,.F.);
#3297=ADVANCED_FACE('',(#403),#217,.F.);
#3298=ADVANCED_FACE('',(#404),#218,.F.);
#3299=ADVANCED_FACE('',(#405),#219,.F.);
#3300=ADVANCED_FACE('',(#406),#220,.F.);
#3301=ADVANCED_FACE('',(#407),#221,.F.);
#3302=ADVANCED_FACE('',(#408),#3129,.F.);
#3303=ADVANCED_FACE('',(#409),#3130,.F.);
#3304=ADVANCED_FACE('',(#410),#3131,.F.);
#3305=ADVANCED_FACE('',(#411),#3132,.F.);
#3306=ADVANCED_FACE('',(#412,#157),#3133,.T.);
#3307=ADVANCED_FACE('',(#413),#222,.T.);
#3308=ADVANCED_FACE('',(#414),#223,.T.);
#3309=ADVANCED_FACE('',(#415,#158),#3134,.T.);
#3310=ADVANCED_FACE('',(#416),#224,.T.);
#3311=ADVANCED_FACE('',(#417,#159),#3135,.T.);
#3312=ADVANCED_FACE('',(#418),#225,.T.);
#3313=ADVANCED_FACE('',(#419),#226,.T.);
#3314=ADVANCED_FACE('',(#420,#160),#3136,.T.);
#3315=ADVANCED_FACE('',(#421),#227,.T.);
#3316=ADVANCED_FACE('',(#422),#228,.T.);
#3317=ADVANCED_FACE('',(#423),#229,.T.);
#3318=ADVANCED_FACE('',(#424,#161),#230,.T.);
#3319=ADVANCED_FACE('',(#425),#231,.T.);
#3320=ADVANCED_FACE('',(#426),#232,.T.);
#3321=ADVANCED_FACE('',(#427),#233,.T.);
#3322=ADVANCED_FACE('',(#428),#234,.T.);
#3323=ADVANCED_FACE('',(#429,#162),#235,.T.);
#3324=ADVANCED_FACE('',(#430),#236,.T.);
#3325=ADVANCED_FACE('',(#431,#163),#237,.T.);
#3326=ADVANCED_FACE('',(#432),#238,.T.);
#3327=ADVANCED_FACE('',(#433),#239,.T.);
#3328=ADVANCED_FACE('',(#434),#240,.T.);
#3329=ADVANCED_FACE('',(#435,#164),#241,.T.);
#3330=ADVANCED_FACE('',(#436),#242,.T.);
#3331=CLOSED_SHELL('',(#3137,#3138,#3139,#3140,#3141,#3142,#3143,#3144,
#3145,#3146,#3147,#3148,#3149,#3150,#3151,#3152,#3153,#3154,#3155,#3156,
#3157,#3158,#3159,#3160,#3161,#3162,#3163,#3164,#3165,#3166,#3167,#3168,
#3169,#3170,#3171,#3172,#3173,#3174,#3175,#3176,#3177,#3178,#3179,#3180,
#3181,#3182,#3183,#3184,#3185,#3186,#3187,#3188,#3189,#3190,#3191,#3192,
#3193,#3194,#3195,#3196,#3197,#3198,#3199,#3200,#3201,#3202,#3203,#3204,
#3205,#3206,#3207,#3208,#3209,#3210,#3211,#3212,#3213,#3214,#3215,#3216,
#3217,#3218,#3219,#3220,#3221,#3222,#3223,#3224,#3225,#3226,#3227,#3228,
#3229,#3230,#3231,#3232,#3233,#3234,#3235,#3236,#3237,#3238,#3239,#3240,
#3241,#3242,#3243,#3244,#3245,#3246,#3247,#3248,#3249,#3250,#3251,#3252,
#3253,#3254,#3255,#3256,#3257,#3258,#3259,#3260,#3261,#3262,#3263,#3264,
#3265,#3266,#3267,#3268,#3269,#3270,#3271,#3272,#3273,#3274,#3275,#3276,
#3277,#3278,#3279,#3280,#3281,#3282,#3283,#3284,#3285,#3286,#3287,#3288,
#3289,#3290,#3291,#3292,#3293,#3294,#3295,#3296,#3297,#3298,#3299,#3300,
#3301,#3302,#3303,#3304,#3305,#3306,#3307,#3308,#3309,#3310,#3311,#3312,
#3313,#3314,#3315,#3316,#3317,#3318,#3319,#3320,#3321,#3322,#3323,#3324,
#3325,#3326,#3327,#3328,#3329,#3330));
#3332=AXIS2_PLACEMENT_3D('',#4621,#3651,#3652);
#3333=AXIS2_PLACEMENT_3D('',#4622,#3653,#3654);
#3334=AXIS2_PLACEMENT_3D('',#4625,#3655,#3656);
#3335=AXIS2_PLACEMENT_3D('',#4629,#3658,#3659);
#3336=AXIS2_PLACEMENT_3D('',#4631,#3661,#3662);
#3337=AXIS2_PLACEMENT_3D('',#4637,#3666,#3667);
#3338=AXIS2_PLACEMENT_3D('',#4641,#3669,#3670);
#3339=AXIS2_PLACEMENT_3D('',#4645,#3672,#3673);
#3340=AXIS2_PLACEMENT_3D('',#4648,#3675,#3676);
#3341=AXIS2_PLACEMENT_3D('',#4753,#3729,#3730);
#3342=AXIS2_PLACEMENT_3D('',#4757,#3732,#3733);
#3343=AXIS2_PLACEMENT_3D('',#4759,#3735,#3736);
#3344=AXIS2_PLACEMENT_3D('',#4763,#3739,#3740);
#3345=AXIS2_PLACEMENT_3D('',#4765,#3741,#3742);
#3346=AXIS2_PLACEMENT_3D('',#4768,#3744,#3745);
#3347=AXIS2_PLACEMENT_3D('',#4832,#3777,#3778);
#3348=AXIS2_PLACEMENT_3D('',#4844,#3784,#3785);
#3349=AXIS2_PLACEMENT_3D('',#4850,#3788,#3789);
#3350=AXIS2_PLACEMENT_3D('',#4865,#3797,#3798);
#3351=AXIS2_PLACEMENT_3D('',#4914,#3823,#3824);
#3352=AXIS2_PLACEMENT_3D('',#4916,#3826,#3827);
#3353=AXIS2_PLACEMENT_3D('',#4918,#3829,#3830);
#3354=AXIS2_PLACEMENT_3D('',#4919,#3831,#3832);
#3355=AXIS2_PLACEMENT_3D('',#4923,#3834,#3835);
#3356=AXIS2_PLACEMENT_3D('',#4924,#3836,#3837);
#3357=AXIS2_PLACEMENT_3D('',#4925,#3838,#3839);
#3358=AXIS2_PLACEMENT_3D('',#4928,#3841,#3842);
#3359=AXIS2_PLACEMENT_3D('',#4929,#3843,#3844);
#3360=AXIS2_PLACEMENT_3D('',#4932,#3846,#3847);
#3361=AXIS2_PLACEMENT_3D('',#4933,#3848,#3849);
#3362=AXIS2_PLACEMENT_3D('',#4935,#3851,#3852);
#3363=AXIS2_PLACEMENT_3D('',#4941,#3856,#3857);
#3364=AXIS2_PLACEMENT_3D('',#4945,#3860,#3861);
#3365=AXIS2_PLACEMENT_3D('',#4949,#3863,#3864);
#3366=AXIS2_PLACEMENT_3D('',#4950,#3865,#3866);
#3367=AXIS2_PLACEMENT_3D('',#4951,#3867,#3868);
#3368=AXIS2_PLACEMENT_3D('',#4954,#3870,#3871);
#3369=AXIS2_PLACEMENT_3D('',#4955,#3872,#3873);
#3370=AXIS2_PLACEMENT_3D('',#4958,#3875,#3876);
#3371=AXIS2_PLACEMENT_3D('',#4959,#3877,#3878);
#3372=AXIS2_PLACEMENT_3D('',#4961,#3880,#3881);
#3373=AXIS2_PLACEMENT_3D('',#4967,#3885,#3886);
#3374=AXIS2_PLACEMENT_3D('',#4971,#3889,#3890);
#3375=AXIS2_PLACEMENT_3D('',#4973,#3891,#3892);
#3376=AXIS2_PLACEMENT_3D('',#4976,#3894,#3895);
#3377=AXIS2_PLACEMENT_3D('',#4977,#3896,#3897);
#3378=AXIS2_PLACEMENT_3D('',#4980,#3899,#3900);
#3379=AXIS2_PLACEMENT_3D('',#4981,#3901,#3902);
#3380=AXIS2_PLACEMENT_3D('',#4984,#3904,#3905);
#3381=AXIS2_PLACEMENT_3D('',#4985,#3906,#3907);
#3382=AXIS2_PLACEMENT_3D('',#4987,#3909,#3910);
#3383=AXIS2_PLACEMENT_3D('',#4993,#3914,#3915);
#3384=AXIS2_PLACEMENT_3D('',#4997,#3918,#3919);
#3385=AXIS2_PLACEMENT_3D('',#5001,#3921,#3922);
#3386=AXIS2_PLACEMENT_3D('',#5002,#3923,#3924);
#3387=AXIS2_PLACEMENT_3D('',#5003,#3925,#3926);
#3388=AXIS2_PLACEMENT_3D('',#5006,#3928,#3929);
#3389=AXIS2_PLACEMENT_3D('',#5007,#3930,#3931);
#3390=AXIS2_PLACEMENT_3D('',#5010,#3933,#3934);
#3391=AXIS2_PLACEMENT_3D('',#5011,#3935,#3936);
#3392=AXIS2_PLACEMENT_3D('',#5013,#3938,#3939);
#3393=AXIS2_PLACEMENT_3D('',#5019,#3943,#3944);
#3394=AXIS2_PLACEMENT_3D('',#5023,#3947,#3948);
#3395=AXIS2_PLACEMENT_3D('',#5025,#3949,#3950);
#3396=AXIS2_PLACEMENT_3D('',#5028,#3952,#3953);
#3397=AXIS2_PLACEMENT_3D('',#5029,#3954,#3955);
#3398=AXIS2_PLACEMENT_3D('',#5032,#3957,#3958);
#3399=AXIS2_PLACEMENT_3D('',#5033,#3959,#3960);
#3400=AXIS2_PLACEMENT_3D('',#5036,#3962,#3963);
#3401=AXIS2_PLACEMENT_3D('',#5037,#3964,#3965);
#3402=AXIS2_PLACEMENT_3D('',#5039,#3967,#3968);
#3403=AXIS2_PLACEMENT_3D('',#5045,#3972,#3973);
#3404=AXIS2_PLACEMENT_3D('',#5049,#3976,#3977);
#3405=AXIS2_PLACEMENT_3D('',#5051,#3978,#3979);
#3406=AXIS2_PLACEMENT_3D('',#5054,#3981,#3982);
#3407=AXIS2_PLACEMENT_3D('',#5055,#3983,#3984);
#3408=AXIS2_PLACEMENT_3D('',#5058,#3986,#3987);
#3409=AXIS2_PLACEMENT_3D('',#5059,#3988,#3989);
#3410=AXIS2_PLACEMENT_3D('',#5062,#3991,#3992);
#3411=AXIS2_PLACEMENT_3D('',#5063,#3993,#3994);
#3412=AXIS2_PLACEMENT_3D('',#5065,#3996,#3997);
#3413=AXIS2_PLACEMENT_3D('',#5071,#4001,#4002);
#3414=AXIS2_PLACEMENT_3D('',#5075,#4005,#4006);
#3415=AXIS2_PLACEMENT_3D('',#5077,#4007,#4008);
#3416=AXIS2_PLACEMENT_3D('',#5080,#4010,#4011);
#3417=AXIS2_PLACEMENT_3D('',#5081,#4012,#4013);
#3418=AXIS2_PLACEMENT_3D('',#5084,#4015,#4016);
#3419=AXIS2_PLACEMENT_3D('',#5085,#4017,#4018);
#3420=AXIS2_PLACEMENT_3D('',#5088,#4020,#4021);
#3421=AXIS2_PLACEMENT_3D('',#5089,#4022,#4023);
#3422=AXIS2_PLACEMENT_3D('',#5091,#4025,#4026);
#3423=AXIS2_PLACEMENT_3D('',#5097,#4030,#4031);
#3424=AXIS2_PLACEMENT_3D('',#5101,#4034,#4035);
#3425=AXIS2_PLACEMENT_3D('',#5103,#4036,#4037);
#3426=AXIS2_PLACEMENT_3D('',#5106,#4039,#4040);
#3427=AXIS2_PLACEMENT_3D('',#5107,#4041,#4042);
#3428=AXIS2_PLACEMENT_3D('',#5110,#4044,#4045);
#3429=AXIS2_PLACEMENT_3D('',#5111,#4046,#4047);
#3430=AXIS2_PLACEMENT_3D('',#5114,#4049,#4050);
#3431=AXIS2_PLACEMENT_3D('',#5115,#4051,#4052);
#3432=AXIS2_PLACEMENT_3D('',#5117,#4054,#4055);
#3433=AXIS2_PLACEMENT_3D('',#5123,#4059,#4060);
#3434=AXIS2_PLACEMENT_3D('',#5127,#4063,#4064);
#3435=AXIS2_PLACEMENT_3D('',#5129,#4065,#4066);
#3436=AXIS2_PLACEMENT_3D('',#5132,#4068,#4069);
#3437=AXIS2_PLACEMENT_3D('',#5133,#4070,#4071);
#3438=AXIS2_PLACEMENT_3D('',#5137,#4073,#4074);
#3439=AXIS2_PLACEMENT_3D('',#5138,#4075,#4076);
#3440=AXIS2_PLACEMENT_3D('',#5139,#4077,#4078);
#3441=AXIS2_PLACEMENT_3D('',#5141,#4080,#4081);
#3442=AXIS2_PLACEMENT_3D('',#5143,#4083,#4084);
#3443=AXIS2_PLACEMENT_3D('',#5149,#4088,#4089);
#3444=AXIS2_PLACEMENT_3D('',#5153,#4092,#4093);
#3445=AXIS2_PLACEMENT_3D('',#5157,#4095,#4096);
#3446=AXIS2_PLACEMENT_3D('',#5158,#4097,#4098);
#3447=AXIS2_PLACEMENT_3D('',#5159,#4099,#4100);
#3448=AXIS2_PLACEMENT_3D('',#5162,#4102,#4103);
#3449=AXIS2_PLACEMENT_3D('',#5163,#4104,#4105);
#3450=AXIS2_PLACEMENT_3D('',#5166,#4107,#4108);
#3451=AXIS2_PLACEMENT_3D('',#5167,#4109,#4110);
#3452=AXIS2_PLACEMENT_3D('',#5169,#4112,#4113);
#3453=AXIS2_PLACEMENT_3D('',#5175,#4117,#4118);
#3454=AXIS2_PLACEMENT_3D('',#5179,#4121,#4122);
#3455=AXIS2_PLACEMENT_3D('',#5181,#4123,#4124);
#3456=AXIS2_PLACEMENT_3D('',#5184,#4126,#4127);
#3457=AXIS2_PLACEMENT_3D('',#5185,#4128,#4129);
#3458=AXIS2_PLACEMENT_3D('',#5188,#4131,#4132);
#3459=AXIS2_PLACEMENT_3D('',#5189,#4133,#4134);
#3460=AXIS2_PLACEMENT_3D('',#5192,#4136,#4137);
#3461=AXIS2_PLACEMENT_3D('',#5193,#4138,#4139);
#3462=AXIS2_PLACEMENT_3D('',#5195,#4141,#4142);
#3463=AXIS2_PLACEMENT_3D('',#5201,#4146,#4147);
#3464=AXIS2_PLACEMENT_3D('',#5205,#4150,#4151);
#3465=AXIS2_PLACEMENT_3D('',#5209,#4153,#4154);
#3466=AXIS2_PLACEMENT_3D('',#5210,#4155,#4156);
#3467=AXIS2_PLACEMENT_3D('',#5211,#4157,#4158);
#3468=AXIS2_PLACEMENT_3D('',#5214,#4160,#4161);
#3469=AXIS2_PLACEMENT_3D('',#5215,#4162,#4163);
#3470=AXIS2_PLACEMENT_3D('',#5218,#4165,#4166);
#3471=AXIS2_PLACEMENT_3D('',#5219,#4167,#4168);
#3472=AXIS2_PLACEMENT_3D('',#5221,#4170,#4171);
#3473=AXIS2_PLACEMENT_3D('',#5227,#4175,#4176);
#3474=AXIS2_PLACEMENT_3D('',#5231,#4179,#4180);
#3475=AXIS2_PLACEMENT_3D('',#5233,#4181,#4182);
#3476=AXIS2_PLACEMENT_3D('',#5236,#4184,#4185);
#3477=AXIS2_PLACEMENT_3D('',#5237,#4186,#4187);
#3478=AXIS2_PLACEMENT_3D('',#5243,#4191,#4192);
#3479=AXIS2_PLACEMENT_3D('',#5244,#4193,#4194);
#3480=AXIS2_PLACEMENT_3D('',#5247,#4196,#4197);
#3481=AXIS2_PLACEMENT_3D('',#5248,#4198,#4199);
#3482=AXIS2_PLACEMENT_3D('',#5251,#4201,#4202);
#3483=AXIS2_PLACEMENT_3D('',#5252,#4203,#4204);
#3484=AXIS2_PLACEMENT_3D('',#5254,#4206,#4207);
#3485=AXIS2_PLACEMENT_3D('',#5255,#4208,#4209);
#3486=AXIS2_PLACEMENT_3D('',#5257,#4210,#4211);
#3487=AXIS2_PLACEMENT_3D('',#5259,#4213,#4214);
#3488=AXIS2_PLACEMENT_3D('',#5260,#4215,#4216);
#3489=AXIS2_PLACEMENT_3D('',#5261,#4217,#4218);
#3490=AXIS2_PLACEMENT_3D('',#5262,#4219,#4220);
#3491=AXIS2_PLACEMENT_3D('',#5263,#4221,#4222);
#3492=AXIS2_PLACEMENT_3D('',#5264,#4223,#4224);
#3493=AXIS2_PLACEMENT_3D('',#5266,#4226,#4227);
#3494=AXIS2_PLACEMENT_3D('',#5268,#4229,#4230);
#3495=AXIS2_PLACEMENT_3D('',#5270,#4231,#4232);
#3496=AXIS2_PLACEMENT_3D('',#5272,#4234,#4235);
#3497=AXIS2_PLACEMENT_3D('',#5273,#4236,#4237);
#3498=AXIS2_PLACEMENT_3D('',#5274,#4238,#4239);
#3499=AXIS2_PLACEMENT_3D('',#5275,#4240,#4241);
#3500=AXIS2_PLACEMENT_3D('',#5276,#4242,#4243);
#3501=AXIS2_PLACEMENT_3D('',#5277,#4244,#4245);
#3502=AXIS2_PLACEMENT_3D('',#5279,#4247,#4248);
#3503=AXIS2_PLACEMENT_3D('',#5281,#4250,#4251);
#3504=AXIS2_PLACEMENT_3D('',#5283,#4252,#4253);
#3505=AXIS2_PLACEMENT_3D('',#5285,#4255,#4256);
#3506=AXIS2_PLACEMENT_3D('',#5286,#4257,#4258);
#3507=AXIS2_PLACEMENT_3D('',#5287,#4259,#4260);
#3508=AXIS2_PLACEMENT_3D('',#5288,#4261,#4262);
#3509=AXIS2_PLACEMENT_3D('',#5289,#4263,#4264);
#3510=AXIS2_PLACEMENT_3D('',#5290,#4265,#4266);
#3511=AXIS2_PLACEMENT_3D('',#5292,#4268,#4269);
#3512=AXIS2_PLACEMENT_3D('',#5294,#4271,#4272);
#3513=AXIS2_PLACEMENT_3D('',#5296,#4273,#4274);
#3514=AXIS2_PLACEMENT_3D('',#5298,#4276,#4277);
#3515=AXIS2_PLACEMENT_3D('',#5299,#4278,#4279);
#3516=AXIS2_PLACEMENT_3D('',#5300,#4280,#4281);
#3517=AXIS2_PLACEMENT_3D('',#5301,#4282,#4283);
#3518=AXIS2_PLACEMENT_3D('',#5302,#4284,#4285);
#3519=AXIS2_PLACEMENT_3D('',#5303,#4286,#4287);
#3520=AXIS2_PLACEMENT_3D('',#5305,#4289,#4290);
#3521=AXIS2_PLACEMENT_3D('',#5307,#4292,#4293);
#3522=AXIS2_PLACEMENT_3D('',#5309,#4294,#4295);
#3523=AXIS2_PLACEMENT_3D('',#5311,#4297,#4298);
#3524=AXIS2_PLACEMENT_3D('',#5312,#4299,#4300);
#3525=AXIS2_PLACEMENT_3D('',#5313,#4301,#4302);
#3526=AXIS2_PLACEMENT_3D('',#5314,#4303,#4304);
#3527=AXIS2_PLACEMENT_3D('',#5315,#4305,#4306);
#3528=AXIS2_PLACEMENT_3D('',#5316,#4307,#4308);
#3529=AXIS2_PLACEMENT_3D('',#5318,#4310,#4311);
#3530=AXIS2_PLACEMENT_3D('',#5320,#4313,#4314);
#3531=AXIS2_PLACEMENT_3D('',#5322,#4315,#4316);
#3532=AXIS2_PLACEMENT_3D('',#5324,#4318,#4319);
#3533=AXIS2_PLACEMENT_3D('',#5325,#4320,#4321);
#3534=AXIS2_PLACEMENT_3D('',#5326,#4322,#4323);
#3535=AXIS2_PLACEMENT_3D('',#5327,#4324,#4325);
#3536=AXIS2_PLACEMENT_3D('',#5328,#4326,#4327);
#3537=AXIS2_PLACEMENT_3D('',#5329,#4328,#4329);
#3538=AXIS2_PLACEMENT_3D('',#5331,#4331,#4332);
#3539=AXIS2_PLACEMENT_3D('',#5333,#4334,#4335);
#3540=AXIS2_PLACEMENT_3D('',#5334,#4336,#4337);
#3541=AXIS2_PLACEMENT_3D('',#5335,#4338,#4339);
#3542=AXIS2_PLACEMENT_3D('',#5336,#4340,#4341);
#3543=AXIS2_PLACEMENT_3D('',#5337,#4342,#4343);
#3544=AXIS2_PLACEMENT_3D('',#5338,#4344,#4345);
#3545=AXIS2_PLACEMENT_3D('',#5341,#4347,#4348);
#3546=AXIS2_PLACEMENT_3D('',#5342,#4349,#4350);
#3547=AXIS2_PLACEMENT_3D('',#5344,#4352,#4353);
#3548=AXIS2_PLACEMENT_3D('',#5346,#4355,#4356);
#3549=AXIS2_PLACEMENT_3D('',#5348,#4357,#4358);
#3550=AXIS2_PLACEMENT_3D('',#5350,#4360,#4361);
#3551=AXIS2_PLACEMENT_3D('',#5351,#4362,#4363);
#3552=AXIS2_PLACEMENT_3D('',#5352,#4364,#4365);
#3553=AXIS2_PLACEMENT_3D('',#5353,#4366,#4367);
#3554=AXIS2_PLACEMENT_3D('',#5354,#4368,#4369);
#3555=AXIS2_PLACEMENT_3D('',#5355,#4370,#4371);
#3556=AXIS2_PLACEMENT_3D('',#5357,#4373,#4374);
#3557=AXIS2_PLACEMENT_3D('',#5359,#4376,#4377);
#3558=AXIS2_PLACEMENT_3D('',#5361,#4378,#4379);
#3559=AXIS2_PLACEMENT_3D('',#5363,#4381,#4382);
#3560=AXIS2_PLACEMENT_3D('',#5364,#4383,#4384);
#3561=AXIS2_PLACEMENT_3D('',#5365,#4385,#4386);
#3562=AXIS2_PLACEMENT_3D('',#5367,#4388,#4389);
#3563=AXIS2_PLACEMENT_3D('',#5368,#4390,#4391);
#3564=AXIS2_PLACEMENT_3D('',#5369,#4392,#4393);
#3565=AXIS2_PLACEMENT_3D('',#5370,#4394,#4395);
#3566=AXIS2_PLACEMENT_3D('',#5372,#4397,#4398);
#3567=AXIS2_PLACEMENT_3D('',#5374,#4399,#4400);
#3568=AXIS2_PLACEMENT_3D('',#5376,#4402,#4403);
#3569=AXIS2_PLACEMENT_3D('',#5377,#4404,#4405);
#3570=AXIS2_PLACEMENT_3D('',#5378,#4406,#4407);
#3571=AXIS2_PLACEMENT_3D('',#5379,#4408,#4409);
#3572=AXIS2_PLACEMENT_3D('',#5380,#4410,#4411);
#3573=AXIS2_PLACEMENT_3D('',#5381,#4412,#4413);
#3574=AXIS2_PLACEMENT_3D('',#5383,#4415,#4416);
#3575=AXIS2_PLACEMENT_3D('',#5385,#4418,#4419);
#3576=AXIS2_PLACEMENT_3D('',#5386,#4420,#4421);
#3577=AXIS2_PLACEMENT_3D('',#5387,#4422,#4423);
#3578=AXIS2_PLACEMENT_3D('',#5390,#4425,#4426);
#3579=AXIS2_PLACEMENT_3D('',#5391,#4427,#4428);
#3580=AXIS2_PLACEMENT_3D('',#5393,#4430,#4431);
#3581=AXIS2_PLACEMENT_3D('',#5394,#4432,#4433);
#3582=AXIS2_PLACEMENT_3D('',#5395,#4434,#4435);
#3583=AXIS2_PLACEMENT_3D('',#5396,#4436,#4437);
#3584=AXIS2_PLACEMENT_3D('',#5397,#4438,#4439);
#3585=AXIS2_PLACEMENT_3D('',#5398,#4440,#4441);
#3586=AXIS2_PLACEMENT_3D('',#5400,#4442,#4443);
#3587=AXIS2_PLACEMENT_3D('',#5402,#4445,#4446);
#3588=AXIS2_PLACEMENT_3D('',#5404,#4448,#4449);
#3589=AXIS2_PLACEMENT_3D('',#5406,#4451,#4452);
#3590=AXIS2_PLACEMENT_3D('',#5409,#4454,#4455);
#3591=AXIS2_PLACEMENT_3D('',#5410,#4456,#4457);
#3592=AXIS2_PLACEMENT_3D('',#5412,#4458,#4459);
#3593=AXIS2_PLACEMENT_3D('',#5414,#4461,#4462);
#3594=AXIS2_PLACEMENT_3D('',#5416,#4464,#4465);
#3595=AXIS2_PLACEMENT_3D('',#5418,#4467,#4468);
#3596=AXIS2_PLACEMENT_3D('',#5420,#4470,#4471);
#3597=AXIS2_PLACEMENT_3D('',#5421,#4472,#4473);
#3598=AXIS2_PLACEMENT_3D('',#5422,#4474,#4475);
#3599=AXIS2_PLACEMENT_3D('',#5423,#4476,#4477);
#3600=AXIS2_PLACEMENT_3D('',#5424,#4478,#4479);
#3601=AXIS2_PLACEMENT_3D('',#5426,#4481,#4482);
#3602=AXIS2_PLACEMENT_3D('',#5427,#4483,#4484);
#3603=AXIS2_PLACEMENT_3D('',#5428,#4485,#4486);
#3604=AXIS2_PLACEMENT_3D('',#5429,#4487,#4488);
#3605=AXIS2_PLACEMENT_3D('',#5430,#4489,#4490);
#3606=AXIS2_PLACEMENT_3D('',#5431,#4491,#4492);
#3607=AXIS2_PLACEMENT_3D('',#5432,#4493,#4494);
#3608=AXIS2_PLACEMENT_3D('',#5433,#4495,#4496);
#3609=AXIS2_PLACEMENT_3D('',#5434,#4497,#4498);
#3610=AXIS2_PLACEMENT_3D('',#5435,#4499,#4500);
#3611=AXIS2_PLACEMENT_3D('',#5436,#4501,#4502);
#3612=AXIS2_PLACEMENT_3D('',#5437,#4503,#4504);
#3613=AXIS2_PLACEMENT_3D('',#5438,#4505,#4506);
#3614=AXIS2_PLACEMENT_3D('',#5439,#4507,#4508);
#3615=AXIS2_PLACEMENT_3D('',#5441,#4509,#4510);
#3616=AXIS2_PLACEMENT_3D('',#5481,#4512,#4513);
#3617=AXIS2_PLACEMENT_3D('',#5522,#4515,#4516);
#3618=AXIS2_PLACEMENT_3D('',#5523,#4517,#4518);
#3619=AXIS2_PLACEMENT_3D('',#5564,#4520,#4521);
#3620=AXIS2_PLACEMENT_3D('',#5565,#4522,#4523);
#3621=AXIS2_PLACEMENT_3D('',#5567,#4524,#4525);
#3622=AXIS2_PLACEMENT_3D('',#5607,#4527,#4528);
#3623=AXIS2_PLACEMENT_3D('',#5610,#4529,#4530);
#3624=AXIS2_PLACEMENT_3D('',#5613,#4533,#4534);
#3625=AXIS2_PLACEMENT_3D('',#5621,#4539,#4540);
#3626=AXIS2_PLACEMENT_3D('',#5623,#4542,#4543);
#3627=AXIS2_PLACEMENT_3D('',#5626,#4544,#4545);
#3628=AXIS2_PLACEMENT_3D('',#5629,#4548,#4549);
#3629=AXIS2_PLACEMENT_3D('',#5633,#4552,#4553);
#3630=AXIS2_PLACEMENT_3D('',#5636,#4554,#4555);
#3631=AXIS2_PLACEMENT_3D('',#5639,#4558,#4559);
#3632=AXIS2_PLACEMENT_3D('',#5647,#4564,#4565);
#3633=AXIS2_PLACEMENT_3D('',#5649,#4567,#4568);
#3634=AXIS2_PLACEMENT_3D('',#5652,#4569,#4570);
#3635=AXIS2_PLACEMENT_3D('',#5655,#4573,#4574);
#3636=AXIS2_PLACEMENT_3D('',#5663,#4579,#4580);
#3637=AXIS2_PLACEMENT_3D('',#5665,#4582,#4583);
#3638=AXIS2_PLACEMENT_3D('',#5669,#4586,#4587);
#3639=AXIS2_PLACEMENT_3D('',#5673,#4590,#4591);
#3640=AXIS2_PLACEMENT_3D('',#5675,#4593,#4594);
#3641=AXIS2_PLACEMENT_3D('',#5676,#4595,#4596);
#3642=AXIS2_PLACEMENT_3D('',#5678,#4598,#4599);
#3643=AXIS2_PLACEMENT_3D('',#5680,#4601,#4602);
#3644=AXIS2_PLACEMENT_3D('',#5681,#4603,#4604);
#3645=AXIS2_PLACEMENT_3D('',#5684,#4607,#4608);
#3646=AXIS2_PLACEMENT_3D('',#5685,#4609,#4610);
#3647=AXIS2_PLACEMENT_3D('',#5686,#4611,#4612);
#3648=AXIS2_PLACEMENT_3D('',#5688,#4614,#4615);
#3649=AXIS2_PLACEMENT_3D('',#5690,#4617,#4618);
#3650=AXIS2_PLACEMENT_3D('',#5691,#4619,#4620);
#3651=DIRECTION('axis',(0.,0.,1.));
#3652=DIRECTION('refdir',(1.,0.,0.));
#3653=DIRECTION('center_axis',(0.,0.,1.));
#3654=DIRECTION('ref_axis',(0.707106781186548,-0.707106781186548,0.));
#3655=DIRECTION('center_axis',(0.,0.,-1.));
#3656=DIRECTION('ref_axis',(0.707106781186548,-0.707106781186548,0.));
#3657=DIRECTION('',(0.,0.,-1.));
#3658=DIRECTION('center_axis',(0.,0.,1.));
#3659=DIRECTION('ref_axis',(0.707106781186548,-0.707106781186548,0.));
#3660=DIRECTION('',(0.,0.,1.));
#3661=DIRECTION('center_axis',(0.,-1.,0.));
#3662=DIRECTION('ref_axis',(1.,0.,0.));
#3663=DIRECTION('',(1.,0.,0.));
#3664=DIRECTION('',(0.,0.,1.));
#3665=DIRECTION('',(-1.,0.,0.));
#3666=DIRECTION('center_axis',(0.,0.,1.));
#3667=DIRECTION('ref_axis',(1.,0.,0.));
#3668=DIRECTION('',(0.,1.,0.));
#3669=DIRECTION('center_axis',(0.,0.,-1.));
#3670=DIRECTION('ref_axis',(0.707106781186548,0.707106781186548,0.));
#3671=DIRECTION('',(-1.,0.,0.));
#3672=DIRECTION('center_axis',(0.,0.,-1.));
#3673=DIRECTION('ref_axis',(-0.707106781186548,0.707106781186548,0.));
#3674=DIRECTION('',(0.,-1.,0.));
#3675=DIRECTION('center_axis',(0.,0.,-1.));
#3676=DIRECTION('ref_axis',(-0.707106781186548,-0.707106781186548,0.));
#3677=DIRECTION('',(1.,0.,0.));
#3678=DIRECTION('',(0.,-1.,0.));
#3679=DIRECTION('',(-1.,0.,0.));
#3680=DIRECTION('',(0.,1.,0.));
#3681=DIRECTION('',(1.,0.,0.));
#3682=DIRECTION('',(0.,-1.,0.));
#3683=DIRECTION('',(-1.,0.,0.));
#3684=DIRECTION('',(0.,1.,0.));
#3685=DIRECTION('',(1.,0.,0.));
#3686=DIRECTION('',(0.,-1.,0.));
#3687=DIRECTION('',(-1.,0.,0.));
#3688=DIRECTION('',(0.,1.,0.));
#3689=DIRECTION('',(1.,0.,0.));
#3690=DIRECTION('',(-7.40148683083438E-17,-1.,0.));
#3691=DIRECTION('',(-1.,0.,0.));
#3692=DIRECTION('',(0.,1.,0.));
#3693=DIRECTION('',(1.,0.,0.));
#3694=DIRECTION('',(0.,-1.,0.));
#3695=DIRECTION('',(-1.,0.,0.));
#3696=DIRECTION('',(0.,1.,0.));
#3697=DIRECTION('',(-1.,0.,0.));
#3698=DIRECTION('',(0.,1.,0.));
#3699=DIRECTION('',(1.,0.,0.));
#3700=DIRECTION('',(0.,-1.,0.));
#3701=DIRECTION('',(0.,1.,0.));
#3702=DIRECTION('',(1.,0.,0.));
#3703=DIRECTION('',(0.,-1.,0.));
#3704=DIRECTION('',(-1.,0.,0.));
#3705=DIRECTION('',(1.,0.,0.));
#3706=DIRECTION('',(0.,-1.,0.));
#3707=DIRECTION('',(-1.,0.,0.));
#3708=DIRECTION('',(0.,1.,0.));
#3709=DIRECTION('',(1.,0.,0.));
#3710=DIRECTION('',(0.,-1.,0.));
#3711=DIRECTION('',(-1.,0.,0.));
#3712=DIRECTION('',(0.,1.,0.));
#3713=DIRECTION('',(1.,0.,0.));
#3714=DIRECTION('',(0.,-1.,0.));
#3715=DIRECTION('',(-1.,0.,0.));
#3716=DIRECTION('',(0.,1.,0.));
#3717=DIRECTION('',(1.,0.,0.));
#3718=DIRECTION('',(0.,-1.,0.));
#3719=DIRECTION('',(-1.,0.,0.));
#3720=DIRECTION('',(0.,1.,0.));
#3721=DIRECTION('',(1.,0.,0.));
#3722=DIRECTION('',(0.,-1.,0.));
#3723=DIRECTION('',(-1.,0.,0.));
#3724=DIRECTION('',(0.,1.,0.));
#3725=DIRECTION('',(1.,0.,0.));
#3726=DIRECTION('',(0.,-1.,0.));
#3727=DIRECTION('',(-1.,0.,0.));
#3728=DIRECTION('',(0.,1.,0.));
#3729=DIRECTION('center_axis',(0.,0.,1.));
#3730=DIRECTION('ref_axis',(0.707106781186548,0.707106781186548,0.));
#3731=DIRECTION('',(0.,0.,-1.));
#3732=DIRECTION('center_axis',(0.,0.,1.));
#3733=DIRECTION('ref_axis',(0.707106781186548,0.707106781186548,0.));
#3734=DIRECTION('',(0.,0.,1.));
#3735=DIRECTION('center_axis',(0.,1.,0.));
#3736=DIRECTION('ref_axis',(-1.,0.,0.));
#3737=DIRECTION('',(1.,0.,0.));
#3738=DIRECTION('',(0.,0.,-1.));
#3739=DIRECTION('center_axis',(0.,0.,1.));
#3740=DIRECTION('ref_axis',(1.,0.,0.));
#3741=DIRECTION('center_axis',(0.,0.,1.));
#3742=DIRECTION('ref_axis',(-0.707106781186548,-0.707106781186548,0.));
#3743=DIRECTION('',(0.,1.,0.));
#3744=DIRECTION('center_axis',(0.,0.,1.));
#3745=DIRECTION('ref_axis',(-0.707106781186548,0.707106781186548,0.));
#3746=DIRECTION('',(0.,-1.,0.));
#3747=DIRECTION('',(-1.,0.,0.));
#3748=DIRECTION('',(0.,-1.,0.));
#3749=DIRECTION('',(1.,0.,0.));
#3750=DIRECTION('',(0.,1.,0.));
#3751=DIRECTION('',(-1.,0.,0.));
#3752=DIRECTION('',(0.,-1.,0.));
#3753=DIRECTION('',(1.,0.,0.));
#3754=DIRECTION('',(0.,1.,0.));
#3755=DIRECTION('',(-1.,0.,0.));
#3756=DIRECTION('',(0.,-1.,0.));
#3757=DIRECTION('',(1.,0.,0.));
#3758=DIRECTION('',(0.,1.,0.));
#3759=DIRECTION('',(-1.,0.,0.));
#3760=DIRECTION('',(0.,-1.,0.));
#3761=DIRECTION('',(1.,0.,0.));
#3762=DIRECTION('',(7.40148683083438E-17,1.,0.));
#3763=DIRECTION('',(1.,0.,0.));
#3764=DIRECTION('',(0.,1.,0.));
#3765=DIRECTION('',(-1.,0.,0.));
#3766=DIRECTION('',(0.,-1.,0.));
#3767=DIRECTION('',(1.,0.,0.));
#3768=DIRECTION('',(0.,1.,0.));
#3769=DIRECTION('',(-1.,0.,0.));
#3770=DIRECTION('',(0.,-1.,0.));
#3771=DIRECTION('',(0.,-1.,0.));
#3772=DIRECTION('',(1.,0.,0.));
#3773=DIRECTION('',(0.,1.,0.));
#3774=DIRECTION('',(-1.,0.,0.));
#3775=DIRECTION('',(0.,1.,0.));
#3776=DIRECTION('',(-1.,0.,0.));
#3777=DIRECTION('center_axis',(0.,0.,1.));
#3778=DIRECTION('ref_axis',(-0.707106781186548,0.707106781186548,0.));
#3779=DIRECTION('',(0.,-1.,0.));
#3780=DIRECTION('',(1.,0.,0.));
#3781=DIRECTION('',(0.,1.,0.));
#3782=DIRECTION('',(-1.,0.,0.));
#3783=DIRECTION('',(0.,-1.,0.));
#3784=DIRECTION('center_axis',(0.,0.,1.));
#3785=DIRECTION('ref_axis',(-0.707106781186548,-0.707106781186548,0.));
#3786=DIRECTION('',(1.,0.,0.));
#3787=DIRECTION('',(0.,1.,0.));
#3788=DIRECTION('center_axis',(0.,0.,1.));
#3789=DIRECTION('ref_axis',(0.707106781186548,0.707106781186548,0.));
#3790=DIRECTION('',(-1.,0.,0.));
#3791=DIRECTION('',(0.,-1.,0.));
#3792=DIRECTION('',(1.,0.,0.));
#3793=DIRECTION('',(0.,1.,0.));
#3794=DIRECTION('',(-1.,0.,0.));
#3795=DIRECTION('',(0.,-1.,0.));
#3796=DIRECTION('',(1.,0.,0.));
#3797=DIRECTION('center_axis',(0.,0.,1.));
#3798=DIRECTION('ref_axis',(0.707106781186548,-0.707106781186548,0.));
#3799=DIRECTION('',(0.,1.,0.));
#3800=DIRECTION('',(-1.,0.,0.));
#3801=DIRECTION('',(0.,-1.,0.));
#3802=DIRECTION('',(1.,0.,0.));
#3803=DIRECTION('',(-1.,0.,0.));
#3804=DIRECTION('',(0.,-1.,0.));
#3805=DIRECTION('',(1.,0.,0.));
#3806=DIRECTION('',(0.,1.,0.));
#3807=DIRECTION('',(-1.,0.,0.));
#3808=DIRECTION('',(0.,-1.,0.));
#3809=DIRECTION('',(1.,0.,0.));
#3810=DIRECTION('',(0.,1.,0.));
#3811=DIRECTION('',(-1.,0.,0.));
#3812=DIRECTION('',(0.,-1.,0.));
#3813=DIRECTION('',(1.,0.,0.));
#3814=DIRECTION('',(0.,1.,0.));
#3815=DIRECTION('',(-1.,0.,0.));
#3816=DIRECTION('',(0.,-1.,0.));
#3817=DIRECTION('',(1.,0.,0.));
#3818=DIRECTION('',(0.,1.,0.));
#3819=DIRECTION('',(-1.,0.,0.));
#3820=DIRECTION('',(0.,-1.,0.));
#3821=DIRECTION('',(1.,0.,0.));
#3822=DIRECTION('',(0.,1.,0.));
#3823=DIRECTION('center_axis',(0.,0.,1.));
#3824=DIRECTION('ref_axis',(-0.707106781186548,0.707106781186548,0.));
#3825=DIRECTION('',(0.,0.,1.));
#3826=DIRECTION('center_axis',(-1.,0.,0.));
#3827=DIRECTION('ref_axis',(0.,-1.,0.));
#3828=DIRECTION('',(0.,0.,-1.));
#3829=DIRECTION('center_axis',(0.,0.,1.));
#3830=DIRECTION('ref_axis',(-0.707106781186548,-0.707106781186548,0.));
#3831=DIRECTION('center_axis',(1.,0.,0.));
#3832=DIRECTION('ref_axis',(0.,0.707106781186548,-0.707106781186548));
#3833=DIRECTION('',(1.,0.,0.));
#3834=DIRECTION('center_axis',(-0.707106781186548,-0.707106781186548,0.));
#3835=DIRECTION('ref_axis',(-0.707106781186548,0.707106781186548,0.));
#3836=DIRECTION('center_axis',(0.707106781186548,-0.707106781186548,0.));
#3837=DIRECTION('ref_axis',(-0.707106781186548,-0.707106781186548,0.));
#3838=DIRECTION('center_axis',(0.,1.,0.));
#3839=DIRECTION('ref_axis',(-0.707106781186554,0.,-0.707106781186541));
#3840=DIRECTION('',(0.,1.,0.));
#3841=DIRECTION('center_axis',(0.707106781186548,-0.707106781186548,0.));
#3842=DIRECTION('ref_axis',(-0.707106781186548,-0.707106781186548,0.));
#3843=DIRECTION('center_axis',(-1.,0.,0.));
#3844=DIRECTION('ref_axis',(0.,-0.707106781186548,-0.707106781186548));
#3845=DIRECTION('',(-1.,0.,0.));
#3846=DIRECTION('center_axis',(0.707106781186548,0.707106781186548,0.));
#3847=DIRECTION('ref_axis',(0.707106781186548,-0.707106781186548,0.));
#3848=DIRECTION('center_axis',(0.,-1.,0.));
#3849=DIRECTION('ref_axis',(0.707106781186554,0.,-0.707106781186541));
#3850=DIRECTION('',(0.,-1.,0.));
#3851=DIRECTION('center_axis',(1.,0.,0.));
#3852=DIRECTION('ref_axis',(0.,-1.,0.));
#3853=DIRECTION('',(0.,0.,-1.));
#3854=DIRECTION('',(0.,-1.,0.));
#3855=DIRECTION('',(0.,0.,-1.));
#3856=DIRECTION('center_axis',(0.,-1.,0.));
#3857=DIRECTION('ref_axis',(-1.,0.,0.));
#3858=DIRECTION('',(0.,0.,-1.));
#3859=DIRECTION('',(-1.,0.,0.));
#3860=DIRECTION('center_axis',(1.,0.,0.));
#3861=DIRECTION('ref_axis',(0.,0.707106781186548,-0.707106781186548));
#3862=DIRECTION('',(1.,0.,0.));
#3863=DIRECTION('center_axis',(-0.707106781186548,-0.707106781186548,0.));
#3864=DIRECTION('ref_axis',(-0.707106781186548,0.707106781186548,0.));
#3865=DIRECTION('center_axis',(0.707106781186548,-0.707106781186548,0.));
#3866=DIRECTION('ref_axis',(-0.707106781186548,-0.707106781186548,0.));
#3867=DIRECTION('center_axis',(0.,1.,0.));
#3868=DIRECTION('ref_axis',(-0.707106781186548,0.,-0.707106781186548));
#3869=DIRECTION('',(0.,1.,0.));
#3870=DIRECTION('center_axis',(0.707106781186548,-0.707106781186548,0.));
#3871=DIRECTION('ref_axis',(-0.707106781186548,-0.707106781186548,0.));
#3872=DIRECTION('center_axis',(-1.,0.,0.));
#3873=DIRECTION('ref_axis',(0.,-0.707106781186548,-0.707106781186548));
#3874=DIRECTION('',(-1.,0.,0.));
#3875=DIRECTION('center_axis',(0.707106781186548,0.707106781186548,0.));
#3876=DIRECTION('ref_axis',(0.707106781186548,-0.707106781186548,0.));
#3877=DIRECTION('center_axis',(0.,-1.,0.));
#3878=DIRECTION('ref_axis',(0.707106781186548,0.,-0.707106781186548));
#3879=DIRECTION('',(0.,-1.,0.));
#3880=DIRECTION('center_axis',(1.,0.,0.));
#3881=DIRECTION('ref_axis',(0.,-1.,0.));
#3882=DIRECTION('',(0.,0.,-1.));
#3883=DIRECTION('',(0.,-1.,0.));
#3884=DIRECTION('',(0.,0.,-1.));
#3885=DIRECTION('center_axis',(0.,-1.,0.));
#3886=DIRECTION('ref_axis',(-1.,0.,0.));
#3887=DIRECTION('',(0.,0.,-1.));
#3888=DIRECTION('',(-1.,0.,0.));
#3889=DIRECTION('center_axis',(1.,0.,0.));
#3890=DIRECTION('ref_axis',(0.,0.707106781186548,-0.707106781186548));
#3891=DIRECTION('center_axis',(0.707106781186548,-0.707106781186548,0.));
#3892=DIRECTION('ref_axis',(-0.707106781186548,-0.707106781186548,0.));
#3893=DIRECTION('',(1.,0.,0.));
#3894=DIRECTION('center_axis',(-0.707106781186548,-0.707106781186548,0.));
#3895=DIRECTION('ref_axis',(-0.707106781186548,0.707106781186548,0.));
#3896=DIRECTION('center_axis',(0.,1.,0.));
#3897=DIRECTION('ref_axis',(-0.707106781186548,0.,-0.707106781186548));
#3898=DIRECTION('',(0.,1.,0.));
#3899=DIRECTION('center_axis',(0.707106781186548,-0.707106781186548,0.));
#3900=DIRECTION('ref_axis',(-0.707106781186548,-0.707106781186548,0.));
#3901=DIRECTION('center_axis',(-1.,0.,0.));
#3902=DIRECTION('ref_axis',(0.,-0.707106781186548,-0.707106781186548));
#3903=DIRECTION('',(-1.,0.,0.));
#3904=DIRECTION('center_axis',(0.707106781186548,0.707106781186548,0.));
#3905=DIRECTION('ref_axis',(0.707106781186548,-0.707106781186548,0.));
#3906=DIRECTION('center_axis',(0.,-1.,0.));
#3907=DIRECTION('ref_axis',(0.707106781186548,0.,-0.707106781186548));
#3908=DIRECTION('',(0.,-1.,0.));
#3909=DIRECTION('center_axis',(1.,0.,0.));
#3910=DIRECTION('ref_axis',(0.,-1.,0.));
#3911=DIRECTION('',(0.,0.,-1.));
#3912=DIRECTION('',(0.,-1.,0.));
#3913=DIRECTION('',(0.,0.,-1.));
#3914=DIRECTION('center_axis',(0.,-1.,0.));
#3915=DIRECTION('ref_axis',(-1.,0.,0.));
#3916=DIRECTION('',(0.,0.,-1.));
#3917=DIRECTION('',(-1.,0.,0.));
#3918=DIRECTION('center_axis',(1.,0.,0.));
#3919=DIRECTION('ref_axis',(0.,0.707106781186548,-0.707106781186548));
#3920=DIRECTION('',(1.,0.,0.));
#3921=DIRECTION('center_axis',(-0.707106781186548,-0.707106781186548,0.));
#3922=DIRECTION('ref_axis',(-0.707106781186548,0.707106781186548,0.));
#3923=DIRECTION('center_axis',(0.707106781186548,-0.707106781186548,0.));
#3924=DIRECTION('ref_axis',(-0.707106781186548,-0.707106781186548,0.));
#3925=DIRECTION('center_axis',(0.,1.,0.));
#3926=DIRECTION('ref_axis',(-0.707106781186548,0.,-0.707106781186548));
#3927=DIRECTION('',(0.,1.,0.));
#3928=DIRECTION('center_axis',(0.707106781186548,-0.707106781186548,0.));
#3929=DIRECTION('ref_axis',(-0.707106781186548,-0.707106781186548,0.));
#3930=DIRECTION('center_axis',(-1.,0.,0.));
#3931=DIRECTION('ref_axis',(0.,-0.707106781186548,-0.707106781186548));
#3932=DIRECTION('',(-1.,0.,0.));
#3933=DIRECTION('center_axis',(0.707106781186548,0.707106781186548,0.));
#3934=DIRECTION('ref_axis',(0.707106781186548,-0.707106781186548,0.));
#3935=DIRECTION('center_axis',(0.,-1.,0.));
#3936=DIRECTION('ref_axis',(0.707106781186548,0.,-0.707106781186548));
#3937=DIRECTION('',(0.,-1.,0.));
#3938=DIRECTION('center_axis',(1.,0.,0.));
#3939=DIRECTION('ref_axis',(0.,-1.,0.));
#3940=DIRECTION('',(0.,0.,-1.));
#3941=DIRECTION('',(0.,-1.,0.));
#3942=DIRECTION('',(0.,0.,-1.));
#3943=DIRECTION('center_axis',(0.,-1.,0.));
#3944=DIRECTION('ref_axis',(-1.,0.,0.));
#3945=DIRECTION('',(0.,0.,-1.));
#3946=DIRECTION('',(-1.,0.,0.));
#3947=DIRECTION('center_axis',(1.,0.,0.));
#3948=DIRECTION('ref_axis',(0.,0.707106781186548,-0.707106781186548));
#3949=DIRECTION('center_axis',(0.707106781186546,-0.707106781186549,0.));
#3950=DIRECTION('ref_axis',(-0.707106781186549,-0.707106781186546,0.));
#3951=DIRECTION('',(1.,0.,0.));
#3952=DIRECTION('center_axis',(-0.707106781186546,-0.707106781186549,0.));
#3953=DIRECTION('ref_axis',(-0.707106781186549,0.707106781186546,0.));
#3954=DIRECTION('center_axis',(0.,-1.,0.));
#3955=DIRECTION('ref_axis',(0.707106781186548,0.,-0.707106781186548));
#3956=DIRECTION('',(0.,-1.,0.));
#3957=DIRECTION('center_axis',(0.707106781186546,0.707106781186549,0.));
#3958=DIRECTION('ref_axis',(0.707106781186549,-0.707106781186546,0.));
#3959=DIRECTION('center_axis',(0.,1.,0.));
#3960=DIRECTION('ref_axis',(-0.707106781186551,0.,-0.707106781186544));
#3961=DIRECTION('',(0.,1.,0.));
#3962=DIRECTION('center_axis',(0.707106781186546,-0.707106781186549,0.));
#3963=DIRECTION('ref_axis',(-0.707106781186549,-0.707106781186546,0.));
#3964=DIRECTION('center_axis',(-1.,0.,0.));
#3965=DIRECTION('ref_axis',(0.,-0.707106781186548,-0.707106781186548));
#3966=DIRECTION('',(-1.,0.,0.));
#3967=DIRECTION('center_axis',(1.,0.,0.));
#3968=DIRECTION('ref_axis',(0.,-1.,0.));
#3969=DIRECTION('',(0.,0.,-1.));
#3970=DIRECTION('',(0.,-1.,0.));
#3971=DIRECTION('',(0.,0.,-1.));
#3972=DIRECTION('center_axis',(0.,-1.,0.));
#3973=DIRECTION('ref_axis',(-1.,0.,0.));
#3974=DIRECTION('',(0.,0.,-1.));
#3975=DIRECTION('',(-1.,0.,0.));
#3976=DIRECTION('center_axis',(1.,0.,0.));
#3977=DIRECTION('ref_axis',(0.,0.707106781186548,-0.707106781186548));
#3978=DIRECTION('center_axis',(0.707106781186546,-0.707106781186549,0.));
#3979=DIRECTION('ref_axis',(-0.707106781186549,-0.707106781186546,0.));
#3980=DIRECTION('',(1.,0.,0.));
#3981=DIRECTION('center_axis',(-0.707106781186546,-0.707106781186549,0.));
#3982=DIRECTION('ref_axis',(-0.707106781186549,0.707106781186546,0.));
#3983=DIRECTION('center_axis',(0.,-1.,0.));
#3984=DIRECTION('ref_axis',(0.707106781186549,0.,-0.707106781186546));
#3985=DIRECTION('',(0.,-1.,0.));
#3986=DIRECTION('center_axis',(0.707106781186546,0.707106781186549,0.));
#3987=DIRECTION('ref_axis',(0.707106781186549,-0.707106781186546,0.));
#3988=DIRECTION('center_axis',(0.,1.,0.));
#3989=DIRECTION('ref_axis',(-0.707106781186549,0.,-0.707106781186546));
#3990=DIRECTION('',(0.,1.,0.));
#3991=DIRECTION('center_axis',(0.707106781186546,-0.707106781186549,0.));
#3992=DIRECTION('ref_axis',(-0.707106781186549,-0.707106781186546,0.));
#3993=DIRECTION('center_axis',(-1.,0.,0.));
#3994=DIRECTION('ref_axis',(0.,-0.707106781186548,-0.707106781186548));
#3995=DIRECTION('',(-1.,0.,0.));
#3996=DIRECTION('center_axis',(1.,0.,0.));
#3997=DIRECTION('ref_axis',(0.,-1.,0.));
#3998=DIRECTION('',(0.,0.,-1.));
#3999=DIRECTION('',(0.,-1.,0.));
#4000=DIRECTION('',(0.,0.,-1.));
#4001=DIRECTION('center_axis',(0.,-1.,0.));
#4002=DIRECTION('ref_axis',(-1.,0.,0.));
#4003=DIRECTION('',(0.,0.,-1.));
#4004=DIRECTION('',(-1.,0.,0.));
#4005=DIRECTION('center_axis',(1.,0.,0.));
#4006=DIRECTION('ref_axis',(0.,0.707106781186548,-0.707106781186548));
#4007=DIRECTION('center_axis',(0.707106781186546,-0.707106781186549,0.));
#4008=DIRECTION('ref_axis',(-0.707106781186549,-0.707106781186546,0.));
#4009=DIRECTION('',(1.,0.,0.));
#4010=DIRECTION('center_axis',(-0.707106781186546,-0.707106781186549,0.));
#4011=DIRECTION('ref_axis',(-0.707106781186549,0.707106781186546,0.));
#4012=DIRECTION('center_axis',(-7.40148683083438E-17,-1.,0.));
#4013=DIRECTION('ref_axis',(0.707106781186549,0.,-0.707106781186546));
#4014=DIRECTION('',(-7.40148683083438E-17,-1.,0.));
#4015=DIRECTION('center_axis',(0.707106781186546,0.707106781186549,0.));
#4016=DIRECTION('ref_axis',(0.707106781186549,-0.707106781186546,0.));
#4017=DIRECTION('center_axis',(0.,1.,0.));
#4018=DIRECTION('ref_axis',(-0.707106781186549,0.,-0.707106781186546));
#4019=DIRECTION('',(0.,1.,0.));
#4020=DIRECTION('center_axis',(0.707106781186546,-0.707106781186549,0.));
#4021=DIRECTION('ref_axis',(-0.707106781186549,-0.707106781186546,0.));
#4022=DIRECTION('center_axis',(-1.,0.,0.));
#4023=DIRECTION('ref_axis',(0.,-0.707106781186548,-0.707106781186548));
#4024=DIRECTION('',(-1.,0.,0.));
#4025=DIRECTION('center_axis',(1.,0.,0.));
#4026=DIRECTION('ref_axis',(0.,-1.,0.));
#4027=DIRECTION('',(0.,0.,-1.));
#4028=DIRECTION('',(0.,-1.,0.));
#4029=DIRECTION('',(0.,0.,-1.));
#4030=DIRECTION('center_axis',(0.,-1.,0.));
#4031=DIRECTION('ref_axis',(-1.,0.,0.));
#4032=DIRECTION('',(0.,0.,-1.));
#4033=DIRECTION('',(-1.,0.,0.));
#4034=DIRECTION('center_axis',(1.,0.,0.));
#4035=DIRECTION('ref_axis',(0.,0.707106781186548,-0.707106781186548));
#4036=DIRECTION('center_axis',(0.707106781186546,-0.707106781186549,0.));
#4037=DIRECTION('ref_axis',(-0.707106781186549,-0.707106781186546,0.));
#4038=DIRECTION('',(1.,0.,0.));
#4039=DIRECTION('center_axis',(-0.707106781186545,-0.70710678118655,1.57009245868378E-15));
#4040=DIRECTION('ref_axis',(-0.70710678118655,0.707106781186545,-1.57009245868376E-15));
#4041=DIRECTION('center_axis',(0.,-1.,0.));
#4042=DIRECTION('ref_axis',(0.707106781186549,0.,-0.707106781186546));
#4043=DIRECTION('',(0.,-1.,0.));
#4044=DIRECTION('center_axis',(0.707106781186546,0.707106781186549,0.));
#4045=DIRECTION('ref_axis',(0.707106781186549,-0.707106781186546,0.));
#4046=DIRECTION('center_axis',(0.,1.,0.));
#4047=DIRECTION('ref_axis',(-0.707106781186549,0.,-0.707106781186546));
#4048=DIRECTION('',(0.,1.,0.));
#4049=DIRECTION('center_axis',(0.707106781186546,-0.707106781186549,1.57009245868378E-15));
#4050=DIRECTION('ref_axis',(-0.707106781186549,-0.707106781186546,-1.57009245868378E-15));
#4051=DIRECTION('center_axis',(-1.,0.,0.));
#4052=DIRECTION('ref_axis',(0.,-0.707106781186548,-0.707106781186548));
#4053=DIRECTION('',(-1.,0.,0.));
#4054=DIRECTION('center_axis',(1.,0.,0.));
#4055=DIRECTION('ref_axis',(0.,-1.,0.));
#4056=DIRECTION('',(0.,0.,-1.));
#4057=DIRECTION('',(0.,-1.,0.));
#4058=DIRECTION('',(0.,0.,-1.));
#4059=DIRECTION('center_axis',(0.,-1.,0.));
#4060=DIRECTION('ref_axis',(-1.,0.,0.));
#4061=DIRECTION('',(0.,0.,-1.));
#4062=DIRECTION('',(-1.,0.,0.));
#4063=DIRECTION('center_axis',(1.,0.,0.));
#4064=DIRECTION('ref_axis',(0.,0.707106781186548,-0.707106781186548));
#4065=DIRECTION('center_axis',(0.707106781186546,-0.707106781186549,0.));
#4066=DIRECTION('ref_axis',(-0.707106781186549,-0.707106781186546,0.));
#4067=DIRECTION('',(1.,0.,0.));
#4068=DIRECTION('center_axis',(-0.707106781186546,-0.707106781186549,0.));
#4069=DIRECTION('ref_axis',(-0.707106781186549,0.707106781186546,0.));
#4070=DIRECTION('center_axis',(-1.,0.,0.));
#4071=DIRECTION('ref_axis',(0.,-0.707106781186548,-0.707106781186548));
#4072=DIRECTION('',(-1.,0.,0.));
#4073=DIRECTION('center_axis',(0.707106781186546,0.707106781186549,0.));
#4074=DIRECTION('ref_axis',(0.707106781186549,-0.707106781186546,0.));
#4075=DIRECTION('center_axis',(0.707106781186546,-0.707106781186549,0.));
#4076=DIRECTION('ref_axis',(-0.707106781186549,-0.707106781186546,0.));
#4077=DIRECTION('center_axis',(0.,-1.,0.));
#4078=DIRECTION('ref_axis',(0.707106781186551,0.,-0.707106781186544));
#4079=DIRECTION('',(0.,-1.,0.));
#4080=DIRECTION('center_axis',(0.,1.,0.));
#4081=DIRECTION('ref_axis',(-0.707106781186551,0.,-0.707106781186544));
#4082=DIRECTION('',(0.,1.,0.));
#4083=DIRECTION('center_axis',(-1.,0.,0.));
#4084=DIRECTION('ref_axis',(0.,1.,0.));
#4085=DIRECTION('',(0.,0.,-1.));
#4086=DIRECTION('',(0.,1.,0.));
#4087=DIRECTION('',(0.,0.,-1.));
#4088=DIRECTION('center_axis',(0.,1.,0.));
#4089=DIRECTION('ref_axis',(1.,0.,0.));
#4090=DIRECTION('',(0.,0.,-1.));
#4091=DIRECTION('',(1.,0.,0.));
#4092=DIRECTION('center_axis',(1.,0.,0.));
#4093=DIRECTION('ref_axis',(0.,0.707106781186548,-0.707106781186548));
#4094=DIRECTION('',(1.,0.,0.));
#4095=DIRECTION('center_axis',(-0.707106781186548,-0.707106781186548,0.));
#4096=DIRECTION('ref_axis',(-0.707106781186548,0.707106781186548,0.));
#4097=DIRECTION('center_axis',(0.707106781186548,-0.707106781186548,0.));
#4098=DIRECTION('ref_axis',(-0.707106781186548,-0.707106781186548,0.));
#4099=DIRECTION('center_axis',(0.,1.,0.));
#4100=DIRECTION('ref_axis',(-0.707106781186548,0.,-0.707106781186548));
#4101=DIRECTION('',(0.,1.,0.));
#4102=DIRECTION('center_axis',(0.707106781186548,-0.707106781186548,0.));
#4103=DIRECTION('ref_axis',(-0.707106781186548,-0.707106781186548,0.));
#4104=DIRECTION('center_axis',(-1.,0.,0.));
#4105=DIRECTION('ref_axis',(0.,-0.707106781186548,-0.707106781186548));
#4106=DIRECTION('',(-1.,0.,0.));
#4107=DIRECTION('center_axis',(0.707106781186548,0.707106781186548,0.));
#4108=DIRECTION('ref_axis',(0.707106781186548,-0.707106781186548,0.));
#4109=DIRECTION('center_axis',(0.,-1.,0.));
#4110=DIRECTION('ref_axis',(0.707106781186548,0.,-0.707106781186548));
#4111=DIRECTION('',(0.,-1.,0.));
#4112=DIRECTION('center_axis',(1.,0.,0.));
#4113=DIRECTION('ref_axis',(0.,-1.,0.));
#4114=DIRECTION('',(0.,0.,-1.));
#4115=DIRECTION('',(0.,-1.,0.));
#4116=DIRECTION('',(0.,0.,-1.));
#4117=DIRECTION('center_axis',(0.,-1.,0.));
#4118=DIRECTION('ref_axis',(-1.,0.,0.));
#4119=DIRECTION('',(0.,0.,-1.));
#4120=DIRECTION('',(-1.,0.,0.));
#4121=DIRECTION('center_axis',(-1.,0.,0.));
#4122=DIRECTION('ref_axis',(0.,-0.707106781186548,-0.707106781186548));
#4123=DIRECTION('center_axis',(-0.707106781186548,0.707106781186548,0.));
#4124=DIRECTION('ref_axis',(0.707106781186548,0.707106781186548,0.));
#4125=DIRECTION('',(-1.,0.,0.));
#4126=DIRECTION('center_axis',(0.707106781186548,0.707106781186548,0.));
#4127=DIRECTION('ref_axis',(0.707106781186548,-0.707106781186548,0.));
#4128=DIRECTION('center_axis',(0.,1.,0.));
#4129=DIRECTION('ref_axis',(-0.707106781186548,0.,-0.707106781186548));
#4130=DIRECTION('',(0.,1.,0.));
#4131=DIRECTION('center_axis',(-0.707106781186548,-0.707106781186548,0.));
#4132=DIRECTION('ref_axis',(-0.707106781186548,0.707106781186548,0.));
#4133=DIRECTION('center_axis',(0.,-1.,0.));
#4134=DIRECTION('ref_axis',(0.707106781186548,0.,-0.707106781186548));
#4135=DIRECTION('',(0.,-1.,0.));
#4136=DIRECTION('center_axis',(-0.707106781186548,0.707106781186548,0.));
#4137=DIRECTION('ref_axis',(0.707106781186548,0.707106781186548,0.));
#4138=DIRECTION('center_axis',(1.,0.,0.));
#4139=DIRECTION('ref_axis',(0.,0.707106781186548,-0.707106781186548));
#4140=DIRECTION('',(1.,0.,0.));
#4141=DIRECTION('center_axis',(-1.,0.,0.));
#4142=DIRECTION('ref_axis',(0.,1.,0.));
#4143=DIRECTION('',(0.,0.,-1.));
#4144=DIRECTION('',(0.,1.,0.));
#4145=DIRECTION('',(0.,0.,-1.));
#4146=DIRECTION('center_axis',(0.,1.,0.));
#4147=DIRECTION('ref_axis',(1.,0.,0.));
#4148=DIRECTION('',(0.,0.,-1.));
#4149=DIRECTION('',(1.,0.,0.));
#4150=DIRECTION('center_axis',(0.,-1.,0.));
#4151=DIRECTION('ref_axis',(0.707106781186554,0.,-0.707106781186541));
#4152=DIRECTION('',(0.,-1.,0.));
#4153=DIRECTION('center_axis',(-0.707106781186548,0.707106781186548,0.));
#4154=DIRECTION('ref_axis',(0.707106781186548,0.707106781186548,0.));
#4155=DIRECTION('center_axis',(-0.707106781186548,-0.707106781186548,0.));
#4156=DIRECTION('ref_axis',(-0.707106781186548,0.707106781186548,0.));
#4157=DIRECTION('center_axis',(1.,0.,0.));
#4158=DIRECTION('ref_axis',(0.,0.707106781186548,-0.707106781186548));
#4159=DIRECTION('',(1.,0.,0.));
#4160=DIRECTION('center_axis',(-0.707106781186548,-0.707106781186548,0.));
#4161=DIRECTION('ref_axis',(-0.707106781186548,0.707106781186548,0.));
#4162=DIRECTION('center_axis',(0.,1.,0.));
#4163=DIRECTION('ref_axis',(-0.707106781186554,0.,-0.707106781186541));
#4164=DIRECTION('',(0.,1.,0.));
#4165=DIRECTION('center_axis',(0.707106781186548,-0.707106781186548,0.));
#4166=DIRECTION('ref_axis',(-0.707106781186548,-0.707106781186548,0.));
#4167=DIRECTION('center_axis',(-1.,0.,0.));
#4168=DIRECTION('ref_axis',(0.,-0.707106781186548,-0.707106781186548));
#4169=DIRECTION('',(-1.,0.,0.));
#4170=DIRECTION('center_axis',(0.,-1.,0.));
#4171=DIRECTION('ref_axis',(-1.,0.,0.));
#4172=DIRECTION('',(0.,0.,-1.));
#4173=DIRECTION('',(-1.,0.,0.));
#4174=DIRECTION('',(0.,0.,-1.));
#4175=DIRECTION('center_axis',(-1.,0.,0.));
#4176=DIRECTION('ref_axis',(0.,1.,0.));
#4177=DIRECTION('',(0.,0.,-1.));
#4178=DIRECTION('',(0.,1.,0.));
#4179=DIRECTION('center_axis',(0.,-1.,0.));
#4180=DIRECTION('ref_axis',(-0.707106781186548,0.,0.707106781186548));
#4181=DIRECTION('center_axis',(-0.707106781186541,0.707106781186554,0.));
#4182=DIRECTION('ref_axis',(-0.707106781186554,-0.707106781186541,0.));
#4183=DIRECTION('',(0.,-1.,0.));
#4184=DIRECTION('center_axis',(-0.707106781186548,-0.707106781186548,0.));
#4185=DIRECTION('ref_axis',(-0.707106781186548,0.707106781186548,0.));
#4186=DIRECTION('center_axis',(1.,0.,0.));
#4187=DIRECTION('ref_axis',(0.,-1.,0.));
#4188=DIRECTION('',(0.,0.,-1.));
#4189=DIRECTION('',(0.,1.,0.));
#4190=DIRECTION('',(0.,0.,-1.));
#4191=DIRECTION('center_axis',(-1.,0.,0.));
#4192=DIRECTION('ref_axis',(0.,-0.707106781186548,-0.707106781186548));
#4193=DIRECTION('center_axis',(0.707106781186548,-0.707106781186548,0.));
#4194=DIRECTION('ref_axis',(-0.707106781186548,-0.707106781186548,0.));
#4195=DIRECTION('',(-1.,0.,0.));
#4196=DIRECTION('center_axis',(0.707106781186548,0.707106781186548,0.));
#4197=DIRECTION('ref_axis',(0.707106781186548,-0.707106781186548,0.));
#4198=DIRECTION('center_axis',(0.,-1.,0.));
#4199=DIRECTION('ref_axis',(0.707106781186548,0.,-0.707106781186548));
#4200=DIRECTION('',(0.,-1.,0.));
#4201=DIRECTION('center_axis',(-0.707106781186548,0.707106781186548,0.));
#4202=DIRECTION('ref_axis',(0.707106781186548,0.707106781186548,0.));
#4203=DIRECTION('center_axis',(1.,0.,0.));
#4204=DIRECTION('ref_axis',(0.,0.707106781186548,-0.707106781186548));
#4205=DIRECTION('',(1.,0.,0.));
#4206=DIRECTION('center_axis',(0.707106781186548,0.707106781186548,0.));
#4207=DIRECTION('ref_axis',(-0.707106781186548,0.707106781186548,0.));
#4208=DIRECTION('center_axis',(1.,0.,0.));
#4209=DIRECTION('ref_axis',(0.,-0.707106781186548,0.707106781186548));
#4210=DIRECTION('center_axis',(0.707106781186548,0.707106781186548,0.));
#4211=DIRECTION('ref_axis',(-0.707106781186548,0.707106781186548,0.));
#4212=DIRECTION('',(1.,0.,0.));
#4213=DIRECTION('center_axis',(0.707106781186548,-0.707106781186548,0.));
#4214=DIRECTION('ref_axis',(0.707106781186548,0.707106781186548,0.));
#4215=DIRECTION('center_axis',(-1.,0.,0.));
#4216=DIRECTION('ref_axis',(0.,0.707106781186548,0.707106781186548));
#4217=DIRECTION('center_axis',(-0.707106781186548,-0.707106781186548,0.));
#4218=DIRECTION('ref_axis',(0.707106781186548,-0.707106781186548,0.));
#4219=DIRECTION('center_axis',(0.707106781186548,-0.707106781186548,0.));
#4220=DIRECTION('ref_axis',(0.707106781186548,0.707106781186548,0.));
#4221=DIRECTION('center_axis',(0.,-1.,0.));
#4222=DIRECTION('ref_axis',(-0.707106781186548,0.,0.707106781186548));
#4223=DIRECTION('center_axis',(0.,1.,0.));
#4224=DIRECTION('ref_axis',(0.707106781186548,0.,0.707106781186548));
#4225=DIRECTION('',(0.,1.,0.));
#4226=DIRECTION('center_axis',(-1.,0.,0.));
#4227=DIRECTION('ref_axis',(0.,1.,0.));
#4228=DIRECTION('',(0.,0.,-1.));
#4229=DIRECTION('center_axis',(1.,0.,0.));
#4230=DIRECTION('ref_axis',(0.,-0.707106781186548,0.707106781186548));
#4231=DIRECTION('center_axis',(0.707106781186548,0.707106781186548,0.));
#4232=DIRECTION('ref_axis',(-0.707106781186548,0.707106781186548,0.));
#4233=DIRECTION('',(1.,0.,0.));
#4234=DIRECTION('center_axis',(0.707106781186548,-0.707106781186548,0.));
#4235=DIRECTION('ref_axis',(0.707106781186548,0.707106781186548,0.));
#4236=DIRECTION('center_axis',(-1.,0.,0.));
#4237=DIRECTION('ref_axis',(0.,0.707106781186548,0.707106781186548));
#4238=DIRECTION('center_axis',(-0.707106781186548,-0.707106781186548,0.));
#4239=DIRECTION('ref_axis',(0.707106781186548,-0.707106781186548,0.));
#4240=DIRECTION('center_axis',(0.707106781186548,-0.707106781186548,0.));
#4241=DIRECTION('ref_axis',(0.707106781186548,0.707106781186548,0.));
#4242=DIRECTION('center_axis',(0.,-1.,0.));
#4243=DIRECTION('ref_axis',(-0.707106781186554,0.,0.707106781186541));
#4244=DIRECTION('center_axis',(0.,1.,0.));
#4245=DIRECTION('ref_axis',(0.707106781186554,0.,0.707106781186541));
#4246=DIRECTION('',(0.,1.,0.));
#4247=DIRECTION('center_axis',(-1.,0.,0.));
#4248=DIRECTION('ref_axis',(0.,1.,0.));
#4249=DIRECTION('',(0.,0.,-1.));
#4250=DIRECTION('center_axis',(1.,0.,0.));
#4251=DIRECTION('ref_axis',(0.,-0.707106781186548,0.707106781186548));
#4252=DIRECTION('center_axis',(0.707106781186548,0.707106781186548,0.));
#4253=DIRECTION('ref_axis',(-0.707106781186548,0.707106781186548,0.));
#4254=DIRECTION('',(1.,0.,0.));
#4255=DIRECTION('center_axis',(0.707106781186548,-0.707106781186548,0.));
#4256=DIRECTION('ref_axis',(0.707106781186548,0.707106781186548,0.));
#4257=DIRECTION('center_axis',(-1.,0.,0.));
#4258=DIRECTION('ref_axis',(0.,0.707106781186548,0.707106781186548));
#4259=DIRECTION('center_axis',(-0.707106781186548,-0.707106781186548,0.));
#4260=DIRECTION('ref_axis',(0.707106781186548,-0.707106781186548,0.));
#4261=DIRECTION('center_axis',(0.707106781186548,-0.707106781186548,0.));
#4262=DIRECTION('ref_axis',(0.707106781186548,0.707106781186548,0.));
#4263=DIRECTION('center_axis',(0.,-1.,0.));
#4264=DIRECTION('ref_axis',(-0.707106781186548,0.,0.707106781186548));
#4265=DIRECTION('center_axis',(0.,1.,0.));
#4266=DIRECTION('ref_axis',(0.707106781186548,0.,0.707106781186548));
#4267=DIRECTION('',(0.,1.,0.));
#4268=DIRECTION('center_axis',(-1.,0.,0.));
#4269=DIRECTION('ref_axis',(0.,1.,0.));
#4270=DIRECTION('',(0.,0.,-1.));
#4271=DIRECTION('center_axis',(1.,0.,0.));
#4272=DIRECTION('ref_axis',(0.,-0.707106781186548,0.707106781186548));
#4273=DIRECTION('center_axis',(0.707106781186548,0.707106781186548,0.));
#4274=DIRECTION('ref_axis',(-0.707106781186548,0.707106781186548,0.));
#4275=DIRECTION('',(1.,0.,0.));
#4276=DIRECTION('center_axis',(0.707106781186548,-0.707106781186548,0.));
#4277=DIRECTION('ref_axis',(0.707106781186548,0.707106781186548,0.));
#4278=DIRECTION('center_axis',(-1.,0.,0.));
#4279=DIRECTION('ref_axis',(0.,0.707106781186548,0.707106781186548));
#4280=DIRECTION('center_axis',(-0.707106781186548,-0.707106781186548,0.));
#4281=DIRECTION('ref_axis',(0.707106781186548,-0.707106781186548,0.));
#4282=DIRECTION('center_axis',(0.707106781186548,-0.707106781186548,0.));
#4283=DIRECTION('ref_axis',(0.707106781186548,0.707106781186548,0.));
#4284=DIRECTION('center_axis',(0.,-1.,0.));
#4285=DIRECTION('ref_axis',(-0.707106781186548,0.,0.707106781186548));
#4286=DIRECTION('center_axis',(0.,1.,0.));
#4287=DIRECTION('ref_axis',(0.707106781186548,0.,0.707106781186548));
#4288=DIRECTION('',(0.,1.,0.));
#4289=DIRECTION('center_axis',(-1.,0.,0.));
#4290=DIRECTION('ref_axis',(0.,1.,0.));
#4291=DIRECTION('',(0.,0.,-1.));
#4292=DIRECTION('center_axis',(1.,0.,0.));
#4293=DIRECTION('ref_axis',(0.,-0.707106781186548,0.707106781186548));
#4294=DIRECTION('center_axis',(0.707106781186546,0.707106781186549,0.));
#4295=DIRECTION('ref_axis',(-0.707106781186549,0.707106781186546,0.));
#4296=DIRECTION('',(1.,0.,0.));
#4297=DIRECTION('center_axis',(0.707106781186546,-0.707106781186549,0.));
#4298=DIRECTION('ref_axis',(0.707106781186549,0.707106781186546,0.));
#4299=DIRECTION('center_axis',(-1.,0.,0.));
#4300=DIRECTION('ref_axis',(0.,0.707106781186548,0.707106781186548));
#4301=DIRECTION('center_axis',(-0.707106781186546,-0.707106781186549,0.));
#4302=DIRECTION('ref_axis',(0.707106781186549,-0.707106781186546,0.));
#4303=DIRECTION('center_axis',(0.707106781186546,-0.707106781186549,0.));
#4304=DIRECTION('ref_axis',(0.707106781186549,0.707106781186546,0.));
#4305=DIRECTION('center_axis',(0.,-1.,0.));
#4306=DIRECTION('ref_axis',(-0.707106781186551,0.,0.707106781186544));
#4307=DIRECTION('center_axis',(0.,1.,0.));
#4308=DIRECTION('ref_axis',(0.707106781186548,0.,0.707106781186548));
#4309=DIRECTION('',(0.,1.,0.));
#4310=DIRECTION('center_axis',(-1.,0.,0.));
#4311=DIRECTION('ref_axis',(0.,1.,0.));
#4312=DIRECTION('',(0.,0.,-1.));
#4313=DIRECTION('center_axis',(1.,0.,0.));
#4314=DIRECTION('ref_axis',(0.,-0.707106781186548,0.707106781186548));
#4315=DIRECTION('center_axis',(0.707106781186546,0.707106781186549,0.));
#4316=DIRECTION('ref_axis',(-0.707106781186549,0.707106781186546,0.));
#4317=DIRECTION('',(1.,0.,0.));
#4318=DIRECTION('center_axis',(0.707106781186546,-0.707106781186549,0.));
#4319=DIRECTION('ref_axis',(0.707106781186549,0.707106781186546,0.));
#4320=DIRECTION('center_axis',(-1.,0.,0.));
#4321=DIRECTION('ref_axis',(0.,0.707106781186548,0.707106781186548));
#4322=DIRECTION('center_axis',(-0.707106781186546,-0.707106781186549,0.));
#4323=DIRECTION('ref_axis',(0.707106781186549,-0.707106781186546,0.));
#4324=DIRECTION('center_axis',(0.707106781186546,-0.707106781186549,0.));
#4325=DIRECTION('ref_axis',(0.707106781186549,0.707106781186546,0.));
#4326=DIRECTION('center_axis',(0.,-1.,0.));
#4327=DIRECTION('ref_axis',(-0.707106781186549,0.,0.707106781186546));
#4328=DIRECTION('center_axis',(0.,1.,0.));
#4329=DIRECTION('ref_axis',(0.707106781186549,0.,0.707106781186546));
#4330=DIRECTION('',(0.,1.,0.));
#4331=DIRECTION('center_axis',(-1.,0.,0.));
#4332=DIRECTION('ref_axis',(0.,1.,0.));
#4333=DIRECTION('',(0.,0.,-1.));
#4334=DIRECTION('center_axis',(-1.,0.,0.));
#4335=DIRECTION('ref_axis',(0.,0.707106781186548,0.707106781186548));
#4336=DIRECTION('center_axis',(-0.707106781186546,-0.707106781186549,0.));
#4337=DIRECTION('ref_axis',(0.707106781186549,-0.707106781186546,0.));
#4338=DIRECTION('center_axis',(0.707106781186546,-0.707106781186549,0.));
#4339=DIRECTION('ref_axis',(0.707106781186549,0.707106781186546,0.));
#4340=DIRECTION('center_axis',(0.,-1.,0.));
#4341=DIRECTION('ref_axis',(-0.707106781186549,0.,0.707106781186546));
#4342=DIRECTION('center_axis',(0.707106781186546,-0.707106781186549,0.));
#4343=DIRECTION('ref_axis',(0.707106781186549,0.707106781186546,0.));
#4344=DIRECTION('center_axis',(1.,0.,0.));
#4345=DIRECTION('ref_axis',(0.,-0.707106781186548,0.707106781186548));
#4346=DIRECTION('',(1.,0.,0.));
#4347=DIRECTION('center_axis',(0.707106781186546,0.707106781186549,0.));
#4348=DIRECTION('ref_axis',(-0.707106781186549,0.707106781186546,0.));
#4349=DIRECTION('center_axis',(7.40148683083438E-17,1.,0.));
#4350=DIRECTION('ref_axis',(0.707106781186549,0.,0.707106781186546));
#4351=DIRECTION('',(7.40148683083438E-17,1.,0.));
#4352=DIRECTION('center_axis',(-1.,7.40148683083438E-17,0.));
#4353=DIRECTION('ref_axis',(7.40148683083438E-17,1.,0.));
#4354=DIRECTION('',(0.,0.,-1.));
#4355=DIRECTION('center_axis',(1.,0.,0.));
#4356=DIRECTION('ref_axis',(0.,-0.707106781186548,0.707106781186548));
#4357=DIRECTION('center_axis',(0.707106781186546,0.707106781186549,0.));
#4358=DIRECTION('ref_axis',(-0.707106781186549,0.707106781186546,0.));
#4359=DIRECTION('',(1.,0.,0.));
#4360=DIRECTION('center_axis',(0.707106781186546,-0.707106781186549,-1.57009245868378E-15));
#4361=DIRECTION('ref_axis',(0.707106781186549,0.707106781186546,-1.57009245868378E-15));
#4362=DIRECTION('center_axis',(-1.,0.,0.));
#4363=DIRECTION('ref_axis',(0.,0.707106781186548,0.707106781186548));
#4364=DIRECTION('center_axis',(-0.707106781186545,-0.70710678118655,-1.57009245868378E-15));
#4365=DIRECTION('ref_axis',(0.70710678118655,-0.707106781186545,-1.57009245868376E-15));
#4366=DIRECTION('center_axis',(0.707106781186546,-0.707106781186549,0.));
#4367=DIRECTION('ref_axis',(0.707106781186549,0.707106781186546,0.));
#4368=DIRECTION('center_axis',(0.,-1.,0.));
#4369=DIRECTION('ref_axis',(-0.707106781186549,0.,0.707106781186546));
#4370=DIRECTION('center_axis',(0.,1.,0.));
#4371=DIRECTION('ref_axis',(0.707106781186549,0.,0.707106781186546));
#4372=DIRECTION('',(0.,1.,0.));
#4373=DIRECTION('center_axis',(-1.,0.,0.));
#4374=DIRECTION('ref_axis',(0.,1.,0.));
#4375=DIRECTION('',(0.,0.,-1.));
#4376=DIRECTION('center_axis',(-1.,0.,0.));
#4377=DIRECTION('ref_axis',(0.,0.707106781186548,0.707106781186548));
#4378=DIRECTION('center_axis',(-0.707106781186546,-0.707106781186549,0.));
#4379=DIRECTION('ref_axis',(0.707106781186549,-0.707106781186546,0.));
#4380=DIRECTION('',(-1.,0.,0.));
#4381=DIRECTION('center_axis',(0.707106781186546,-0.707106781186549,0.));
#4382=DIRECTION('ref_axis',(0.707106781186549,0.707106781186546,0.));
#4383=DIRECTION('center_axis',(0.,-1.,0.));
#4384=DIRECTION('ref_axis',(-0.707106781186551,0.,0.707106781186544));
#4385=DIRECTION('center_axis',(0.707106781186546,-0.707106781186549,0.));
#4386=DIRECTION('ref_axis',(0.707106781186549,0.707106781186546,0.));
#4387=DIRECTION('',(0.,-1.,0.));
#4388=DIRECTION('center_axis',(1.,0.,0.));
#4389=DIRECTION('ref_axis',(0.,-0.707106781186548,0.707106781186548));
#4390=DIRECTION('center_axis',(0.707106781186546,0.707106781186549,0.));
#4391=DIRECTION('ref_axis',(-0.707106781186549,0.707106781186546,0.));
#4392=DIRECTION('center_axis',(0.,1.,0.));
#4393=DIRECTION('ref_axis',(0.707106781186551,0.,0.707106781186544));
#4394=DIRECTION('center_axis',(0.,-1.,0.));
#4395=DIRECTION('ref_axis',(-1.,0.,0.));
#4396=DIRECTION('',(0.,0.,-1.));
#4397=DIRECTION('center_axis',(1.,0.,0.));
#4398=DIRECTION('ref_axis',(0.,-0.707106781186548,0.707106781186548));
#4399=DIRECTION('center_axis',(0.707106781186548,0.707106781186548,0.));
#4400=DIRECTION('ref_axis',(-0.707106781186548,0.707106781186548,0.));
#4401=DIRECTION('',(1.,0.,0.));
#4402=DIRECTION('center_axis',(0.707106781186548,-0.707106781186548,0.));
#4403=DIRECTION('ref_axis',(0.707106781186548,0.707106781186548,0.));
#4404=DIRECTION('center_axis',(-1.,0.,0.));
#4405=DIRECTION('ref_axis',(0.,0.707106781186548,0.707106781186548));
#4406=DIRECTION('center_axis',(-0.707106781186548,-0.707106781186548,0.));
#4407=DIRECTION('ref_axis',(0.707106781186548,-0.707106781186548,0.));
#4408=DIRECTION('center_axis',(0.707106781186548,-0.707106781186548,0.));
#4409=DIRECTION('ref_axis',(0.707106781186548,0.707106781186548,0.));
#4410=DIRECTION('center_axis',(0.,-1.,0.));
#4411=DIRECTION('ref_axis',(-0.707106781186548,0.,0.707106781186548));
#4412=DIRECTION('center_axis',(0.,1.,0.));
#4413=DIRECTION('ref_axis',(0.707106781186548,0.,0.707106781186548));
#4414=DIRECTION('',(0.,1.,0.));
#4415=DIRECTION('center_axis',(-1.,0.,0.));
#4416=DIRECTION('ref_axis',(0.,1.,0.));
#4417=DIRECTION('',(0.,0.,-1.));
#4418=DIRECTION('center_axis',(0.,1.,0.));
#4419=DIRECTION('ref_axis',(-0.707106781186548,0.,-0.707106781186548));
#4420=DIRECTION('center_axis',(1.,0.,0.));
#4421=DIRECTION('ref_axis',(0.,-0.707106781186548,0.707106781186548));
#4422=DIRECTION('center_axis',(-0.707106781186548,-0.707106781186548,0.));
#4423=DIRECTION('ref_axis',(0.707106781186548,-0.707106781186548,0.));
#4424=DIRECTION('',(1.,0.,0.));
#4425=DIRECTION('center_axis',(0.707106781186548,-0.707106781186548,0.));
#4426=DIRECTION('ref_axis',(-0.707106781186548,-0.707106781186548,0.));
#4427=DIRECTION('center_axis',(0.,1.,0.));
#4428=DIRECTION('ref_axis',(1.,0.,0.));
#4429=DIRECTION('',(0.,0.,-1.));
#4430=DIRECTION('center_axis',(1.,0.,0.));
#4431=DIRECTION('ref_axis',(0.,-0.707106781186548,0.707106781186548));
#4432=DIRECTION('center_axis',(0.707106781186548,0.707106781186548,0.));
#4433=DIRECTION('ref_axis',(-0.707106781186548,0.707106781186548,0.));
#4434=DIRECTION('center_axis',(-0.707106781186548,0.707106781186548,0.));
#4435=DIRECTION('ref_axis',(-0.707106781186548,-0.707106781186548,0.));
#4436=DIRECTION('center_axis',(0.,1.,0.));
#4437=DIRECTION('ref_axis',(0.707106781186548,0.,0.707106781186548));
#4438=DIRECTION('center_axis',(-0.707106781186548,0.707106781186548,0.));
#4439=DIRECTION('ref_axis',(-0.707106781186548,-0.707106781186548,0.));
#4440=DIRECTION('center_axis',(-1.,0.,0.));
#4441=DIRECTION('ref_axis',(0.,0.707106781186548,0.707106781186548));
#4442=DIRECTION('center_axis',(-0.707106781186548,-0.707106781186548,0.));
#4443=DIRECTION('ref_axis',(0.707106781186548,-0.707106781186548,0.));
#4444=DIRECTION('',(-1.,0.,0.));
#4445=DIRECTION('center_axis',(0.,-1.,0.));
#4446=DIRECTION('ref_axis',(-0.707106781186548,0.,0.707106781186548));
#4447=DIRECTION('',(0.,-1.,0.));
#4448=DIRECTION('center_axis',(1.,0.,0.));
#4449=DIRECTION('ref_axis',(0.,-1.,0.));
#4450=DIRECTION('',(0.,0.,-1.));
#4451=DIRECTION('center_axis',(1.,0.,0.));
#4452=DIRECTION('ref_axis',(0.,-0.707106781186548,0.707106781186548));
#4453=DIRECTION('',(1.,0.,0.));
#4454=DIRECTION('center_axis',(0.707106781186548,0.707106781186548,0.));
#4455=DIRECTION('ref_axis',(-0.707106781186548,0.707106781186548,0.));
#4456=DIRECTION('center_axis',(0.,1.,0.));
#4457=DIRECTION('ref_axis',(0.707106781186548,0.,0.707106781186548));
#4458=DIRECTION('center_axis',(-0.707106781186548,0.707106781186548,0.));
#4459=DIRECTION('ref_axis',(-0.707106781186548,-0.707106781186548,0.));
#4460=DIRECTION('',(0.,1.,0.));
#4461=DIRECTION('center_axis',(-1.,0.,0.));
#4462=DIRECTION('ref_axis',(0.,0.707106781186548,0.707106781186548));
#4463=DIRECTION('',(-1.,0.,0.));
#4464=DIRECTION('center_axis',(0.,1.,0.));
#4465=DIRECTION('ref_axis',(1.,0.,0.));
#4466=DIRECTION('',(0.,0.,-1.));
#4467=DIRECTION('center_axis',(-1.,0.,0.));
#4468=DIRECTION('ref_axis',(0.,1.,0.));
#4469=DIRECTION('',(0.,0.,-1.));
#4470=DIRECTION('center_axis',(0.,-1.,0.));
#4471=DIRECTION('ref_axis',(-1.,0.,0.));
#4472=DIRECTION('center_axis',(-1.,0.,0.));
#4473=DIRECTION('ref_axis',(0.,0.707106781186548,0.707106781186548));
#4474=DIRECTION('center_axis',(0.707106781186548,0.707106781186548,0.));
#4475=DIRECTION('ref_axis',(-0.707106781186548,0.707106781186548,0.));
#4476=DIRECTION('center_axis',(-0.707106781186548,0.707106781186548,0.));
#4477=DIRECTION('ref_axis',(0.707106781186548,0.707106781186548,0.));
#4478=DIRECTION('center_axis',(0.,-1.,0.));
#4479=DIRECTION('ref_axis',(-0.707106781186554,0.,0.707106781186541));
#4480=DIRECTION('',(0.,-1.,0.));
#4481=DIRECTION('center_axis',(1.,0.,0.));
#4482=DIRECTION('ref_axis',(0.,-1.,0.));
#4483=DIRECTION('center_axis',(0.,1.,0.));
#4484=DIRECTION('ref_axis',(0.707106781186554,0.,0.707106781186541));
#4485=DIRECTION('center_axis',(0.,1.,0.));
#4486=DIRECTION('ref_axis',(1.,0.,0.));
#4487=DIRECTION('center_axis',(0.,1.,0.));
#4488=DIRECTION('ref_axis',(1.,0.,0.));
#4489=DIRECTION('center_axis',(0.,-1.,0.));
#4490=DIRECTION('ref_axis',(-1.,0.,0.));
#4491=DIRECTION('center_axis',(0.,1.,0.));
#4492=DIRECTION('ref_axis',(1.,0.,0.));
#4493=DIRECTION('center_axis',(0.,1.,0.));
#4494=DIRECTION('ref_axis',(1.,0.,0.));
#4495=DIRECTION('center_axis',(0.,1.,0.));
#4496=DIRECTION('ref_axis',(1.,0.,0.));
#4497=DIRECTION('center_axis',(0.,1.,0.));
#4498=DIRECTION('ref_axis',(1.,0.,0.));
#4499=DIRECTION('center_axis',(0.,1.,0.));
#4500=DIRECTION('ref_axis',(1.,0.,0.));
#4501=DIRECTION('center_axis',(1.,0.,0.));
#4502=DIRECTION('ref_axis',(0.,-1.,0.));
#4503=DIRECTION('center_axis',(0.,1.,0.));
#4504=DIRECTION('ref_axis',(1.,0.,0.));
#4505=DIRECTION('center_axis',(0.,1.,0.));
#4506=DIRECTION('ref_axis',(1.,0.,0.));
#4507=DIRECTION('center_axis',(0.,-1.,0.));
#4508=DIRECTION('ref_axis',(-1.,0.,0.));
#4509=DIRECTION('center_axis',(0.,-1.,0.));
#4510=DIRECTION('ref_axis',(-1.,0.,0.));
#4511=DIRECTION('',(0.,-1.,0.));
#4512=DIRECTION('center_axis',(0.,-1.,0.));
#4513=DIRECTION('ref_axis',(-1.,0.,0.));
#4514=DIRECTION('',(0.,-1.,0.));
#4515=DIRECTION('center_axis',(0.,1.,0.));
#4516=DIRECTION('ref_axis',(-1.,0.,0.));
#4517=DIRECTION('center_axis',(0.,-1.,0.));
#4518=DIRECTION('ref_axis',(-1.,0.,0.));
#4519=DIRECTION('',(0.,-1.,0.));
#4520=DIRECTION('center_axis',(0.,1.,0.));
#4521=DIRECTION('ref_axis',(-1.,0.,0.));
#4522=DIRECTION('center_axis',(0.,-1.,0.));
#4523=DIRECTION('ref_axis',(-1.,0.,0.));
#4524=DIRECTION('center_axis',(0.,-1.,0.));
#4525=DIRECTION('ref_axis',(-1.,0.,0.));
#4526=DIRECTION('',(0.,-1.,0.));
#4527=DIRECTION('center_axis',(0.,0.,-1.));
#4528=DIRECTION('ref_axis',(0.707106781186548,0.707106781186548,0.));
#4529=DIRECTION('center_axis',(0.,0.,1.));
#4530=DIRECTION('ref_axis',(0.707106781186548,0.707106781186548,0.));
#4531=DIRECTION('',(0.,0.,1.));
#4532=DIRECTION('',(0.,0.,-1.));
#4533=DIRECTION('center_axis',(0.,0.,-1.));
#4534=DIRECTION('ref_axis',(-1.,0.,0.));
#4535=DIRECTION('',(0.,-1.,0.));
#4536=DIRECTION('',(-1.,0.,0.));
#4537=DIRECTION('',(0.,1.,0.));
#4538=DIRECTION('',(1.,0.,0.));
#4539=DIRECTION('center_axis',(1.,0.,0.));
#4540=DIRECTION('ref_axis',(0.,-1.,0.));
#4541=DIRECTION('',(0.,0.,-1.));
#4542=DIRECTION('center_axis',(0.,0.,-1.));
#4543=DIRECTION('ref_axis',(0.707106781186548,-0.707106781186548,0.));
#4544=DIRECTION('center_axis',(0.,0.,1.));
#4545=DIRECTION('ref_axis',(0.707106781186548,-0.707106781186548,0.));
#4546=DIRECTION('',(0.,0.,1.));
#4547=DIRECTION('',(0.,0.,-1.));
#4548=DIRECTION('center_axis',(0.,-1.,0.));
#4549=DIRECTION('ref_axis',(-1.,0.,0.));
#4550=DIRECTION('',(0.,0.,-1.));
#4551=DIRECTION('',(-1.,0.,0.));
#4552=DIRECTION('center_axis',(0.,0.,-1.));
#4553=DIRECTION('ref_axis',(-0.707106781186548,-0.707106781186548,0.));
#4554=DIRECTION('center_axis',(0.,0.,1.));
#4555=DIRECTION('ref_axis',(-0.707106781186548,-0.707106781186548,0.));
#4556=DIRECTION('',(0.,0.,1.));
#4557=DIRECTION('',(0.,0.,-1.));
#4558=DIRECTION('center_axis',(0.,0.,-1.));
#4559=DIRECTION('ref_axis',(-1.,0.,0.));
#4560=DIRECTION('',(0.,1.,0.));
#4561=DIRECTION('',(1.,0.,0.));
#4562=DIRECTION('',(0.,-1.,0.));
#4563=DIRECTION('',(-1.,0.,0.));
#4564=DIRECTION('center_axis',(-1.,0.,0.));
#4565=DIRECTION('ref_axis',(0.,1.,0.));
#4566=DIRECTION('',(0.,0.,-1.));
#4567=DIRECTION('center_axis',(0.,0.,-1.));
#4568=DIRECTION('ref_axis',(-0.707106781186548,0.707106781186548,0.));
#4569=DIRECTION('center_axis',(0.,0.,1.));
#4570=DIRECTION('ref_axis',(-0.707106781186548,0.707106781186548,0.));
#4571=DIRECTION('',(0.,0.,1.));
#4572=DIRECTION('',(0.,0.,-1.));
#4573=DIRECTION('center_axis',(0.,0.,-1.));
#4574=DIRECTION('ref_axis',(-1.,0.,0.));
#4575=DIRECTION('',(1.,0.,0.));
#4576=DIRECTION('',(0.,-1.,0.));
#4577=DIRECTION('',(-1.,0.,0.));
#4578=DIRECTION('',(0.,1.,0.));
#4579=DIRECTION('center_axis',(0.,1.,0.));
#4580=DIRECTION('ref_axis',(1.,0.,0.));
#4581=DIRECTION('',(0.,0.,-1.));
#4582=DIRECTION('center_axis',(1.,0.,0.));
#4583=DIRECTION('ref_axis',(0.,-1.,0.));
#4584=DIRECTION('',(0.,-1.,0.));
#4585=DIRECTION('',(0.,0.,-1.));
#4586=DIRECTION('center_axis',(0.,1.,0.));
#4587=DIRECTION('ref_axis',(1.,0.,0.));
#4588=DIRECTION('',(1.,0.,0.));
#4589=DIRECTION('',(0.,0.,-1.));
#4590=DIRECTION('center_axis',(-1.,0.,0.));
#4591=DIRECTION('ref_axis',(0.,1.,0.));
#4592=DIRECTION('',(0.,1.,0.));
#4593=DIRECTION('center_axis',(0.,0.,-1.));
#4594=DIRECTION('ref_axis',(-1.,0.,0.));
#4595=DIRECTION('center_axis',(0.,1.,0.));
#4596=DIRECTION('ref_axis',(1.,0.,0.));
#4597=DIRECTION('',(0.,0.,-1.));
#4598=DIRECTION('center_axis',(-1.,0.,0.));
#4599=DIRECTION('ref_axis',(0.,1.,0.));
#4600=DIRECTION('',(0.,0.,-1.));
#4601=DIRECTION('center_axis',(0.,-1.,0.));
#4602=DIRECTION('ref_axis',(-1.,0.,0.));
#4603=DIRECTION('center_axis',(1.,0.,0.));
#4604=DIRECTION('ref_axis',(0.,-1.,0.));
#4605=DIRECTION('',(0.,0.,-1.));
#4606=DIRECTION('',(0.,0.,-1.));
#4607=DIRECTION('center_axis',(0.,1.,0.));
#4608=DIRECTION('ref_axis',(1.,0.,0.));
#4609=DIRECTION('center_axis',(0.,-1.,0.));
#4610=DIRECTION('ref_axis',(-1.,0.,0.));
#4611=DIRECTION('center_axis',(1.,0.,0.));
#4612=DIRECTION('ref_axis',(0.,-1.,0.));
#4613=DIRECTION('',(0.,0.,-1.));
#4614=DIRECTION('center_axis',(-1.,0.,0.));
#4615=DIRECTION('ref_axis',(0.,1.,0.));
#4616=DIRECTION('',(0.,0.,-1.));
#4617=DIRECTION('center_axis',(0.,-1.,0.));
#4618=DIRECTION('ref_axis',(-1.,0.,0.));
#4619=DIRECTION('center_axis',(1.,0.,0.));
#4620=DIRECTION('ref_axis',(0.,1.,0.));
#4621=CARTESIAN_POINT('',(0.,0.,0.));
#4622=CARTESIAN_POINT('Origin',(50.750002552988,-50.750002552988,35.51));
#4623=CARTESIAN_POINT('',(53.750002552988,-50.750002552988,38.51));
#4624=CARTESIAN_POINT('',(50.750002552988,-53.750002552988,38.51));
#4625=CARTESIAN_POINT('Origin',(50.750002552988,-50.750002552988,38.51));
#4626=CARTESIAN_POINT('',(50.750002552988,-53.750002552988,35.51));
#4627=CARTESIAN_POINT('',(50.750002552988,-53.750002552988,35.51));
#4628=CARTESIAN_POINT('',(53.750002552988,-50.750002552988,35.51));
#4629=CARTESIAN_POINT('Origin',(50.750002552988,-50.750002552988,35.51));
#4630=CARTESIAN_POINT('',(53.750002552988,-50.750002552988,35.51));
#4631=CARTESIAN_POINT('Origin',(-53.750002552988,-53.750002552988,35.51));
#4632=CARTESIAN_POINT('',(-50.750002552988,-53.750002552988,38.51));
#4633=CARTESIAN_POINT('',(53.750002552988,-53.750002552988,38.51));
#4634=CARTESIAN_POINT('',(-50.750002552988,-53.750002552988,35.51));
#4635=CARTESIAN_POINT('',(-50.750002552988,-53.750002552988,35.51));
#4636=CARTESIAN_POINT('',(53.750002552988,-53.750002552988,35.51));
#4637=CARTESIAN_POINT('Origin',(0.,0.,38.51));
#4638=CARTESIAN_POINT('',(53.750002552988,50.750002552988,38.51));
#4639=CARTESIAN_POINT('',(53.750002552988,53.750002552988,38.51));
#4640=CARTESIAN_POINT('',(50.750002552988,53.750002552988,38.51));
#4641=CARTESIAN_POINT('Origin',(50.750002552988,50.750002552988,38.51));
#4642=CARTESIAN_POINT('',(-50.750002552988,53.750002552988,38.51));
#4643=CARTESIAN_POINT('',(-53.750002552988,53.750002552988,38.51));
#4644=CARTESIAN_POINT('',(-53.750002552988,50.750002552988,38.51));
#4645=CARTESIAN_POINT('Origin',(-50.750002552988,50.750002552988,38.51));
#4646=CARTESIAN_POINT('',(-53.750002552988,-50.750002552988,38.51));
#4647=CARTESIAN_POINT('',(-53.750002552988,-53.750002552988,38.51));
#4648=CARTESIAN_POINT('Origin',(-50.750002552988,-50.750002552988,38.51));
#4649=CARTESIAN_POINT('',(-39.749997447012,-30.500002552988,38.51));
#4650=CARTESIAN_POINT('',(-35.249997447012,-30.500002552988,38.51));
#4651=CARTESIAN_POINT('',(-17.874998723506,-30.500002552988,38.51));
#4652=CARTESIAN_POINT('',(-39.749997447012,30.499997447012,38.51));
#4653=CARTESIAN_POINT('',(-39.749997447012,-15.000001276494,38.51));
#4654=CARTESIAN_POINT('',(-35.249997447012,30.499997447012,38.51));
#4655=CARTESIAN_POINT('',(-19.624998723506,30.499997447012,38.51));
#4656=CARTESIAN_POINT('',(-35.249997447012,14.999998723506,38.51));
#4657=CARTESIAN_POINT('',(-32.249997447012,-30.500002552988,38.51));
#4658=CARTESIAN_POINT('',(-27.749997447012,-30.500002552988,38.51));
#4659=CARTESIAN_POINT('',(-14.124998723506,-30.500002552988,38.51));
#4660=CARTESIAN_POINT('',(-32.249997447012,30.499997447012,38.51));
#4661=CARTESIAN_POINT('',(-32.249997447012,-15.000001276494,38.51));
#4662=CARTESIAN_POINT('',(-27.749997447012,30.499997447012,38.51));
#4663=CARTESIAN_POINT('',(-15.874998723506,30.499997447012,38.51));
#4664=CARTESIAN_POINT('',(-27.749997447012,14.999998723506,38.51));
#4665=CARTESIAN_POINT('',(-17.249997447012,-30.500002552988,38.51));
#4666=CARTESIAN_POINT('',(-12.749997447012,-30.500002552988,38.51));
#4667=CARTESIAN_POINT('',(-6.62499872350599,-30.500002552988,38.51));
#4668=CARTESIAN_POINT('',(-17.249997447012,30.499997447012,38.51));
#4669=CARTESIAN_POINT('',(-17.249997447012,-15.000001276494,38.51));
#4670=CARTESIAN_POINT('',(-12.749997447012,30.499997447012,38.51));
#4671=CARTESIAN_POINT('',(-8.37499872350599,30.499997447012,38.51));
#4672=CARTESIAN_POINT('',(-12.749997447012,14.999998723506,38.51));
#4673=CARTESIAN_POINT('',(-2.24999744701199,-30.500002552988,38.51));
#4674=CARTESIAN_POINT('',(2.25000255298801,-30.500002552988,38.51));
#4675=CARTESIAN_POINT('',(0.875001276494005,-30.500002552988,38.51));
#4676=CARTESIAN_POINT('',(-2.24999744701199,30.499997447012,38.51));
#4677=CARTESIAN_POINT('',(-2.24999744701199,-15.000001276494,38.51));
#4678=CARTESIAN_POINT('',(2.25000255298801,30.499997447012,38.51));
#4679=CARTESIAN_POINT('',(-0.874998723505993,30.499997447012,38.51));
#4680=CARTESIAN_POINT('',(2.25000255298801,14.999998723506,38.51));
#4681=CARTESIAN_POINT('',(12.750002552988,-30.500002552988,38.51));
#4682=CARTESIAN_POINT('',(17.250002552988,-30.500002552988,38.51));
#4683=CARTESIAN_POINT('',(8.37500127649401,-30.500002552988,38.51));
#4684=CARTESIAN_POINT('',(12.750002552988,30.499997447012,38.51));
#4685=CARTESIAN_POINT('',(12.750002552988,-15.000001276494,38.51));
#4686=CARTESIAN_POINT('',(17.250002552988,30.499997447012,38.51));
#4687=CARTESIAN_POINT('',(6.625001276494,30.499997447012,38.51));
#4688=CARTESIAN_POINT('',(17.250002552988,14.999998723506,38.51));
#4689=CARTESIAN_POINT('',(32.250002552988,30.499997447012,38.51));
#4690=CARTESIAN_POINT('',(27.750002552988,30.499997447012,38.51));
#4691=CARTESIAN_POINT('',(14.125001276494,30.499997447012,38.51));
#4692=CARTESIAN_POINT('',(32.250002552988,-30.500002552988,38.51));
#4693=CARTESIAN_POINT('',(32.250002552988,14.999998723506,38.51));
#4694=CARTESIAN_POINT('',(27.750002552988,-30.500002552988,38.51));
#4695=CARTESIAN_POINT('',(15.875001276494,-30.500002552988,38.51));
#4696=CARTESIAN_POINT('',(27.750002552988,-15.000001276494,38.51));
#4697=CARTESIAN_POINT('',(47.250002552988,-30.500002552988,38.51));
#4698=CARTESIAN_POINT('',(47.250002552988,30.499997447012,38.51));
#4699=CARTESIAN_POINT('',(47.250002552988,14.999998723506,38.51));
#4700=CARTESIAN_POINT('',(42.750002552988,-30.500002552988,38.51));
#4701=CARTESIAN_POINT('',(23.375001276494,-30.500002552988,38.51));
#4702=CARTESIAN_POINT('',(42.750002552988,30.499997447012,38.51));
#4703=CARTESIAN_POINT('',(42.750002552988,-15.000001276494,38.51));
#4704=CARTESIAN_POINT('',(21.625001276494,30.499997447012,38.51));
#4705=CARTESIAN_POINT('',(20.250002552988,-30.500002552988,38.51));
#4706=CARTESIAN_POINT('',(24.750002552988,-30.500002552988,38.51));
#4707=CARTESIAN_POINT('',(12.125001276494,-30.500002552988,38.51));
#4708=CARTESIAN_POINT('',(20.250002552988,30.499997447012,38.51));
#4709=CARTESIAN_POINT('',(20.250002552988,-15.000001276494,38.51));
#4710=CARTESIAN_POINT('',(24.750002552988,30.499997447012,38.51));
#4711=CARTESIAN_POINT('',(10.375001276494,30.499997447012,38.51));
#4712=CARTESIAN_POINT('',(24.750002552988,14.999998723506,38.51));
#4713=CARTESIAN_POINT('',(5.25000255298801,-30.500002552988,38.51));
#4714=CARTESIAN_POINT('',(9.75000255298801,-30.500002552988,38.51));
#4715=CARTESIAN_POINT('',(4.625001276494,-30.500002552988,38.51));
#4716=CARTESIAN_POINT('',(5.25000255298801,30.499997447012,38.51));
#4717=CARTESIAN_POINT('',(5.25000255298801,-15.000001276494,38.51));
#4718=CARTESIAN_POINT('',(9.75000255298801,30.499997447012,38.51));
#4719=CARTESIAN_POINT('',(2.875001276494,30.499997447012,38.51));
#4720=CARTESIAN_POINT('',(9.75000255298801,14.999998723506,38.51));
#4721=CARTESIAN_POINT('',(-9.74999744701199,-30.500002552988,38.51));
#4722=CARTESIAN_POINT('',(-5.24999744701199,-30.500002552988,38.51));
#4723=CARTESIAN_POINT('',(-2.87499872350599,-30.500002552988,38.51));
#4724=CARTESIAN_POINT('',(-9.74999744701199,30.499997447012,38.51));
#4725=CARTESIAN_POINT('',(-9.74999744701199,-15.000001276494,38.51));
#4726=CARTESIAN_POINT('',(-5.24999744701199,30.499997447012,38.51));
#4727=CARTESIAN_POINT('',(-4.624998723506,30.499997447012,38.51));
#4728=CARTESIAN_POINT('',(-5.24999744701199,14.999998723506,38.51));
#4729=CARTESIAN_POINT('',(-24.749997447012,-30.500002552988,38.51));
#4730=CARTESIAN_POINT('',(-20.249997447012,-30.500002552988,38.51));
#4731=CARTESIAN_POINT('',(-10.374998723506,-30.500002552988,38.51));
#4732=CARTESIAN_POINT('',(-24.749997447012,30.499997447012,38.51));
#4733=CARTESIAN_POINT('',(-24.749997447012,-15.000001276494,38.51));
#4734=CARTESIAN_POINT('',(-20.249997447012,30.499997447012,38.51));
#4735=CARTESIAN_POINT('',(-12.124998723506,30.499997447012,38.51));
#4736=CARTESIAN_POINT('',(-20.249997447012,14.999998723506,38.51));
#4737=CARTESIAN_POINT('',(-47.249997447012,-30.500002552988,38.51));
#4738=CARTESIAN_POINT('',(-42.749997447012,-30.500002552988,38.51));
#4739=CARTESIAN_POINT('',(-21.624998723506,-30.500002552988,38.51));
#4740=CARTESIAN_POINT('',(-47.249997447012,30.499997447012,38.51));
#4741=CARTESIAN_POINT('',(-47.249997447012,-15.000001276494,38.51));
#4742=CARTESIAN_POINT('',(-42.749997447012,30.499997447012,38.51));
#4743=CARTESIAN_POINT('',(-23.374998723506,30.499997447012,38.51));
#4744=CARTESIAN_POINT('',(-42.749997447012,14.999998723506,38.51));
#4745=CARTESIAN_POINT('',(35.250002552988,-30.500002552988,38.51));
#4746=CARTESIAN_POINT('',(39.750002552988,-30.500002552988,38.51));
#4747=CARTESIAN_POINT('',(19.625001276494,-30.500002552988,38.51));
#4748=CARTESIAN_POINT('',(35.250002552988,30.499997447012,38.51));
#4749=CARTESIAN_POINT('',(35.250002552988,-15.000001276494,38.51));
#4750=CARTESIAN_POINT('',(39.750002552988,30.499997447012,38.51));
#4751=CARTESIAN_POINT('',(17.875001276494,30.499997447012,38.51));
#4752=CARTESIAN_POINT('',(39.750002552988,14.999998723506,38.51));
#4753=CARTESIAN_POINT('Origin',(50.750002552988,50.750002552988,35.51));
#4754=CARTESIAN_POINT('',(53.750002552988,50.750002552988,35.51));
#4755=CARTESIAN_POINT('',(53.750002552988,50.750002552988,35.51));
#4756=CARTESIAN_POINT('',(50.750002552988,53.750002552988,35.51));
#4757=CARTESIAN_POINT('Origin',(50.750002552988,50.750002552988,35.51));
#4758=CARTESIAN_POINT('',(50.750002552988,53.750002552988,35.51));
#4759=CARTESIAN_POINT('Origin',(53.750002552988,53.750002552988,35.51));
#4760=CARTESIAN_POINT('',(-50.750002552988,53.750002552988,35.51));
#4761=CARTESIAN_POINT('',(-53.750002552988,53.750002552988,35.51));
#4762=CARTESIAN_POINT('',(-50.750002552988,53.750002552988,35.51));
#4763=CARTESIAN_POINT('Origin',(0.,0.,35.51));
#4764=CARTESIAN_POINT('',(-53.750002552988,-50.750002552988,35.51));
#4765=CARTESIAN_POINT('Origin',(-50.750002552988,-50.750002552988,35.51));
#4766=CARTESIAN_POINT('',(-53.750002552988,50.750002552988,35.51));
#4767=CARTESIAN_POINT('',(-53.750002552988,-53.750002552988,35.51));
#4768=CARTESIAN_POINT('Origin',(-50.750002552988,50.750002552988,35.51));
#4769=CARTESIAN_POINT('',(53.750002552988,53.750002552988,35.51));
#4770=CARTESIAN_POINT('',(-42.749997447012,-30.500002552988,35.51));
#4771=CARTESIAN_POINT('',(-47.249997447012,-30.500002552988,35.51));
#4772=CARTESIAN_POINT('',(-21.624998723506,-30.500002552988,35.51));
#4773=CARTESIAN_POINT('',(-42.749997447012,30.499997447012,35.51));
#4774=CARTESIAN_POINT('',(-42.749997447012,14.999998723506,35.51));
#4775=CARTESIAN_POINT('',(-47.249997447012,30.499997447012,35.51));
#4776=CARTESIAN_POINT('',(-23.374998723506,30.499997447012,35.51));
#4777=CARTESIAN_POINT('',(-47.249997447012,-15.000001276494,35.51));
#4778=CARTESIAN_POINT('',(-27.749997447012,-30.500002552988,35.51));
#4779=CARTESIAN_POINT('',(-32.249997447012,-30.500002552988,35.51));
#4780=CARTESIAN_POINT('',(-14.124998723506,-30.500002552988,35.51));
#4781=CARTESIAN_POINT('',(-27.749997447012,30.499997447012,35.51));
#4782=CARTESIAN_POINT('',(-27.749997447012,14.999998723506,35.51));
#4783=CARTESIAN_POINT('',(-32.249997447012,30.499997447012,35.51));
#4784=CARTESIAN_POINT('',(-15.874998723506,30.499997447012,35.51));
#4785=CARTESIAN_POINT('',(-32.249997447012,-15.000001276494,35.51));
#4786=CARTESIAN_POINT('',(-12.749997447012,-30.500002552988,35.51));
#4787=CARTESIAN_POINT('',(-17.249997447012,-30.500002552988,35.51));
#4788=CARTESIAN_POINT('',(-6.62499872350599,-30.500002552988,35.51));
#4789=CARTESIAN_POINT('',(-12.749997447012,30.499997447012,35.51));
#4790=CARTESIAN_POINT('',(-12.749997447012,14.999998723506,35.51));
#4791=CARTESIAN_POINT('',(-17.249997447012,30.499997447012,35.51));
#4792=CARTESIAN_POINT('',(-8.37499872350599,30.499997447012,35.51));
#4793=CARTESIAN_POINT('',(-17.249997447012,-15.000001276494,35.51));
#4794=CARTESIAN_POINT('',(2.25000255298801,-30.500002552988,35.51));
#4795=CARTESIAN_POINT('',(-2.24999744701199,-30.500002552988,35.51));
#4796=CARTESIAN_POINT('',(0.875001276494005,-30.500002552988,35.51));
#4797=CARTESIAN_POINT('',(2.25000255298801,30.499997447012,35.51));
#4798=CARTESIAN_POINT('',(2.25000255298801,14.999998723506,35.51));
#4799=CARTESIAN_POINT('',(-2.24999744701199,30.499997447012,35.51));
#4800=CARTESIAN_POINT('',(-0.874998723505993,30.499997447012,35.51));
#4801=CARTESIAN_POINT('',(-2.24999744701199,-15.000001276494,35.51));
#4802=CARTESIAN_POINT('',(12.750002552988,30.499997447012,35.51));
#4803=CARTESIAN_POINT('',(17.250002552988,30.499997447012,35.51));
#4804=CARTESIAN_POINT('',(6.625001276494,30.499997447012,35.51));
#4805=CARTESIAN_POINT('',(12.750002552988,-30.500002552988,35.51));
#4806=CARTESIAN_POINT('',(12.750002552988,-15.000001276494,35.51));
#4807=CARTESIAN_POINT('',(17.250002552988,-30.500002552988,35.51));
#4808=CARTESIAN_POINT('',(8.37500127649401,-30.500002552988,35.51));
#4809=CARTESIAN_POINT('',(17.250002552988,14.999998723506,35.51));
#4810=CARTESIAN_POINT('',(27.750002552988,30.499997447012,35.51));
#4811=CARTESIAN_POINT('',(32.250002552988,30.499997447012,35.51));
#4812=CARTESIAN_POINT('',(14.125001276494,30.499997447012,35.51));
#4813=CARTESIAN_POINT('',(27.750002552988,-30.500002552988,35.51));
#4814=CARTESIAN_POINT('',(27.750002552988,-15.000001276494,35.51));
#4815=CARTESIAN_POINT('',(32.250002552988,-30.500002552988,35.51));
#4816=CARTESIAN_POINT('',(15.875001276494,-30.500002552988,35.51));
#4817=CARTESIAN_POINT('',(32.250002552988,14.999998723506,35.51));
#4818=CARTESIAN_POINT('',(39.750002552988,30.499997447012,35.51));
#4819=CARTESIAN_POINT('',(39.750002552988,-30.500002552988,35.51));
#4820=CARTESIAN_POINT('',(39.750002552988,14.999998723506,35.51));
#4821=CARTESIAN_POINT('',(35.250002552988,30.499997447012,35.51));
#4822=CARTESIAN_POINT('',(17.875001276494,30.499997447012,35.51));
#4823=CARTESIAN_POINT('',(35.250002552988,-30.500002552988,35.51));
#4824=CARTESIAN_POINT('',(35.250002552988,-15.000001276494,35.51));
#4825=CARTESIAN_POINT('',(19.625001276494,-30.500002552988,35.51));
#4826=CARTESIAN_POINT('',(51.200002552988,-51.200002552988,35.51));
#4827=CARTESIAN_POINT('',(51.200002552988,-41.200002552988,35.51));
#4828=CARTESIAN_POINT('',(51.200002552988,-20.600001276494,35.51));
#4829=CARTESIAN_POINT('',(49.200002552988,-41.200002552988,35.51));
#4830=CARTESIAN_POINT('',(20.600001276494,-41.200002552988,35.51));
#4831=CARTESIAN_POINT('',(41.200002552988,-49.200002552988,35.51));
#4832=CARTESIAN_POINT('Origin',(49.200002552988,-49.200002552988,35.51));
#4833=CARTESIAN_POINT('',(41.200002552988,-51.200002552988,35.51));
#4834=CARTESIAN_POINT('',(41.200002552988,-25.600001276494,35.51));
#4835=CARTESIAN_POINT('',(25.600001276494,-51.200002552988,35.51));
#4836=CARTESIAN_POINT('',(51.200002552988,41.200002552988,35.51));
#4837=CARTESIAN_POINT('',(51.200002552988,51.200002552988,35.51));
#4838=CARTESIAN_POINT('',(51.200002552988,25.600001276494,35.51));
#4839=CARTESIAN_POINT('',(41.200002552988,51.200002552988,35.51));
#4840=CARTESIAN_POINT('',(20.600001276494,51.200002552988,35.51));
#4841=CARTESIAN_POINT('',(41.200002552988,49.200002552988,35.51));
#4842=CARTESIAN_POINT('',(41.200002552988,20.600001276494,35.51));
#4843=CARTESIAN_POINT('',(49.200002552988,41.200002552988,35.51));
#4844=CARTESIAN_POINT('Origin',(49.200002552988,49.200002552988,35.51));
#4845=CARTESIAN_POINT('',(25.600001276494,41.200002552988,35.51));
#4846=CARTESIAN_POINT('',(-41.200002552988,-51.200002552988,35.51));
#4847=CARTESIAN_POINT('',(-41.200002552988,-49.200002552988,35.51));
#4848=CARTESIAN_POINT('',(-41.200002552988,-20.600001276494,35.51));
#4849=CARTESIAN_POINT('',(-49.200002552988,-41.200002552988,35.51));
#4850=CARTESIAN_POINT('Origin',(-49.200002552988,-49.200002552988,35.51));
#4851=CARTESIAN_POINT('',(-51.200002552988,-41.200002552988,35.51));
#4852=CARTESIAN_POINT('',(-25.600001276494,-41.200002552988,35.51));
#4853=CARTESIAN_POINT('',(-51.200002552988,-51.200002552988,35.51));
#4854=CARTESIAN_POINT('',(-51.200002552988,-25.600001276494,35.51));
#4855=CARTESIAN_POINT('',(-20.600001276494,-51.200002552988,35.51));
#4856=CARTESIAN_POINT('',(-41.200002552988,49.200002552988,35.51));
#4857=CARTESIAN_POINT('',(-41.200002552988,51.200002552988,35.51));
#4858=CARTESIAN_POINT('',(-41.200002552988,25.600001276494,35.51));
#4859=CARTESIAN_POINT('',(-51.200002552988,51.200002552988,35.51));
#4860=CARTESIAN_POINT('',(-25.600001276494,51.200002552988,35.51));
#4861=CARTESIAN_POINT('',(-51.200002552988,41.200002552988,35.51));
#4862=CARTESIAN_POINT('',(-51.200002552988,20.600001276494,35.51));
#4863=CARTESIAN_POINT('',(-49.200002552988,41.200002552988,35.51));
#4864=CARTESIAN_POINT('',(-20.600001276494,41.200002552988,35.51));
#4865=CARTESIAN_POINT('Origin',(-49.200002552988,49.200002552988,35.51));
#4866=CARTESIAN_POINT('',(42.750002552988,-30.500002552988,35.51));
#4867=CARTESIAN_POINT('',(42.750002552988,30.499997447012,35.51));
#4868=CARTESIAN_POINT('',(42.750002552988,-15.000001276494,35.51));
#4869=CARTESIAN_POINT('',(47.250002552988,-30.500002552988,35.51));
#4870=CARTESIAN_POINT('',(23.375001276494,-30.500002552988,35.51));
#4871=CARTESIAN_POINT('',(47.250002552988,30.499997447012,35.51));
#4872=CARTESIAN_POINT('',(47.250002552988,14.999998723506,35.51));
#4873=CARTESIAN_POINT('',(21.625001276494,30.499997447012,35.51));
#4874=CARTESIAN_POINT('',(24.750002552988,-30.500002552988,35.51));
#4875=CARTESIAN_POINT('',(20.250002552988,-30.500002552988,35.51));
#4876=CARTESIAN_POINT('',(12.125001276494,-30.500002552988,35.51));
#4877=CARTESIAN_POINT('',(24.750002552988,30.499997447012,35.51));
#4878=CARTESIAN_POINT('',(24.750002552988,14.999998723506,35.51));
#4879=CARTESIAN_POINT('',(20.250002552988,30.499997447012,35.51));
#4880=CARTESIAN_POINT('',(10.375001276494,30.499997447012,35.51));
#4881=CARTESIAN_POINT('',(20.250002552988,-15.000001276494,35.51));
#4882=CARTESIAN_POINT('',(9.75000255298801,-30.500002552988,35.51));
#4883=CARTESIAN_POINT('',(5.25000255298801,-30.500002552988,35.51));
#4884=CARTESIAN_POINT('',(4.625001276494,-30.500002552988,35.51));
#4885=CARTESIAN_POINT('',(9.75000255298801,30.499997447012,35.51));
#4886=CARTESIAN_POINT('',(9.75000255298801,14.999998723506,35.51));
#4887=CARTESIAN_POINT('',(5.25000255298801,30.499997447012,35.51));
#4888=CARTESIAN_POINT('',(2.875001276494,30.499997447012,35.51));
#4889=CARTESIAN_POINT('',(5.25000255298801,-15.000001276494,35.51));
#4890=CARTESIAN_POINT('',(-5.24999744701199,-30.500002552988,35.51));
#4891=CARTESIAN_POINT('',(-9.74999744701199,-30.500002552988,35.51));
#4892=CARTESIAN_POINT('',(-2.87499872350599,-30.500002552988,35.51));
#4893=CARTESIAN_POINT('',(-5.24999744701199,30.499997447012,35.51));
#4894=CARTESIAN_POINT('',(-5.24999744701199,14.999998723506,35.51));
#4895=CARTESIAN_POINT('',(-9.74999744701199,30.499997447012,35.51));
#4896=CARTESIAN_POINT('',(-4.624998723506,30.499997447012,35.51));
#4897=CARTESIAN_POINT('',(-9.74999744701199,-15.000001276494,35.51));
#4898=CARTESIAN_POINT('',(-20.249997447012,-30.500002552988,35.51));
#4899=CARTESIAN_POINT('',(-24.749997447012,-30.500002552988,35.51));
#4900=CARTESIAN_POINT('',(-10.374998723506,-30.500002552988,35.51));
#4901=CARTESIAN_POINT('',(-20.249997447012,30.499997447012,35.51));
#4902=CARTESIAN_POINT('',(-20.249997447012,14.999998723506,35.51));
#4903=CARTESIAN_POINT('',(-24.749997447012,30.499997447012,35.51));
#4904=CARTESIAN_POINT('',(-12.124998723506,30.499997447012,35.51));
#4905=CARTESIAN_POINT('',(-24.749997447012,-15.000001276494,35.51));
#4906=CARTESIAN_POINT('',(-35.249997447012,-30.500002552988,35.51));
#4907=CARTESIAN_POINT('',(-39.749997447012,-30.500002552988,35.51));
#4908=CARTESIAN_POINT('',(-17.874998723506,-30.500002552988,35.51));
#4909=CARTESIAN_POINT('',(-35.249997447012,30.499997447012,35.51));
#4910=CARTESIAN_POINT('',(-35.249997447012,14.999998723506,35.51));
#4911=CARTESIAN_POINT('',(-39.749997447012,30.499997447012,35.51));
#4912=CARTESIAN_POINT('',(-19.624998723506,30.499997447012,35.51));
#4913=CARTESIAN_POINT('',(-39.749997447012,-15.000001276494,35.51));
#4914=CARTESIAN_POINT('Origin',(-50.750002552988,50.750002552988,35.51));
#4915=CARTESIAN_POINT('',(-53.750002552988,50.750002552988,35.51));
#4916=CARTESIAN_POINT('Origin',(-53.750002552988,53.750002552988,35.51));
#4917=CARTESIAN_POINT('',(-53.750002552988,-50.750002552988,35.51));
#4918=CARTESIAN_POINT('Origin',(-50.750002552988,-50.750002552988,35.51));
#4919=CARTESIAN_POINT('Origin',(-21.624998723506,-30.500002552988,36.01));
#4920=CARTESIAN_POINT('',(-46.749997447012,-30.000002552988,36.01));
#4921=CARTESIAN_POINT('',(-43.249997447012,-30.000002552988,36.01));
#4922=CARTESIAN_POINT('',(-21.624998723506,-30.000002552988,36.01));
#4923=CARTESIAN_POINT('Origin',(-42.749997447012,-30.500002552988,36.01));
#4924=CARTESIAN_POINT('Origin',(-47.249997447012,-30.500002552988,36.01));
#4925=CARTESIAN_POINT('Origin',(-42.749997447012,14.999998723506,36.01));
#4926=CARTESIAN_POINT('',(-43.249997447012,29.999997447012,36.01));
#4927=CARTESIAN_POINT('',(-43.249997447012,14.999998723506,36.01));
#4928=CARTESIAN_POINT('Origin',(-42.749997447012,30.499997447012,36.01));
#4929=CARTESIAN_POINT('Origin',(-23.374998723506,30.499997447012,36.01));
#4930=CARTESIAN_POINT('',(-46.749997447012,29.999997447012,36.01));
#4931=CARTESIAN_POINT('',(-23.374998723506,29.999997447012,36.01));
#4932=CARTESIAN_POINT('Origin',(-47.249997447012,30.499997447012,36.01));
#4933=CARTESIAN_POINT('Origin',(-47.249997447012,-15.000001276494,36.01));
#4934=CARTESIAN_POINT('',(-46.749997447012,-15.000001276494,36.01));
#4935=CARTESIAN_POINT('Origin',(-43.249997447012,29.999997447012,38.51));
#4936=CARTESIAN_POINT('',(-43.249997447012,-30.000002552988,38.01));
#4937=CARTESIAN_POINT('',(-43.249997447012,-30.000002552988,38.51));
#4938=CARTESIAN_POINT('',(-43.249997447012,29.999997447012,38.01));
#4939=CARTESIAN_POINT('',(-43.249997447012,14.999998723506,38.01));
#4940=CARTESIAN_POINT('',(-43.249997447012,29.999997447012,38.51));
#4941=CARTESIAN_POINT('Origin',(-43.249997447012,-30.000002552988,38.51));
#4942=CARTESIAN_POINT('',(-46.749997447012,-30.000002552988,38.01));
#4943=CARTESIAN_POINT('',(-46.749997447012,-30.000002552988,38.51));
#4944=CARTESIAN_POINT('',(-21.624998723506,-30.000002552988,38.01));
#4945=CARTESIAN_POINT('Origin',(-17.874998723506,-30.500002552988,36.01));
#4946=CARTESIAN_POINT('',(-39.249997447012,-30.000002552988,36.01));
#4947=CARTESIAN_POINT('',(-35.749997447012,-30.000002552988,36.01));
#4948=CARTESIAN_POINT('',(-17.874998723506,-30.000002552988,36.01));
#4949=CARTESIAN_POINT('Origin',(-35.249997447012,-30.500002552988,36.01));
#4950=CARTESIAN_POINT('Origin',(-39.749997447012,-30.500002552988,36.01));
#4951=CARTESIAN_POINT('Origin',(-35.249997447012,14.999998723506,36.01));
#4952=CARTESIAN_POINT('',(-35.749997447012,29.999997447012,36.01));
#4953=CARTESIAN_POINT('',(-35.749997447012,14.999998723506,36.01));
#4954=CARTESIAN_POINT('Origin',(-35.249997447012,30.499997447012,36.01));
#4955=CARTESIAN_POINT('Origin',(-19.624998723506,30.499997447012,36.01));
#4956=CARTESIAN_POINT('',(-39.249997447012,29.999997447012,36.01));
#4957=CARTESIAN_POINT('',(-19.624998723506,29.999997447012,36.01));
#4958=CARTESIAN_POINT('Origin',(-39.749997447012,30.499997447012,36.01));
#4959=CARTESIAN_POINT('Origin',(-39.749997447012,-15.000001276494,36.01));
#4960=CARTESIAN_POINT('',(-39.249997447012,-15.000001276494,36.01));
#4961=CARTESIAN_POINT('Origin',(-35.749997447012,29.999997447012,38.51));
#4962=CARTESIAN_POINT('',(-35.749997447012,-30.000002552988,38.01));
#4963=CARTESIAN_POINT('',(-35.749997447012,-30.000002552988,38.51));
#4964=CARTESIAN_POINT('',(-35.749997447012,29.999997447012,38.01));
#4965=CARTESIAN_POINT('',(-35.749997447012,14.999998723506,38.01));
#4966=CARTESIAN_POINT('',(-35.749997447012,29.999997447012,38.51));
#4967=CARTESIAN_POINT('Origin',(-35.749997447012,-30.000002552988,38.51));
#4968=CARTESIAN_POINT('',(-39.249997447012,-30.000002552988,38.01));
#4969=CARTESIAN_POINT('',(-39.249997447012,-30.000002552988,38.51));
#4970=CARTESIAN_POINT('',(-17.874998723506,-30.000002552988,38.01));
#4971=CARTESIAN_POINT('Origin',(-14.124998723506,-30.500002552988,36.01));
#4972=CARTESIAN_POINT('',(-31.749997447012,-30.000002552988,36.01));
#4973=CARTESIAN_POINT('Origin',(-32.249997447012,-30.500002552988,36.01));
#4974=CARTESIAN_POINT('',(-28.249997447012,-30.000002552988,36.01));
#4975=CARTESIAN_POINT('',(-14.124998723506,-30.000002552988,36.01));
#4976=CARTESIAN_POINT('Origin',(-27.749997447012,-30.500002552988,36.01));
#4977=CARTESIAN_POINT('Origin',(-27.749997447012,14.999998723506,36.01));
#4978=CARTESIAN_POINT('',(-28.249997447012,29.999997447012,36.01));
#4979=CARTESIAN_POINT('',(-28.249997447012,14.999998723506,36.01));
#4980=CARTESIAN_POINT('Origin',(-27.749997447012,30.499997447012,36.01));
#4981=CARTESIAN_POINT('Origin',(-15.874998723506,30.499997447012,36.01));
#4982=CARTESIAN_POINT('',(-31.749997447012,29.999997447012,36.01));
#4983=CARTESIAN_POINT('',(-15.874998723506,29.999997447012,36.01));
#4984=CARTESIAN_POINT('Origin',(-32.249997447012,30.499997447012,36.01));
#4985=CARTESIAN_POINT('Origin',(-32.249997447012,-15.000001276494,36.01));
#4986=CARTESIAN_POINT('',(-31.749997447012,-15.000001276494,36.01));
#4987=CARTESIAN_POINT('Origin',(-28.249997447012,29.999997447012,38.51));
#4988=CARTESIAN_POINT('',(-28.249997447012,-30.000002552988,38.01));
#4989=CARTESIAN_POINT('',(-28.249997447012,-30.000002552988,38.51));
#4990=CARTESIAN_POINT('',(-28.249997447012,29.999997447012,38.01));
#4991=CARTESIAN_POINT('',(-28.249997447012,14.999998723506,38.01));
#4992=CARTESIAN_POINT('',(-28.249997447012,29.999997447012,38.51));
#4993=CARTESIAN_POINT('Origin',(-28.249997447012,-30.000002552988,38.51));
#4994=CARTESIAN_POINT('',(-31.749997447012,-30.000002552988,38.01));
#4995=CARTESIAN_POINT('',(-31.749997447012,-30.000002552988,38.51));
#4996=CARTESIAN_POINT('',(-14.124998723506,-30.000002552988,38.01));
#4997=CARTESIAN_POINT('Origin',(-10.374998723506,-30.500002552988,36.01));
#4998=CARTESIAN_POINT('',(-24.249997447012,-30.000002552988,36.01));
#4999=CARTESIAN_POINT('',(-20.749997447012,-30.000002552988,36.01));
#5000=CARTESIAN_POINT('',(-10.374998723506,-30.000002552988,36.01));
#5001=CARTESIAN_POINT('Origin',(-20.249997447012,-30.500002552988,36.01));
#5002=CARTESIAN_POINT('Origin',(-24.749997447012,-30.500002552988,36.01));
#5003=CARTESIAN_POINT('Origin',(-20.249997447012,14.999998723506,36.01));
#5004=CARTESIAN_POINT('',(-20.749997447012,29.999997447012,36.01));
#5005=CARTESIAN_POINT('',(-20.749997447012,14.999998723506,36.01));
#5006=CARTESIAN_POINT('Origin',(-20.249997447012,30.499997447012,36.01));
#5007=CARTESIAN_POINT('Origin',(-12.124998723506,30.499997447012,36.01));
#5008=CARTESIAN_POINT('',(-24.249997447012,29.999997447012,36.01));
#5009=CARTESIAN_POINT('',(-12.124998723506,29.999997447012,36.01));
#5010=CARTESIAN_POINT('Origin',(-24.749997447012,30.499997447012,36.01));
#5011=CARTESIAN_POINT('Origin',(-24.749997447012,-15.000001276494,36.01));
#5012=CARTESIAN_POINT('',(-24.249997447012,-15.000001276494,36.01));
#5013=CARTESIAN_POINT('Origin',(-20.749997447012,29.999997447012,38.51));
#5014=CARTESIAN_POINT('',(-20.749997447012,-30.000002552988,38.01));
#5015=CARTESIAN_POINT('',(-20.749997447012,-30.000002552988,38.51));
#5016=CARTESIAN_POINT('',(-20.749997447012,29.999997447012,38.01));
#5017=CARTESIAN_POINT('',(-20.749997447012,14.999998723506,38.01));
#5018=CARTESIAN_POINT('',(-20.749997447012,29.999997447012,38.51));
#5019=CARTESIAN_POINT('Origin',(-20.749997447012,-30.000002552988,38.51));
#5020=CARTESIAN_POINT('',(-24.249997447012,-30.000002552988,38.01));
#5021=CARTESIAN_POINT('',(-24.249997447012,-30.000002552988,38.51));
#5022=CARTESIAN_POINT('',(-10.374998723506,-30.000002552988,38.01));
#5023=CARTESIAN_POINT('Origin',(-6.62499872350599,-30.500002552988,36.01));
#5024=CARTESIAN_POINT('',(-16.749997447012,-30.000002552988,36.01));
#5025=CARTESIAN_POINT('Origin',(-17.249997447012,-30.500002552988,36.01));
#5026=CARTESIAN_POINT('',(-13.249997447012,-30.000002552988,36.01));
#5027=CARTESIAN_POINT('',(-6.62499872350599,-30.000002552988,36.01));
#5028=CARTESIAN_POINT('Origin',(-12.749997447012,-30.500002552988,36.01));
#5029=CARTESIAN_POINT('Origin',(-17.249997447012,-15.000001276494,36.01));
#5030=CARTESIAN_POINT('',(-16.749997447012,29.999997447012,36.01));
#5031=CARTESIAN_POINT('',(-16.749997447012,-15.000001276494,36.01));
#5032=CARTESIAN_POINT('Origin',(-17.249997447012,30.499997447012,36.01));
#5033=CARTESIAN_POINT('Origin',(-12.749997447012,14.999998723506,36.01));
#5034=CARTESIAN_POINT('',(-13.249997447012,29.999997447012,36.01));
#5035=CARTESIAN_POINT('',(-13.249997447012,14.999998723506,36.01));
#5036=CARTESIAN_POINT('Origin',(-12.749997447012,30.499997447012,36.01));
#5037=CARTESIAN_POINT('Origin',(-8.37499872350599,30.499997447012,36.01));
#5038=CARTESIAN_POINT('',(-8.37499872350599,29.999997447012,36.01));
#5039=CARTESIAN_POINT('Origin',(-13.249997447012,29.999997447012,38.51));
#5040=CARTESIAN_POINT('',(-13.249997447012,-30.000002552988,38.01));
#5041=CARTESIAN_POINT('',(-13.249997447012,-30.000002552988,38.51));
#5042=CARTESIAN_POINT('',(-13.249997447012,29.999997447012,38.01));
#5043=CARTESIAN_POINT('',(-13.249997447012,14.999998723506,38.01));
#5044=CARTESIAN_POINT('',(-13.249997447012,29.999997447012,38.51));
#5045=CARTESIAN_POINT('Origin',(-13.249997447012,-30.000002552988,38.51));
#5046=CARTESIAN_POINT('',(-16.749997447012,-30.000002552988,38.01));
#5047=CARTESIAN_POINT('',(-16.749997447012,-30.000002552988,38.51));
#5048=CARTESIAN_POINT('',(-6.62499872350599,-30.000002552988,38.01));
#5049=CARTESIAN_POINT('Origin',(-2.87499872350599,-30.500002552988,36.01));
#5050=CARTESIAN_POINT('',(-9.24999744701199,-30.000002552988,36.01));
#5051=CARTESIAN_POINT('Origin',(-9.74999744701199,-30.500002552988,36.01));
#5052=CARTESIAN_POINT('',(-5.74999744701199,-30.000002552988,36.01));
#5053=CARTESIAN_POINT('',(-2.87499872350599,-30.000002552988,36.01));
#5054=CARTESIAN_POINT('Origin',(-5.24999744701199,-30.500002552988,36.01));
#5055=CARTESIAN_POINT('Origin',(-9.74999744701199,-15.000001276494,36.01));
#5056=CARTESIAN_POINT('',(-9.24999744701199,29.999997447012,36.01));
#5057=CARTESIAN_POINT('',(-9.24999744701199,-15.000001276494,36.01));
#5058=CARTESIAN_POINT('Origin',(-9.74999744701199,30.499997447012,36.01));
#5059=CARTESIAN_POINT('Origin',(-5.24999744701199,14.999998723506,36.01));
#5060=CARTESIAN_POINT('',(-5.74999744701199,29.999997447012,36.01));
#5061=CARTESIAN_POINT('',(-5.74999744701199,14.999998723506,36.01));
#5062=CARTESIAN_POINT('Origin',(-5.24999744701199,30.499997447012,36.01));
#5063=CARTESIAN_POINT('Origin',(-4.624998723506,30.499997447012,36.01));
#5064=CARTESIAN_POINT('',(-4.624998723506,29.999997447012,36.01));
#5065=CARTESIAN_POINT('Origin',(-5.74999744701199,29.999997447012,38.51));
#5066=CARTESIAN_POINT('',(-5.74999744701199,-30.000002552988,38.01));
#5067=CARTESIAN_POINT('',(-5.74999744701199,-30.000002552988,38.51));
#5068=CARTESIAN_POINT('',(-5.74999744701199,29.999997447012,38.01));
#5069=CARTESIAN_POINT('',(-5.74999744701199,14.999998723506,38.01));
#5070=CARTESIAN_POINT('',(-5.74999744701199,29.999997447012,38.51));
#5071=CARTESIAN_POINT('Origin',(-5.74999744701199,-30.000002552988,38.51));
#5072=CARTESIAN_POINT('',(-9.24999744701199,-30.000002552988,38.01));
#5073=CARTESIAN_POINT('',(-9.24999744701199,-30.000002552988,38.51));
#5074=CARTESIAN_POINT('',(-2.87499872350599,-30.000002552988,38.01));
#5075=CARTESIAN_POINT('Origin',(0.875001276494005,-30.500002552988,36.01));
#5076=CARTESIAN_POINT('',(-1.74999744701199,-30.000002552988,36.01));
#5077=CARTESIAN_POINT('Origin',(-2.24999744701199,-30.500002552988,36.01));
#5078=CARTESIAN_POINT('',(1.75000255298801,-30.000002552988,36.01));
#5079=CARTESIAN_POINT('',(0.875001276494005,-30.000002552988,36.01));
#5080=CARTESIAN_POINT('Origin',(2.25000255298801,-30.500002552988,36.01));
#5081=CARTESIAN_POINT('Origin',(-2.24999744701199,-15.000001276494,36.01));
#5082=CARTESIAN_POINT('',(-1.74999744701199,29.999997447012,36.01));
#5083=CARTESIAN_POINT('',(-1.74999744701199,-15.000001276494,36.01));
#5084=CARTESIAN_POINT('Origin',(-2.24999744701199,30.499997447012,36.01));
#5085=CARTESIAN_POINT('Origin',(2.25000255298801,14.999998723506,36.01));
#5086=CARTESIAN_POINT('',(1.75000255298801,29.999997447012,36.01));
#5087=CARTESIAN_POINT('',(1.75000255298801,14.999998723506,36.01));
#5088=CARTESIAN_POINT('Origin',(2.25000255298801,30.499997447012,36.01));
#5089=CARTESIAN_POINT('Origin',(-0.874998723505993,30.499997447012,36.01));
#5090=CARTESIAN_POINT('',(-0.874998723505993,29.999997447012,36.01));
#5091=CARTESIAN_POINT('Origin',(1.75000255298801,29.999997447012,38.51));
#5092=CARTESIAN_POINT('',(1.75000255298801,-30.000002552988,38.01));
#5093=CARTESIAN_POINT('',(1.75000255298801,-30.000002552988,38.51));
#5094=CARTESIAN_POINT('',(1.75000255298801,29.999997447012,38.01));
#5095=CARTESIAN_POINT('',(1.75000255298801,14.999998723506,38.01));
#5096=CARTESIAN_POINT('',(1.75000255298801,29.999997447012,38.51));
#5097=CARTESIAN_POINT('Origin',(1.75000255298801,-30.000002552988,38.51));
#5098=CARTESIAN_POINT('',(-1.74999744701199,-30.000002552988,38.01));
#5099=CARTESIAN_POINT('',(-1.74999744701199,-30.000002552988,38.51));
#5100=CARTESIAN_POINT('',(0.875001276494005,-30.000002552988,38.01));
#5101=CARTESIAN_POINT('Origin',(4.625001276494,-30.500002552988,36.01));
#5102=CARTESIAN_POINT('',(5.75000255298801,-30.000002552988,36.01));
#5103=CARTESIAN_POINT('Origin',(5.25000255298801,-30.500002552988,36.01));
#5104=CARTESIAN_POINT('',(9.25000255298801,-30.000002552988,36.01));
#5105=CARTESIAN_POINT('',(4.625001276494,-30.000002552988,36.01));
#5106=CARTESIAN_POINT('Origin',(9.75000255298801,-30.500002552988,36.01));
#5107=CARTESIAN_POINT('Origin',(5.25000255298801,-15.000001276494,36.01));
#5108=CARTESIAN_POINT('',(5.75000255298801,29.999997447012,36.01));
#5109=CARTESIAN_POINT('',(5.75000255298801,-15.000001276494,36.01));
#5110=CARTESIAN_POINT('Origin',(5.25000255298801,30.499997447012,36.01));
#5111=CARTESIAN_POINT('Origin',(9.75000255298801,14.999998723506,36.01));
#5112=CARTESIAN_POINT('',(9.25000255298801,29.999997447012,36.01));
#5113=CARTESIAN_POINT('',(9.25000255298801,14.999998723506,36.01));
#5114=CARTESIAN_POINT('Origin',(9.75000255298801,30.499997447012,36.01));
#5115=CARTESIAN_POINT('Origin',(2.875001276494,30.499997447012,36.01));
#5116=CARTESIAN_POINT('',(2.875001276494,29.999997447012,36.01));
#5117=CARTESIAN_POINT('Origin',(9.25000255298801,29.999997447012,38.51));
#5118=CARTESIAN_POINT('',(9.25000255298801,-30.000002552988,38.01));
#5119=CARTESIAN_POINT('',(9.25000255298801,-30.000002552988,38.51));
#5120=CARTESIAN_POINT('',(9.25000255298801,29.999997447012,38.01));
#5121=CARTESIAN_POINT('',(9.25000255298801,14.999998723506,38.01));
#5122=CARTESIAN_POINT('',(9.25000255298801,29.999997447012,38.51));
#5123=CARTESIAN_POINT('Origin',(9.25000255298801,-30.000002552988,38.51));
#5124=CARTESIAN_POINT('',(5.75000255298801,-30.000002552988,38.01));
#5125=CARTESIAN_POINT('',(5.75000255298801,-30.000002552988,38.51));
#5126=CARTESIAN_POINT('',(4.625001276494,-30.000002552988,38.01));
#5127=CARTESIAN_POINT('Origin',(8.37500127649401,-30.500002552988,36.01));
#5128=CARTESIAN_POINT('',(13.250002552988,-30.000002552988,36.01));
#5129=CARTESIAN_POINT('Origin',(12.750002552988,-30.500002552988,36.01));
#5130=CARTESIAN_POINT('',(16.750002552988,-30.000002552988,36.01));
#5131=CARTESIAN_POINT('',(8.37500127649401,-30.000002552988,36.01));
#5132=CARTESIAN_POINT('Origin',(17.250002552988,-30.500002552988,36.01));
#5133=CARTESIAN_POINT('Origin',(6.625001276494,30.499997447012,36.01));
#5134=CARTESIAN_POINT('',(16.750002552988,29.999997447012,36.01));
#5135=CARTESIAN_POINT('',(13.250002552988,29.999997447012,36.01));
#5136=CARTESIAN_POINT('',(6.625001276494,29.999997447012,36.01));
#5137=CARTESIAN_POINT('Origin',(12.750002552988,30.499997447012,36.01));
#5138=CARTESIAN_POINT('Origin',(17.250002552988,30.499997447012,36.01));
#5139=CARTESIAN_POINT('Origin',(12.750002552988,-15.000001276494,36.01));
#5140=CARTESIAN_POINT('',(13.250002552988,-15.000001276494,36.01));
#5141=CARTESIAN_POINT('Origin',(17.250002552988,14.999998723506,36.01));
#5142=CARTESIAN_POINT('',(16.750002552988,14.999998723506,36.01));
#5143=CARTESIAN_POINT('Origin',(13.250002552988,-30.000002552988,38.51));
#5144=CARTESIAN_POINT('',(13.250002552988,29.999997447012,38.01));
#5145=CARTESIAN_POINT('',(13.250002552988,29.999997447012,38.51));
#5146=CARTESIAN_POINT('',(13.250002552988,-30.000002552988,38.01));
#5147=CARTESIAN_POINT('',(13.250002552988,-15.000001276494,38.01));
#5148=CARTESIAN_POINT('',(13.250002552988,-30.000002552988,38.51));
#5149=CARTESIAN_POINT('Origin',(13.250002552988,29.999997447012,38.51));
#5150=CARTESIAN_POINT('',(16.750002552988,29.999997447012,38.01));
#5151=CARTESIAN_POINT('',(16.750002552988,29.999997447012,38.51));
#5152=CARTESIAN_POINT('',(6.625001276494,29.999997447012,38.01));
#5153=CARTESIAN_POINT('Origin',(12.125001276494,-30.500002552988,36.01));
#5154=CARTESIAN_POINT('',(20.750002552988,-30.000002552988,36.01));
#5155=CARTESIAN_POINT('',(24.250002552988,-30.000002552988,36.01));
#5156=CARTESIAN_POINT('',(12.125001276494,-30.000002552988,36.01));
#5157=CARTESIAN_POINT('Origin',(24.750002552988,-30.500002552988,36.01));
#5158=CARTESIAN_POINT('Origin',(20.250002552988,-30.500002552988,36.01));
#5159=CARTESIAN_POINT('Origin',(24.750002552988,14.999998723506,36.01));
#5160=CARTESIAN_POINT('',(24.250002552988,29.999997447012,36.01));
#5161=CARTESIAN_POINT('',(24.250002552988,14.999998723506,36.01));
#5162=CARTESIAN_POINT('Origin',(24.750002552988,30.499997447012,36.01));
#5163=CARTESIAN_POINT('Origin',(10.375001276494,30.499997447012,36.01));
#5164=CARTESIAN_POINT('',(20.750002552988,29.999997447012,36.01));
#5165=CARTESIAN_POINT('',(10.375001276494,29.999997447012,36.01));
#5166=CARTESIAN_POINT('Origin',(20.250002552988,30.499997447012,36.01));
#5167=CARTESIAN_POINT('Origin',(20.250002552988,-15.000001276494,36.01));
#5168=CARTESIAN_POINT('',(20.750002552988,-15.000001276494,36.01));
#5169=CARTESIAN_POINT('Origin',(24.250002552988,29.999997447012,38.51));
#5170=CARTESIAN_POINT('',(24.250002552988,-30.000002552988,38.01));
#5171=CARTESIAN_POINT('',(24.250002552988,-30.000002552988,38.51));
#5172=CARTESIAN_POINT('',(24.250002552988,29.999997447012,38.01));
#5173=CARTESIAN_POINT('',(24.250002552988,14.999998723506,38.01));
#5174=CARTESIAN_POINT('',(24.250002552988,29.999997447012,38.51));
#5175=CARTESIAN_POINT('Origin',(24.250002552988,-30.000002552988,38.51));
#5176=CARTESIAN_POINT('',(20.750002552988,-30.000002552988,38.01));
#5177=CARTESIAN_POINT('',(20.750002552988,-30.000002552988,38.51));
#5178=CARTESIAN_POINT('',(12.125001276494,-30.000002552988,38.01));
#5179=CARTESIAN_POINT('Origin',(14.125001276494,30.499997447012,36.01));
#5180=CARTESIAN_POINT('',(31.750002552988,29.999997447012,36.01));
#5181=CARTESIAN_POINT('Origin',(32.250002552988,30.499997447012,36.01));
#5182=CARTESIAN_POINT('',(28.250002552988,29.999997447012,36.01));
#5183=CARTESIAN_POINT('',(14.125001276494,29.999997447012,36.01));
#5184=CARTESIAN_POINT('Origin',(27.750002552988,30.499997447012,36.01));
#5185=CARTESIAN_POINT('Origin',(32.250002552988,14.999998723506,36.01));
#5186=CARTESIAN_POINT('',(31.750002552988,-30.000002552988,36.01));
#5187=CARTESIAN_POINT('',(31.750002552988,14.999998723506,36.01));
#5188=CARTESIAN_POINT('Origin',(32.250002552988,-30.500002552988,36.01));
#5189=CARTESIAN_POINT('Origin',(27.750002552988,-15.000001276494,36.01));
#5190=CARTESIAN_POINT('',(28.250002552988,-30.000002552988,36.01));
#5191=CARTESIAN_POINT('',(28.250002552988,-15.000001276494,36.01));
#5192=CARTESIAN_POINT('Origin',(27.750002552988,-30.500002552988,36.01));
#5193=CARTESIAN_POINT('Origin',(15.875001276494,-30.500002552988,36.01));
#5194=CARTESIAN_POINT('',(15.875001276494,-30.000002552988,36.01));
#5195=CARTESIAN_POINT('Origin',(28.250002552988,-30.000002552988,38.51));
#5196=CARTESIAN_POINT('',(28.250002552988,29.999997447012,38.01));
#5197=CARTESIAN_POINT('',(28.250002552988,29.999997447012,38.51));
#5198=CARTESIAN_POINT('',(28.250002552988,-30.000002552988,38.01));
#5199=CARTESIAN_POINT('',(28.250002552988,-15.000001276494,38.01));
#5200=CARTESIAN_POINT('',(28.250002552988,-30.000002552988,38.51));
#5201=CARTESIAN_POINT('Origin',(28.250002552988,29.999997447012,38.51));
#5202=CARTESIAN_POINT('',(31.750002552988,29.999997447012,38.01));
#5203=CARTESIAN_POINT('',(31.750002552988,29.999997447012,38.51));
#5204=CARTESIAN_POINT('',(14.125001276494,29.999997447012,38.01));
#5205=CARTESIAN_POINT('Origin',(42.750002552988,-15.000001276494,36.01));
#5206=CARTESIAN_POINT('',(43.250002552988,29.999997447012,36.01));
#5207=CARTESIAN_POINT('',(43.250002552988,-30.000002552988,36.01));
#5208=CARTESIAN_POINT('',(43.250002552988,-15.000001276494,36.01));
#5209=CARTESIAN_POINT('Origin',(42.750002552988,-30.500002552988,36.01));
#5210=CARTESIAN_POINT('Origin',(42.750002552988,30.499997447012,36.01));
#5211=CARTESIAN_POINT('Origin',(23.375001276494,-30.500002552988,36.01));
#5212=CARTESIAN_POINT('',(46.750002552988,-30.000002552988,36.01));
#5213=CARTESIAN_POINT('',(23.375001276494,-30.000002552988,36.01));
#5214=CARTESIAN_POINT('Origin',(47.250002552988,-30.500002552988,36.01));
#5215=CARTESIAN_POINT('Origin',(47.250002552988,14.999998723506,36.01));
#5216=CARTESIAN_POINT('',(46.750002552988,29.999997447012,36.01));
#5217=CARTESIAN_POINT('',(46.750002552988,14.999998723506,36.01));
#5218=CARTESIAN_POINT('Origin',(47.250002552988,30.499997447012,36.01));
#5219=CARTESIAN_POINT('Origin',(21.625001276494,30.499997447012,36.01));
#5220=CARTESIAN_POINT('',(21.625001276494,29.999997447012,36.01));
#5221=CARTESIAN_POINT('Origin',(46.750002552988,-30.000002552988,38.51));
#5222=CARTESIAN_POINT('',(43.250002552988,-30.000002552988,38.01));
#5223=CARTESIAN_POINT('',(43.250002552988,-30.000002552988,38.51));
#5224=CARTESIAN_POINT('',(46.750002552988,-30.000002552988,38.01));
#5225=CARTESIAN_POINT('',(23.375001276494,-30.000002552988,38.01));
#5226=CARTESIAN_POINT('',(46.750002552988,-30.000002552988,38.51));
#5227=CARTESIAN_POINT('Origin',(43.250002552988,-30.000002552988,38.51));
#5228=CARTESIAN_POINT('',(43.250002552988,29.999997447012,38.01));
#5229=CARTESIAN_POINT('',(43.250002552988,29.999997447012,38.51));
#5230=CARTESIAN_POINT('',(43.250002552988,-15.000001276494,38.01));
#5231=CARTESIAN_POINT('Origin',(39.750002552988,14.999998723506,38.01));
#5232=CARTESIAN_POINT('',(39.250002552988,29.999997447012,38.01));
#5233=CARTESIAN_POINT('Origin',(39.750002552988,30.499997447012,38.01));
#5234=CARTESIAN_POINT('',(39.250002552988,-30.000002552988,38.01));
#5235=CARTESIAN_POINT('',(39.250002552988,14.999998723506,38.01));
#5236=CARTESIAN_POINT('Origin',(39.750002552988,-30.500002552988,38.01));
#5237=CARTESIAN_POINT('Origin',(39.250002552988,29.999997447012,38.51));
#5238=CARTESIAN_POINT('',(39.250002552988,29.999997447012,36.01));
#5239=CARTESIAN_POINT('',(39.250002552988,29.999997447012,38.51));
#5240=CARTESIAN_POINT('',(39.250002552988,-30.000002552988,36.01));
#5241=CARTESIAN_POINT('',(39.250002552988,14.999998723506,36.01));
#5242=CARTESIAN_POINT('',(39.250002552988,-30.000002552988,38.51));
#5243=CARTESIAN_POINT('Origin',(17.875001276494,30.499997447012,36.01));
#5244=CARTESIAN_POINT('Origin',(39.750002552988,30.499997447012,36.01));
#5245=CARTESIAN_POINT('',(35.750002552988,29.999997447012,36.01));
#5246=CARTESIAN_POINT('',(17.875001276494,29.999997447012,36.01));
#5247=CARTESIAN_POINT('Origin',(35.250002552988,30.499997447012,36.01));
#5248=CARTESIAN_POINT('Origin',(35.250002552988,-15.000001276494,36.01));
#5249=CARTESIAN_POINT('',(35.750002552988,-30.000002552988,36.01));
#5250=CARTESIAN_POINT('',(35.750002552988,-15.000001276494,36.01));
#5251=CARTESIAN_POINT('Origin',(35.250002552988,-30.500002552988,36.01));
#5252=CARTESIAN_POINT('Origin',(19.625001276494,-30.500002552988,36.01));
#5253=CARTESIAN_POINT('',(19.625001276494,-30.000002552988,36.01));
#5254=CARTESIAN_POINT('Origin',(39.750002552988,-30.500002552988,36.01));
#5255=CARTESIAN_POINT('Origin',(-19.624998723506,30.499997447012,38.01));
#5256=CARTESIAN_POINT('',(-39.249997447012,29.999997447012,38.01));
#5257=CARTESIAN_POINT('Origin',(-39.749997447012,30.499997447012,38.01));
#5258=CARTESIAN_POINT('',(-19.624998723506,29.999997447012,38.01));
#5259=CARTESIAN_POINT('Origin',(-35.249997447012,30.499997447012,38.01));
#5260=CARTESIAN_POINT('Origin',(-17.874998723506,-30.500002552988,38.01));
#5261=CARTESIAN_POINT('Origin',(-35.249997447012,-30.500002552988,38.01));
#5262=CARTESIAN_POINT('Origin',(-39.749997447012,-30.500002552988,38.01));
#5263=CARTESIAN_POINT('Origin',(-35.249997447012,14.999998723506,38.01));
#5264=CARTESIAN_POINT('Origin',(-39.749997447012,-15.000001276494,38.01));
#5265=CARTESIAN_POINT('',(-39.249997447012,-15.000001276494,38.01));
#5266=CARTESIAN_POINT('Origin',(-39.249997447012,-30.000002552988,38.51));
#5267=CARTESIAN_POINT('',(-39.249997447012,29.999997447012,38.51));
#5268=CARTESIAN_POINT('Origin',(-23.374998723506,30.499997447012,38.01));
#5269=CARTESIAN_POINT('',(-46.749997447012,29.999997447012,38.01));
#5270=CARTESIAN_POINT('Origin',(-47.249997447012,30.499997447012,38.01));
#5271=CARTESIAN_POINT('',(-23.374998723506,29.999997447012,38.01));
#5272=CARTESIAN_POINT('Origin',(-42.749997447012,30.499997447012,38.01));
#5273=CARTESIAN_POINT('Origin',(-21.624998723506,-30.500002552988,38.01));
#5274=CARTESIAN_POINT('Origin',(-42.749997447012,-30.500002552988,38.01));
#5275=CARTESIAN_POINT('Origin',(-47.249997447012,-30.500002552988,38.01));
#5276=CARTESIAN_POINT('Origin',(-42.749997447012,14.999998723506,38.01));
#5277=CARTESIAN_POINT('Origin',(-47.249997447012,-15.000001276494,38.01));
#5278=CARTESIAN_POINT('',(-46.749997447012,-15.000001276494,38.01));
#5279=CARTESIAN_POINT('Origin',(-46.749997447012,-30.000002552988,38.51));
#5280=CARTESIAN_POINT('',(-46.749997447012,29.999997447012,38.51));
#5281=CARTESIAN_POINT('Origin',(-15.874998723506,30.499997447012,38.01));
#5282=CARTESIAN_POINT('',(-31.749997447012,29.999997447012,38.01));
#5283=CARTESIAN_POINT('Origin',(-32.249997447012,30.499997447012,38.01));
#5284=CARTESIAN_POINT('',(-15.874998723506,29.999997447012,38.01));
#5285=CARTESIAN_POINT('Origin',(-27.749997447012,30.499997447012,38.01));
#5286=CARTESIAN_POINT('Origin',(-14.124998723506,-30.500002552988,38.01));
#5287=CARTESIAN_POINT('Origin',(-27.749997447012,-30.500002552988,38.01));
#5288=CARTESIAN_POINT('Origin',(-32.249997447012,-30.500002552988,38.01));
#5289=CARTESIAN_POINT('Origin',(-27.749997447012,14.999998723506,38.01));
#5290=CARTESIAN_POINT('Origin',(-32.249997447012,-15.000001276494,38.01));
#5291=CARTESIAN_POINT('',(-31.749997447012,-15.000001276494,38.01));
#5292=CARTESIAN_POINT('Origin',(-31.749997447012,-30.000002552988,38.51));
#5293=CARTESIAN_POINT('',(-31.749997447012,29.999997447012,38.51));
#5294=CARTESIAN_POINT('Origin',(-12.124998723506,30.499997447012,38.01));
#5295=CARTESIAN_POINT('',(-24.249997447012,29.999997447012,38.01));
#5296=CARTESIAN_POINT('Origin',(-24.749997447012,30.499997447012,38.01));
#5297=CARTESIAN_POINT('',(-12.124998723506,29.999997447012,38.01));
#5298=CARTESIAN_POINT('Origin',(-20.249997447012,30.499997447012,38.01));
#5299=CARTESIAN_POINT('Origin',(-10.374998723506,-30.500002552988,38.01));
#5300=CARTESIAN_POINT('Origin',(-20.249997447012,-30.500002552988,38.01));
#5301=CARTESIAN_POINT('Origin',(-24.749997447012,-30.500002552988,38.01));
#5302=CARTESIAN_POINT('Origin',(-20.249997447012,14.999998723506,38.01));
#5303=CARTESIAN_POINT('Origin',(-24.749997447012,-15.000001276494,38.01));
#5304=CARTESIAN_POINT('',(-24.249997447012,-15.000001276494,38.01));
#5305=CARTESIAN_POINT('Origin',(-24.249997447012,-30.000002552988,38.51));
#5306=CARTESIAN_POINT('',(-24.249997447012,29.999997447012,38.51));
#5307=CARTESIAN_POINT('Origin',(-8.37499872350599,30.499997447012,38.01));
#5308=CARTESIAN_POINT('',(-16.749997447012,29.999997447012,38.01));
#5309=CARTESIAN_POINT('Origin',(-17.249997447012,30.499997447012,38.01));
#5310=CARTESIAN_POINT('',(-8.37499872350599,29.999997447012,38.01));
#5311=CARTESIAN_POINT('Origin',(-12.749997447012,30.499997447012,38.01));
#5312=CARTESIAN_POINT('Origin',(-6.62499872350599,-30.500002552988,38.01));
#5313=CARTESIAN_POINT('Origin',(-12.749997447012,-30.500002552988,38.01));
#5314=CARTESIAN_POINT('Origin',(-17.249997447012,-30.500002552988,38.01));
#5315=CARTESIAN_POINT('Origin',(-12.749997447012,14.999998723506,38.01));
#5316=CARTESIAN_POINT('Origin',(-17.249997447012,-15.000001276494,38.01));
#5317=CARTESIAN_POINT('',(-16.749997447012,-15.000001276494,38.01));
#5318=CARTESIAN_POINT('Origin',(-16.749997447012,-30.000002552988,38.51));
#5319=CARTESIAN_POINT('',(-16.749997447012,29.999997447012,38.51));
#5320=CARTESIAN_POINT('Origin',(-4.624998723506,30.499997447012,38.01));
#5321=CARTESIAN_POINT('',(-9.24999744701199,29.999997447012,38.01));
#5322=CARTESIAN_POINT('Origin',(-9.74999744701199,30.499997447012,38.01));
#5323=CARTESIAN_POINT('',(-4.624998723506,29.999997447012,38.01));
#5324=CARTESIAN_POINT('Origin',(-5.24999744701199,30.499997447012,38.01));
#5325=CARTESIAN_POINT('Origin',(-2.87499872350599,-30.500002552988,38.01));
#5326=CARTESIAN_POINT('Origin',(-5.24999744701199,-30.500002552988,38.01));
#5327=CARTESIAN_POINT('Origin',(-9.74999744701199,-30.500002552988,38.01));
#5328=CARTESIAN_POINT('Origin',(-5.24999744701199,14.999998723506,38.01));
#5329=CARTESIAN_POINT('Origin',(-9.74999744701199,-15.000001276494,38.01));
#5330=CARTESIAN_POINT('',(-9.24999744701199,-15.000001276494,38.01));
#5331=CARTESIAN_POINT('Origin',(-9.24999744701199,-30.000002552988,38.51));
#5332=CARTESIAN_POINT('',(-9.24999744701199,29.999997447012,38.51));
#5333=CARTESIAN_POINT('Origin',(0.875001276494005,-30.500002552988,38.01));
#5334=CARTESIAN_POINT('Origin',(2.25000255298801,-30.500002552988,38.01));
#5335=CARTESIAN_POINT('Origin',(-2.24999744701199,-30.500002552988,38.01));
#5336=CARTESIAN_POINT('Origin',(2.25000255298801,14.999998723506,38.01));
#5337=CARTESIAN_POINT('Origin',(2.25000255298801,30.499997447012,38.01));
#5338=CARTESIAN_POINT('Origin',(-0.874998723505993,30.499997447012,38.01));
#5339=CARTESIAN_POINT('',(-1.74999744701199,29.999997447012,38.01));
#5340=CARTESIAN_POINT('',(-0.874998723505993,29.999997447012,38.01));
#5341=CARTESIAN_POINT('Origin',(-2.24999744701199,30.499997447012,38.01));
#5342=CARTESIAN_POINT('Origin',(-2.24999744701199,-15.000001276494,38.01));
#5343=CARTESIAN_POINT('',(-1.74999744701199,-15.000001276494,38.01));
#5344=CARTESIAN_POINT('Origin',(-1.74999744701199,-30.000002552988,38.51));
#5345=CARTESIAN_POINT('',(-1.74999744701199,29.999997447012,38.51));
#5346=CARTESIAN_POINT('Origin',(2.875001276494,30.499997447012,38.01));
#5347=CARTESIAN_POINT('',(5.75000255298801,29.999997447012,38.01));
#5348=CARTESIAN_POINT('Origin',(5.25000255298801,30.499997447012,38.01));
#5349=CARTESIAN_POINT('',(2.875001276494,29.999997447012,38.01));
#5350=CARTESIAN_POINT('Origin',(9.75000255298801,30.499997447012,38.01));
#5351=CARTESIAN_POINT('Origin',(4.625001276494,-30.500002552988,38.01));
#5352=CARTESIAN_POINT('Origin',(9.75000255298801,-30.500002552988,38.01));
#5353=CARTESIAN_POINT('Origin',(5.25000255298801,-30.500002552988,38.01));
#5354=CARTESIAN_POINT('Origin',(9.75000255298801,14.999998723506,38.01));
#5355=CARTESIAN_POINT('Origin',(5.25000255298801,-15.000001276494,38.01));
#5356=CARTESIAN_POINT('',(5.75000255298801,-15.000001276494,38.01));
#5357=CARTESIAN_POINT('Origin',(5.75000255298801,-30.000002552988,38.51));
#5358=CARTESIAN_POINT('',(5.75000255298801,29.999997447012,38.51));
#5359=CARTESIAN_POINT('Origin',(8.37500127649401,-30.500002552988,38.01));
#5360=CARTESIAN_POINT('',(16.750002552988,-30.000002552988,38.01));
#5361=CARTESIAN_POINT('Origin',(17.250002552988,-30.500002552988,38.01));
#5362=CARTESIAN_POINT('',(8.37500127649401,-30.000002552988,38.01));
#5363=CARTESIAN_POINT('Origin',(12.750002552988,-30.500002552988,38.01));
#5364=CARTESIAN_POINT('Origin',(17.250002552988,14.999998723506,38.01));
#5365=CARTESIAN_POINT('Origin',(17.250002552988,30.499997447012,38.01));
#5366=CARTESIAN_POINT('',(16.750002552988,14.999998723506,38.01));
#5367=CARTESIAN_POINT('Origin',(6.625001276494,30.499997447012,38.01));
#5368=CARTESIAN_POINT('Origin',(12.750002552988,30.499997447012,38.01));
#5369=CARTESIAN_POINT('Origin',(12.750002552988,-15.000001276494,38.01));
#5370=CARTESIAN_POINT('Origin',(16.750002552988,-30.000002552988,38.51));
#5371=CARTESIAN_POINT('',(16.750002552988,-30.000002552988,38.51));
#5372=CARTESIAN_POINT('Origin',(10.375001276494,30.499997447012,38.01));
#5373=CARTESIAN_POINT('',(20.750002552988,29.999997447012,38.01));
#5374=CARTESIAN_POINT('Origin',(20.250002552988,30.499997447012,38.01));
#5375=CARTESIAN_POINT('',(10.375001276494,29.999997447012,38.01));
#5376=CARTESIAN_POINT('Origin',(24.750002552988,30.499997447012,38.01));
#5377=CARTESIAN_POINT('Origin',(12.125001276494,-30.500002552988,38.01));
#5378=CARTESIAN_POINT('Origin',(24.750002552988,-30.500002552988,38.01));
#5379=CARTESIAN_POINT('Origin',(20.250002552988,-30.500002552988,38.01));
#5380=CARTESIAN_POINT('Origin',(24.750002552988,14.999998723506,38.01));
#5381=CARTESIAN_POINT('Origin',(20.250002552988,-15.000001276494,38.01));
#5382=CARTESIAN_POINT('',(20.750002552988,-15.000001276494,38.01));
#5383=CARTESIAN_POINT('Origin',(20.750002552988,-30.000002552988,38.51));
#5384=CARTESIAN_POINT('',(20.750002552988,29.999997447012,38.51));
#5385=CARTESIAN_POINT('Origin',(39.750002552988,14.999998723506,36.01));
#5386=CARTESIAN_POINT('Origin',(21.625001276494,30.499997447012,38.01));
#5387=CARTESIAN_POINT('Origin',(42.750002552988,30.499997447012,38.01));
#5388=CARTESIAN_POINT('',(46.750002552988,29.999997447012,38.01));
#5389=CARTESIAN_POINT('',(21.625001276494,29.999997447012,38.01));
#5390=CARTESIAN_POINT('Origin',(47.250002552988,30.499997447012,38.01));
#5391=CARTESIAN_POINT('Origin',(43.250002552988,29.999997447012,38.51));
#5392=CARTESIAN_POINT('',(46.750002552988,29.999997447012,38.51));
#5393=CARTESIAN_POINT('Origin',(14.125001276494,30.499997447012,38.01));
#5394=CARTESIAN_POINT('Origin',(27.750002552988,30.499997447012,38.01));
#5395=CARTESIAN_POINT('Origin',(32.250002552988,30.499997447012,38.01));
#5396=CARTESIAN_POINT('Origin',(27.750002552988,-15.000001276494,38.01));
#5397=CARTESIAN_POINT('Origin',(27.750002552988,-30.500002552988,38.01));
#5398=CARTESIAN_POINT('Origin',(15.875001276494,-30.500002552988,38.01));
#5399=CARTESIAN_POINT('',(31.750002552988,-30.000002552988,38.01));
#5400=CARTESIAN_POINT('Origin',(32.250002552988,-30.500002552988,38.01));
#5401=CARTESIAN_POINT('',(15.875001276494,-30.000002552988,38.01));
#5402=CARTESIAN_POINT('Origin',(32.250002552988,14.999998723506,38.01));
#5403=CARTESIAN_POINT('',(31.750002552988,14.999998723506,38.01));
#5404=CARTESIAN_POINT('Origin',(31.750002552988,29.999997447012,38.51));
#5405=CARTESIAN_POINT('',(31.750002552988,-30.000002552988,38.51));
#5406=CARTESIAN_POINT('Origin',(17.875001276494,30.499997447012,38.01));
#5407=CARTESIAN_POINT('',(35.750002552988,29.999997447012,38.01));
#5408=CARTESIAN_POINT('',(17.875001276494,29.999997447012,38.01));
#5409=CARTESIAN_POINT('Origin',(35.250002552988,30.499997447012,38.01));
#5410=CARTESIAN_POINT('Origin',(35.250002552988,-15.000001276494,38.01));
#5411=CARTESIAN_POINT('',(35.750002552988,-30.000002552988,38.01));
#5412=CARTESIAN_POINT('Origin',(35.250002552988,-30.500002552988,38.01));
#5413=CARTESIAN_POINT('',(35.750002552988,-15.000001276494,38.01));
#5414=CARTESIAN_POINT('Origin',(19.625001276494,-30.500002552988,38.01));
#5415=CARTESIAN_POINT('',(19.625001276494,-30.000002552988,38.01));
#5416=CARTESIAN_POINT('Origin',(35.750002552988,29.999997447012,38.51));
#5417=CARTESIAN_POINT('',(35.750002552988,29.999997447012,38.51));
#5418=CARTESIAN_POINT('Origin',(35.750002552988,-30.000002552988,38.51));
#5419=CARTESIAN_POINT('',(35.750002552988,-30.000002552988,38.51));
#5420=CARTESIAN_POINT('Origin',(39.250002552988,-30.000002552988,38.51));
#5421=CARTESIAN_POINT('Origin',(23.375001276494,-30.500002552988,38.01));
#5422=CARTESIAN_POINT('Origin',(47.250002552988,-30.500002552988,38.01));
#5423=CARTESIAN_POINT('Origin',(42.750002552988,-30.500002552988,38.01));
#5424=CARTESIAN_POINT('Origin',(47.250002552988,14.999998723506,38.01));
#5425=CARTESIAN_POINT('',(46.750002552988,14.999998723506,38.01));
#5426=CARTESIAN_POINT('Origin',(46.750002552988,29.999997447012,38.51));
#5427=CARTESIAN_POINT('Origin',(42.750002552988,-15.000001276494,38.01));
#5428=CARTESIAN_POINT('Origin',(-31.749997447012,29.999997447012,38.51));
#5429=CARTESIAN_POINT('Origin',(-1.74999744701199,29.999997447012,38.51));
#5430=CARTESIAN_POINT('Origin',(31.750002552988,-30.000002552988,38.51));
#5431=CARTESIAN_POINT('Origin',(5.75000255298801,29.999997447012,38.51));
#5432=CARTESIAN_POINT('Origin',(-24.249997447012,29.999997447012,38.51));
#5433=CARTESIAN_POINT('Origin',(-39.249997447012,29.999997447012,38.51));
#5434=CARTESIAN_POINT('Origin',(-9.24999744701199,29.999997447012,38.51));
#5435=CARTESIAN_POINT('Origin',(20.750002552988,29.999997447012,38.51));
#5436=CARTESIAN_POINT('Origin',(16.750002552988,29.999997447012,38.51));
#5437=CARTESIAN_POINT('Origin',(-16.749997447012,29.999997447012,38.51));
#5438=CARTESIAN_POINT('Origin',(-46.749997447012,29.999997447012,38.51));
#5439=CARTESIAN_POINT('Origin',(-46.200002552988,51.200002552988,33.01));
#5440=CARTESIAN_POINT('',(-44.775002552988,51.200002552988,33.01));
#5441=CARTESIAN_POINT('Origin',(-46.200002552988,51.200002552988,33.01));
#5442=CARTESIAN_POINT('',(-44.775002552988,42.5352163598682,33.01));
#5443=CARTESIAN_POINT('',(-44.775002552988,51.200002552988,33.01));
#5444=CARTESIAN_POINT('',(-47.625002552988,41.3565737747049,33.01));
#5445=CARTESIAN_POINT('Ctrl Pts',(-47.625002552988,41.3565737747049,33.01));
#5446=CARTESIAN_POINT('Ctrl Pts',(-47.625002552988,41.3565737747049,33.1881516972378));
#5447=CARTESIAN_POINT('Ctrl Pts',(-47.5895029069994,41.3634428946502,33.3779781261054));
#5448=CARTESIAN_POINT('Ctrl Pts',(-47.4461331617441,41.3942790985155,33.7264338934246));
#5449=CARTESIAN_POINT('Ctrl Pts',(-47.3382808720528,41.4186064793362,33.885038581634));
#5450=CARTESIAN_POINT('Ctrl Pts',(-47.084890981179,41.4835002485944,34.1422991251021));
#5451=CARTESIAN_POINT('Ctrl Pts',(-46.9203067249534,41.5294232898672,34.254448295183));
#5452=CARTESIAN_POINT('Ctrl Pts',(-46.565250364913,41.6440194760087,34.4007133488668));
#5453=CARTESIAN_POINT('Ctrl Pts',(-46.3749579816652,41.7130311103215,34.435));
#5454=CARTESIAN_POINT('Ctrl Pts',(-46.0138644948673,41.8591006178028,34.435));
#5455=CARTESIAN_POINT('Ctrl Pts',(-45.8182179878398,41.9471795828493,34.3966251532868));
#5456=CARTESIAN_POINT('Ctrl Pts',(-45.4604352578716,42.1250082545297,34.2435027072348));
#5457=CARTESIAN_POINT('Ctrl Pts',(-45.2981097614952,42.2144883814033,34.1288844884381));
#5458=CARTESIAN_POINT('Ctrl Pts',(-45.0542775240933,42.3567029880453,33.8735735109981));
#5459=CARTESIAN_POINT('Ctrl Pts',(-44.9508735728212,42.4212274196645,33.7201974420322));
#5460=CARTESIAN_POINT('Ctrl Pts',(-44.8111382997226,42.5108501211966,33.3784552826048));
#5461=CARTESIAN_POINT('Ctrl Pts',(-44.775002552988,42.5352163598682,33.1898177202173));
#5462=CARTESIAN_POINT('Ctrl Pts',(-44.775002552988,42.5352163598682,33.01));
#5463=CARTESIAN_POINT('Ctrl Pts',(-44.775002552988,42.5352163598682,33.01));
#5464=CARTESIAN_POINT('Ctrl Pts',(-44.775002552988,42.5352163598682,32.8301822797827));
#5465=CARTESIAN_POINT('Ctrl Pts',(-44.8111382997226,42.5108501211966,32.6415447173952));
#5466=CARTESIAN_POINT('Ctrl Pts',(-44.9508735728212,42.4212274196645,32.2998025579678));
#5467=CARTESIAN_POINT('Ctrl Pts',(-45.0542775240933,42.3567029880453,32.1464264890019));
#5468=CARTESIAN_POINT('Ctrl Pts',(-45.2981097614952,42.2144883814033,31.8911155115619));
#5469=CARTESIAN_POINT('Ctrl Pts',(-45.4604352578716,42.1250082545297,31.7764972927652));
#5470=CARTESIAN_POINT('Ctrl Pts',(-45.8182179878398,41.9471795828493,31.6233748467132));
#5471=CARTESIAN_POINT('Ctrl Pts',(-46.0138644948673,41.8591006178028,31.585));
#5472=CARTESIAN_POINT('Ctrl Pts',(-46.3749579816652,41.7130311103215,31.585));
#5473=CARTESIAN_POINT('Ctrl Pts',(-46.565250364913,41.6440194760087,31.6192866511332));
#5474=CARTESIAN_POINT('Ctrl Pts',(-46.9203067249534,41.5294232898672,31.765551704817));
#5475=CARTESIAN_POINT('Ctrl Pts',(-47.084890981179,41.4835002485944,31.8777008748979));
#5476=CARTESIAN_POINT('Ctrl Pts',(-47.3382808720528,41.4186064793362,32.134961418366));
#5477=CARTESIAN_POINT('Ctrl Pts',(-47.4461331617441,41.3942790985155,32.2935661065754));
#5478=CARTESIAN_POINT('Ctrl Pts',(-47.5895029069994,41.3634428946502,32.6420218738946));
#5479=CARTESIAN_POINT('Ctrl Pts',(-47.625002552988,41.3565737747049,32.8318483027622));
#5480=CARTESIAN_POINT('Ctrl Pts',(-47.625002552988,41.3565737747049,33.01));
#5481=CARTESIAN_POINT('Origin',(-46.200002552988,51.200002552988,33.01));
#5482=CARTESIAN_POINT('',(-47.625002552988,-41.3565737747049,33.01));
#5483=CARTESIAN_POINT('',(-44.775002552988,-42.5352163598682,33.01));
#5484=CARTESIAN_POINT('Ctrl Pts',(-47.625002552988,-41.3565737747049,33.01));
#5485=CARTESIAN_POINT('Ctrl Pts',(-47.625002552988,-41.3565737747049,32.8318483027622));
#5486=CARTESIAN_POINT('Ctrl Pts',(-47.5895029069994,-41.3634428946502,32.6420218738946));
#5487=CARTESIAN_POINT('Ctrl Pts',(-47.4461331617441,-41.3942790985155,32.2935661065754));
#5488=CARTESIAN_POINT('Ctrl Pts',(-47.3382808720528,-41.4186064793362,32.134961418366));
#5489=CARTESIAN_POINT('Ctrl Pts',(-47.084890981179,-41.4835002485944,31.8777008748979));
#5490=CARTESIAN_POINT('Ctrl Pts',(-46.9203067249534,-41.5294232898672,31.765551704817));
#5491=CARTESIAN_POINT('Ctrl Pts',(-46.565250364913,-41.6440194760087,31.6192866511332));
#5492=CARTESIAN_POINT('Ctrl Pts',(-46.3749579816652,-41.7130311103215,31.585));
#5493=CARTESIAN_POINT('Ctrl Pts',(-46.0138644948673,-41.8591006178028,31.585));
#5494=CARTESIAN_POINT('Ctrl Pts',(-45.8182179878398,-41.9471795828493,31.6233748467132));
#5495=CARTESIAN_POINT('Ctrl Pts',(-45.4604352578716,-42.1250082545297,31.7764972927652));
#5496=CARTESIAN_POINT('Ctrl Pts',(-45.2981097614952,-42.2144883814033,31.8911155115619));
#5497=CARTESIAN_POINT('Ctrl Pts',(-45.0542775240933,-42.3567029880453,32.1464264890019));
#5498=CARTESIAN_POINT('Ctrl Pts',(-44.9508735728212,-42.4212274196645,32.2998025579678));
#5499=CARTESIAN_POINT('Ctrl Pts',(-44.8111382997226,-42.5108501211966,32.6415447173952));
#5500=CARTESIAN_POINT('Ctrl Pts',(-44.775002552988,-42.5352163598682,32.8301822797827));
#5501=CARTESIAN_POINT('Ctrl Pts',(-44.775002552988,-42.5352163598682,33.01));
#5502=CARTESIAN_POINT('Ctrl Pts',(-44.775002552988,-42.5352163598682,33.01));
#5503=CARTESIAN_POINT('Ctrl Pts',(-44.775002552988,-42.5352163598682,33.1898177202173));
#5504=CARTESIAN_POINT('Ctrl Pts',(-44.8111382997226,-42.5108501211966,33.3784552826048));
#5505=CARTESIAN_POINT('Ctrl Pts',(-44.9508735728212,-42.4212274196645,33.7201974420322));
#5506=CARTESIAN_POINT('Ctrl Pts',(-45.0542775240933,-42.3567029880453,33.8735735109981));
#5507=CARTESIAN_POINT('Ctrl Pts',(-45.2981097614952,-42.2144883814033,34.1288844884381));
#5508=CARTESIAN_POINT('Ctrl Pts',(-45.4604352578716,-42.1250082545297,34.2435027072348));
#5509=CARTESIAN_POINT('Ctrl Pts',(-45.8182179878398,-41.9471795828493,34.3966251532868));
#5510=CARTESIAN_POINT('Ctrl Pts',(-46.0138644948673,-41.8591006178028,34.435));
#5511=CARTESIAN_POINT('Ctrl Pts',(-46.3749579816652,-41.7130311103215,34.435));
#5512=CARTESIAN_POINT('Ctrl Pts',(-46.565250364913,-41.6440194760087,34.4007133488668));
#5513=CARTESIAN_POINT('Ctrl Pts',(-46.9203067249534,-41.5294232898672,34.254448295183));
#5514=CARTESIAN_POINT('Ctrl Pts',(-47.084890981179,-41.4835002485944,34.1422991251021));
#5515=CARTESIAN_POINT('Ctrl Pts',(-47.3382808720528,-41.4186064793362,33.885038581634));
#5516=CARTESIAN_POINT('Ctrl Pts',(-47.4461331617441,-41.3942790985155,33.7264338934246));
#5517=CARTESIAN_POINT('Ctrl Pts',(-47.5895029069994,-41.3634428946502,33.3779781261054));
#5518=CARTESIAN_POINT('Ctrl Pts',(-47.625002552988,-41.3565737747049,33.1881516972378));
#5519=CARTESIAN_POINT('Ctrl Pts',(-47.625002552988,-41.3565737747049,33.01));
#5520=CARTESIAN_POINT('',(-44.775002552988,-51.200002552988,33.01));
#5521=CARTESIAN_POINT('',(-44.775002552988,51.200002552988,33.01));
#5522=CARTESIAN_POINT('Origin',(-46.200002552988,-51.200002552988,33.01));
#5523=CARTESIAN_POINT('Origin',(46.200002552988,51.200002552988,33.01));
#5524=CARTESIAN_POINT('',(44.775002552988,-42.5352163598682,33.01));
#5525=CARTESIAN_POINT('',(47.625002552988,-41.3565737747049,33.01));
#5526=CARTESIAN_POINT('Ctrl Pts',(44.775002552988,-42.5352163598682,33.01));
#5527=CARTESIAN_POINT('Ctrl Pts',(44.775002552988,-42.5352163598682,32.8301822797827));
#5528=CARTESIAN_POINT('Ctrl Pts',(44.8111382997226,-42.5108501211966,32.6415447173952));
#5529=CARTESIAN_POINT('Ctrl Pts',(44.9508735728212,-42.4212274196645,32.2998025579678));
#5530=CARTESIAN_POINT('Ctrl Pts',(45.0542775240933,-42.3567029880453,32.1464264890019));
#5531=CARTESIAN_POINT('Ctrl Pts',(45.2981097614952,-42.2144883814033,31.8911155115619));
#5532=CARTESIAN_POINT('Ctrl Pts',(45.4604352578716,-42.1250082545297,31.7764972927652));
#5533=CARTESIAN_POINT('Ctrl Pts',(45.8182179878399,-41.9471795828493,31.6233748467132));
#5534=CARTESIAN_POINT('Ctrl Pts',(46.0138644948673,-41.8591006178028,31.585));
#5535=CARTESIAN_POINT('Ctrl Pts',(46.3749579816652,-41.7130311103215,31.585));
#5536=CARTESIAN_POINT('Ctrl Pts',(46.565250364913,-41.6440194760087,31.6192866511332));
#5537=CARTESIAN_POINT('Ctrl Pts',(46.9203067249534,-41.5294232898672,31.765551704817));
#5538=CARTESIAN_POINT('Ctrl Pts',(47.084890981179,-41.4835002485944,31.8777008748979));
#5539=CARTESIAN_POINT('Ctrl Pts',(47.3382808720528,-41.4186064793362,32.134961418366));
#5540=CARTESIAN_POINT('Ctrl Pts',(47.4461331617441,-41.3942790985155,32.2935661065753));
#5541=CARTESIAN_POINT('Ctrl Pts',(47.5895029069994,-41.3634428946502,32.6420218738946));
#5542=CARTESIAN_POINT('Ctrl Pts',(47.625002552988,-41.3565737747049,32.8318483027622));
#5543=CARTESIAN_POINT('Ctrl Pts',(47.625002552988,-41.3565737747049,33.01));
#5544=CARTESIAN_POINT('Ctrl Pts',(47.625002552988,-41.3565737747049,33.01));
#5545=CARTESIAN_POINT('Ctrl Pts',(47.625002552988,-41.3565737747049,33.1881516972378));
#5546=CARTESIAN_POINT('Ctrl Pts',(47.5895029069994,-41.3634428946502,33.3779781261054));
#5547=CARTESIAN_POINT('Ctrl Pts',(47.4461331617441,-41.3942790985155,33.7264338934246));
#5548=CARTESIAN_POINT('Ctrl Pts',(47.3382808720528,-41.4186064793362,33.885038581634));
#5549=CARTESIAN_POINT('Ctrl Pts',(47.084890981179,-41.4835002485944,34.1422991251021));
#5550=CARTESIAN_POINT('Ctrl Pts',(46.9203067249534,-41.5294232898672,34.254448295183));
#5551=CARTESIAN_POINT('Ctrl Pts',(46.565250364913,-41.6440194760087,34.4007133488668));
#5552=CARTESIAN_POINT('Ctrl Pts',(46.3749579816652,-41.7130311103215,34.435));
#5553=CARTESIAN_POINT('Ctrl Pts',(46.0138644948673,-41.8591006178028,34.435));
#5554=CARTESIAN_POINT('Ctrl Pts',(45.8182179878398,-41.9471795828493,34.3966251532868));
#5555=CARTESIAN_POINT('Ctrl Pts',(45.4604352578716,-42.1250082545297,34.2435027072348));
#5556=CARTESIAN_POINT('Ctrl Pts',(45.2981097614952,-42.2144883814033,34.1288844884381));
#5557=CARTESIAN_POINT('Ctrl Pts',(45.0542775240933,-42.3567029880453,33.8735735109981));
#5558=CARTESIAN_POINT('Ctrl Pts',(44.9508735728212,-42.4212274196645,33.7201974420322));
#5559=CARTESIAN_POINT('Ctrl Pts',(44.8111382997226,-42.5108501211966,33.3784552826048));
#5560=CARTESIAN_POINT('Ctrl Pts',(44.775002552988,-42.5352163598682,33.1898177202173));
#5561=CARTESIAN_POINT('Ctrl Pts',(44.775002552988,-42.5352163598682,33.01));
#5562=CARTESIAN_POINT('',(47.625002552988,-51.200002552988,33.01));
#5563=CARTESIAN_POINT('',(47.625002552988,51.200002552988,33.01));
#5564=CARTESIAN_POINT('Origin',(46.200002552988,-51.200002552988,33.01));
#5565=CARTESIAN_POINT('Origin',(46.200002552988,51.200002552988,33.01));
#5566=CARTESIAN_POINT('',(47.625002552988,51.200002552988,33.01));
#5567=CARTESIAN_POINT('Origin',(46.200002552988,51.200002552988,33.01));
#5568=CARTESIAN_POINT('',(47.625002552988,41.3565737747049,33.01));
#5569=CARTESIAN_POINT('',(47.625002552988,51.200002552988,33.01));
#5570=CARTESIAN_POINT('',(44.775002552988,42.5352163598682,33.01));
#5571=CARTESIAN_POINT('Ctrl Pts',(44.775002552988,42.5352163598682,33.01));
#5572=CARTESIAN_POINT('Ctrl Pts',(44.775002552988,42.5352163598682,33.1898177202173));
#5573=CARTESIAN_POINT('Ctrl Pts',(44.8111382997226,42.5108501211966,33.3784552826048));
#5574=CARTESIAN_POINT('Ctrl Pts',(44.9508735728212,42.4212274196645,33.7201974420322));
#5575=CARTESIAN_POINT('Ctrl Pts',(45.0542775240933,42.3567029880453,33.8735735109981));
#5576=CARTESIAN_POINT('Ctrl Pts',(45.2981097614952,42.2144883814033,34.1288844884381));
#5577=CARTESIAN_POINT('Ctrl Pts',(45.4604352578716,42.1250082545297,34.2435027072348));
#5578=CARTESIAN_POINT('Ctrl Pts',(45.8182179878398,41.9471795828493,34.3966251532868));
#5579=CARTESIAN_POINT('Ctrl Pts',(46.0138644948673,41.8591006178028,34.435));
#5580=CARTESIAN_POINT('Ctrl Pts',(46.3749579816652,41.7130311103215,34.435));
#5581=CARTESIAN_POINT('Ctrl Pts',(46.565250364913,41.6440194760087,34.4007133488668));
#5582=CARTESIAN_POINT('Ctrl Pts',(46.9203067249534,41.5294232898672,34.254448295183));
#5583=CARTESIAN_POINT('Ctrl Pts',(47.084890981179,41.4835002485944,34.1422991251021));
#5584=CARTESIAN_POINT('Ctrl Pts',(47.3382808720528,41.4186064793362,33.885038581634));
#5585=CARTESIAN_POINT('Ctrl Pts',(47.4461331617441,41.3942790985155,33.7264338934246));
#5586=CARTESIAN_POINT('Ctrl Pts',(47.5895029069994,41.3634428946502,33.3779781261054));
#5587=CARTESIAN_POINT('Ctrl Pts',(47.625002552988,41.3565737747049,33.1881516972378));
#5588=CARTESIAN_POINT('Ctrl Pts',(47.625002552988,41.3565737747049,33.01));
#5589=CARTESIAN_POINT('Ctrl Pts',(47.625002552988,41.3565737747049,33.01));
#5590=CARTESIAN_POINT('Ctrl Pts',(47.625002552988,41.3565737747049,32.8318483027622));
#5591=CARTESIAN_POINT('Ctrl Pts',(47.5895029069994,41.3634428946502,32.6420218738946));
#5592=CARTESIAN_POINT('Ctrl Pts',(47.4461331617441,41.3942790985155,32.2935661065754));
#5593=CARTESIAN_POINT('Ctrl Pts',(47.3382808720528,41.4186064793362,32.134961418366));
#5594=CARTESIAN_POINT('Ctrl Pts',(47.084890981179,41.4835002485944,31.8777008748979));
#5595=CARTESIAN_POINT('Ctrl Pts',(46.9203067249534,41.5294232898672,31.765551704817));
#5596=CARTESIAN_POINT('Ctrl Pts',(46.565250364913,41.6440194760087,31.6192866511332));
#5597=CARTESIAN_POINT('Ctrl Pts',(46.3749579816652,41.7130311103215,31.585));
#5598=CARTESIAN_POINT('Ctrl Pts',(46.0138644948673,41.8591006178028,31.585));
#5599=CARTESIAN_POINT('Ctrl Pts',(45.8182179878398,41.9471795828493,31.6233748467132));
#5600=CARTESIAN_POINT('Ctrl Pts',(45.4604352578716,42.1250082545297,31.7764972927652));
#5601=CARTESIAN_POINT('Ctrl Pts',(45.2981097614952,42.2144883814033,31.8911155115619));
#5602=CARTESIAN_POINT('Ctrl Pts',(45.0542775240933,42.3567029880453,32.1464264890019));
#5603=CARTESIAN_POINT('Ctrl Pts',(44.9508735728212,42.4212274196645,32.2998025579678));
#5604=CARTESIAN_POINT('Ctrl Pts',(44.8111382997226,42.5108501211966,32.6415447173952));
#5605=CARTESIAN_POINT('Ctrl Pts',(44.775002552988,42.5352163598682,32.8301822797827));
#5606=CARTESIAN_POINT('Ctrl Pts',(44.775002552988,42.5352163598682,33.01));
#5607=CARTESIAN_POINT('Origin',(-49.200002552988,-49.200002552988,35.51));
#5608=CARTESIAN_POINT('',(-41.200002552988,-49.200002552988,30.51));
#5609=CARTESIAN_POINT('',(-49.200002552988,-41.200002552988,30.51));
#5610=CARTESIAN_POINT('Origin',(-49.200002552988,-49.200002552988,30.51));
#5611=CARTESIAN_POINT('',(-49.200002552988,-41.200002552988,35.51));
#5612=CARTESIAN_POINT('',(-41.200002552988,-49.200002552988,35.51));
#5613=CARTESIAN_POINT('Origin',(-46.200002552988,-46.200002552988,30.51));
#5614=CARTESIAN_POINT('',(-41.200002552988,-51.200002552988,30.51));
#5615=CARTESIAN_POINT('',(-41.200002552988,-51.200002552988,30.51));
#5616=CARTESIAN_POINT('',(-51.200002552988,-51.200002552988,30.51));
#5617=CARTESIAN_POINT('',(-51.200002552988,-51.200002552988,30.51));
#5618=CARTESIAN_POINT('',(-51.200002552988,-41.200002552988,30.51));
#5619=CARTESIAN_POINT('',(-51.200002552988,-41.200002552988,30.51));
#5620=CARTESIAN_POINT('',(-41.200002552988,-41.200002552988,30.51));
#5621=CARTESIAN_POINT('Origin',(-41.200002552988,-41.200002552988,35.51));
#5622=CARTESIAN_POINT('',(-41.200002552988,-51.200002552988,35.51));
#5623=CARTESIAN_POINT('Origin',(-49.200002552988,49.200002552988,35.51));
#5624=CARTESIAN_POINT('',(-49.200002552988,41.200002552988,30.51));
#5625=CARTESIAN_POINT('',(-41.200002552988,49.200002552988,30.51));
#5626=CARTESIAN_POINT('Origin',(-49.200002552988,49.200002552988,30.51));
#5627=CARTESIAN_POINT('',(-41.200002552988,49.200002552988,35.51));
#5628=CARTESIAN_POINT('',(-49.200002552988,41.200002552988,35.51));
#5629=CARTESIAN_POINT('Origin',(-41.200002552988,41.200002552988,35.51));
#5630=CARTESIAN_POINT('',(-51.200002552988,41.200002552988,30.51));
#5631=CARTESIAN_POINT('',(-51.200002552988,41.200002552988,35.51));
#5632=CARTESIAN_POINT('',(-51.200002552988,41.200002552988,30.51));
#5633=CARTESIAN_POINT('Origin',(49.200002552988,49.200002552988,35.51));
#5634=CARTESIAN_POINT('',(41.200002552988,49.200002552988,30.51));
#5635=CARTESIAN_POINT('',(49.200002552988,41.200002552988,30.51));
#5636=CARTESIAN_POINT('Origin',(49.200002552988,49.200002552988,30.51));
#5637=CARTESIAN_POINT('',(49.200002552988,41.200002552988,35.51));
#5638=CARTESIAN_POINT('',(41.200002552988,49.200002552988,35.51));
#5639=CARTESIAN_POINT('Origin',(46.200002552988,46.200002552988,30.51));
#5640=CARTESIAN_POINT('',(41.200002552988,51.200002552988,30.51));
#5641=CARTESIAN_POINT('',(41.200002552988,51.200002552988,30.51));
#5642=CARTESIAN_POINT('',(51.200002552988,51.200002552988,30.51));
#5643=CARTESIAN_POINT('',(51.200002552988,51.200002552988,30.51));
#5644=CARTESIAN_POINT('',(51.200002552988,41.200002552988,30.51));
#5645=CARTESIAN_POINT('',(51.200002552988,41.200002552988,30.51));
#5646=CARTESIAN_POINT('',(41.200002552988,41.200002552988,30.51));
#5647=CARTESIAN_POINT('Origin',(41.200002552988,41.200002552988,35.51));
#5648=CARTESIAN_POINT('',(41.200002552988,51.200002552988,35.51));
#5649=CARTESIAN_POINT('Origin',(49.200002552988,-49.200002552988,35.51));
#5650=CARTESIAN_POINT('',(49.200002552988,-41.200002552988,30.51));
#5651=CARTESIAN_POINT('',(41.200002552988,-49.200002552988,30.51));
#5652=CARTESIAN_POINT('Origin',(49.200002552988,-49.200002552988,30.51));
#5653=CARTESIAN_POINT('',(41.200002552988,-49.200002552988,35.51));
#5654=CARTESIAN_POINT('',(49.200002552988,-41.200002552988,35.51));
#5655=CARTESIAN_POINT('Origin',(46.200002552988,-46.200002552988,30.51));
#5656=CARTESIAN_POINT('',(51.200002552988,-41.200002552988,30.51));
#5657=CARTESIAN_POINT('',(51.200002552988,-41.200002552988,30.51));
#5658=CARTESIAN_POINT('',(51.200002552988,-51.200002552988,30.51));
#5659=CARTESIAN_POINT('',(51.200002552988,-51.200002552988,30.51));
#5660=CARTESIAN_POINT('',(41.200002552988,-51.200002552988,30.51));
#5661=CARTESIAN_POINT('',(41.200002552988,-51.200002552988,30.51));
#5662=CARTESIAN_POINT('',(41.200002552988,-41.200002552988,30.51));
#5663=CARTESIAN_POINT('Origin',(41.200002552988,-41.200002552988,35.51));
#5664=CARTESIAN_POINT('',(51.200002552988,-41.200002552988,35.51));
#5665=CARTESIAN_POINT('Origin',(-41.200002552988,51.200002552988,35.51));
#5666=CARTESIAN_POINT('',(-41.200002552988,51.200002552988,30.51));
#5667=CARTESIAN_POINT('',(-41.200002552988,41.200002552988,30.51));
#5668=CARTESIAN_POINT('',(-41.200002552988,51.200002552988,35.51));
#5669=CARTESIAN_POINT('Origin',(-51.200002552988,51.200002552988,35.51));
#5670=CARTESIAN_POINT('',(-51.200002552988,51.200002552988,30.51));
#5671=CARTESIAN_POINT('',(-41.200002552988,51.200002552988,30.51));
#5672=CARTESIAN_POINT('',(-51.200002552988,51.200002552988,35.51));
#5673=CARTESIAN_POINT('Origin',(-51.200002552988,41.200002552988,35.51));
#5674=CARTESIAN_POINT('',(-51.200002552988,51.200002552988,30.51));
#5675=CARTESIAN_POINT('Origin',(-46.200002552988,46.200002552988,30.51));
#5676=CARTESIAN_POINT('Origin',(-51.200002552988,-41.200002552988,35.51));
#5677=CARTESIAN_POINT('',(-51.200002552988,-41.200002552988,35.51));
#5678=CARTESIAN_POINT('Origin',(-51.200002552988,-51.200002552988,35.51));
#5679=CARTESIAN_POINT('',(-51.200002552988,-51.200002552988,35.51));
#5680=CARTESIAN_POINT('Origin',(-41.200002552988,-51.200002552988,35.51));
#5681=CARTESIAN_POINT('Origin',(51.200002552988,51.200002552988,35.51));
#5682=CARTESIAN_POINT('',(51.200002552988,41.200002552988,35.51));
#5683=CARTESIAN_POINT('',(51.200002552988,51.200002552988,35.51));
#5684=CARTESIAN_POINT('Origin',(41.200002552988,51.200002552988,35.51));
#5685=CARTESIAN_POINT('Origin',(51.200002552988,41.200002552988,35.51));
#5686=CARTESIAN_POINT('Origin',(51.200002552988,-41.200002552988,35.51));
#5687=CARTESIAN_POINT('',(51.200002552988,-51.200002552988,35.51));
#5688=CARTESIAN_POINT('Origin',(41.200002552988,-51.200002552988,35.51));
#5689=CARTESIAN_POINT('',(41.200002552988,-51.200002552988,35.51));
#5690=CARTESIAN_POINT('Origin',(51.200002552988,-51.200002552988,35.51));
#5691=CARTESIAN_POINT('Origin',(53.750002552988,-53.750002552988,35.51));
#5692=UNCERTAINTY_MEASURE_WITH_UNIT(LENGTH_MEASURE(0.01),#5696,
'DISTANCE_ACCURACY_VALUE',
'Maximum model space distance between geometric entities at asserted c
onnectivities');
#5693=UNCERTAINTY_MEASURE_WITH_UNIT(LENGTH_MEASURE(0.01),#5696,
'DISTANCE_ACCURACY_VALUE',
'Maximum model space distance between geometric entities at asserted c
onnectivities');
#5694=(
GEOMETRIC_REPRESENTATION_CONTEXT(3)
GLOBAL_UNCERTAINTY_ASSIGNED_CONTEXT((#5692))
GLOBAL_UNIT_ASSIGNED_CONTEXT((#5696,#5697,#5698))
REPRESENTATION_CONTEXT('','3D')
);
#5695=(
GEOMETRIC_REPRESENTATION_CONTEXT(3)
GLOBAL_UNCERTAINTY_ASSIGNED_CONTEXT((#5693))
GLOBAL_UNIT_ASSIGNED_CONTEXT((#5696,#5697,#5698))
REPRESENTATION_CONTEXT('','3D')
);
#5696=(
LENGTH_UNIT()
NAMED_UNIT(*)
SI_UNIT(.MILLI.,.METRE.)
);
#5697=(
NAMED_UNIT(*)
PLANE_ANGLE_UNIT()
SI_UNIT($,.RADIAN.)
);
#5698=(
NAMED_UNIT(*)
SI_UNIT($,.STERADIAN.)
SOLID_ANGLE_UNIT()
);
#5699=SHAPE_DEFINITION_REPRESENTATION(#5700,#5701);
#5700=PRODUCT_DEFINITION_SHAPE('',$,#5703);
#5701=SHAPE_REPRESENTATION('',(#3332),#5694);
#5702=PRODUCT_DEFINITION_CONTEXT('part definition',#5707,'design');
#5703=PRODUCT_DEFINITION('Induction Heater STEP 1',
'Induction Heater STEP v4',#5704,#5702);
#5704=PRODUCT_DEFINITION_FORMATION('',$,#5709);
#5705=PRODUCT_RELATED_PRODUCT_CATEGORY('Induction Heater STEP v4',
'Induction Heater STEP v4',(#5709));
#5706=APPLICATION_PROTOCOL_DEFINITION('international standard',
'automotive_design',2009,#5707);
#5707=APPLICATION_CONTEXT(
'Core Data for Automotive Mechanical Design Process');
#5708=PRODUCT_CONTEXT('part definition',#5707,'mechanical');
#5709=PRODUCT('Induction Heater STEP 1','Induction Heater STEP v4',
'KiCad electronic assembly',(#5708));
#5710=PRESENTATION_STYLE_ASSIGNMENT((#5711));
#5711=SURFACE_STYLE_USAGE(.BOTH.,#5712);
#5712=SURFACE_SIDE_STYLE('',(#5713));
#5713=SURFACE_STYLE_FILL_AREA(#5714);
#5714=FILL_AREA_STYLE('Steel - Satin',(#5715));
#5715=FILL_AREA_STYLE_COLOUR('Steel - Satin',#5716);
#5716=COLOUR_RGB('Steel - Satin',0.627450980392157,0.627450980392157,0.627450980392157);
ENDSEC;
END-ISO-10303-21;
