ISO-10303-21;
HEADER;
/* Generated by software containing ST-Developer
 * from STEP Tools, Inc. (www.steptools.com) 
 */

FILE_DESCRIPTION(
/* description */ ('KiCad electronic assembly'),
/* implementation_level */ '2;1');

FILE_NAME(
/* name */ 'Induction Heater Botoom STEP.step',
/* time_stamp */ '2026-08-20T11:22:02+02:00',
/* author */ (''),
/* organization */ (''),
/* preprocessor_version */ 'ST-DEVELOPER v20.1',
/* originating_system */ 'Autodesk Translation Framework v15.8.0.0',
/* authorisation */ '');

FILE_SCHEMA (('AUTOMOTIVE_DESIGN { 1 0 10303 214 3 1 1 }'));
ENDSEC;

DATA;
#10=MECHANICAL_DESIGN_GEOMETRIC_PRESENTATION_REPRESENTATION('',(#13),#3831);
#11=SHAPE_REPRESENTATION_RELATIONSHIP('SRR','None',#3837,#12);
#12=ADVANCED_BREP_SHAPE_REPRESENTATION('',(#14),#3830);
#13=STYLED_ITEM('',(#3846),#14);
#14=MANIFOLD_SOLID_BREP('Body1',#2279);
#15=ELLIPSE('',#2315,0.707106781186548,0.5);
#16=ELLIPSE('',#2316,0.707106781186546,0.5);
#17=ELLIPSE('',#2318,0.707106781186548,0.5);
#18=ELLIPSE('',#2320,0.707106781186549,0.5);
#19=ELLIPSE('',#2326,0.707106781186549,0.5);
#20=ELLIPSE('',#2327,0.707106781186548,0.5);
#21=ELLIPSE('',#2329,0.707106781186546,0.5);
#22=ELLIPSE('',#2330,0.707106781186551,0.5);
#23=ELLIPSE('',#2336,0.707106781186551,0.5);
#24=ELLIPSE('',#2337,0.707106781186548,0.5);
#25=ELLIPSE('',#2339,0.707106781186546,0.5);
#26=ELLIPSE('',#2341,0.707106781186549,0.5);
#27=ELLIPSE('',#2346,0.707106781186549,0.5);
#28=ELLIPSE('',#2347,0.707106781186548,0.5);
#29=ELLIPSE('',#2349,0.707106781186545,0.5);
#30=ELLIPSE('',#2350,0.707106781186546,0.5);
#31=ELLIPSE('',#2380,0.707106781186552,0.5);
#32=ELLIPSE('',#2381,0.70710678118654,0.5);
#33=ELLIPSE('',#2384,0.707106781186551,0.5);
#34=ELLIPSE('',#2385,0.707106781186546,0.5);
#35=ELLIPSE('',#2388,0.707106781186551,0.5);
#36=ELLIPSE('',#2389,0.707106781186544,0.5);
#37=ELLIPSE('',#2392,0.707106781186549,0.5);
#38=ELLIPSE('',#2393,0.707106781186549,0.5);
#39=ELLIPSE('',#2400,0.707106781186548,0.5);
#40=ELLIPSE('',#2401,0.707106781186549,0.5);
#41=ELLIPSE('',#2408,0.707106781186548,0.5);
#42=ELLIPSE('',#2409,0.707106781186548,0.5);
#43=ELLIPSE('',#2416,0.707106781186554,0.5);
#44=ELLIPSE('',#2417,0.707106781186548,0.5);
#45=ELLIPSE('',#2419,0.707106781186554,0.5);
#46=ELLIPSE('',#2421,0.707106781186548,0.5);
#47=ELLIPSE('',#2427,0.707106781186549,0.5);
#48=ELLIPSE('',#2428,0.707106781186548,0.5);
#49=ELLIPSE('',#2430,0.707106781186546,0.5);
#50=ELLIPSE('',#2431,0.707106781186554,0.5);
#51=ELLIPSE('',#2437,0.707106781186549,0.5);
#52=ELLIPSE('',#2438,0.707106781186549,0.5);
#53=ELLIPSE('',#2440,0.707106781186546,0.5);
#54=ELLIPSE('',#2441,0.707106781186552,0.5);
#55=ELLIPSE('',#2447,0.707106781186546,0.5);
#56=ELLIPSE('',#2448,0.707106781186546,0.5);
#57=ELLIPSE('',#2450,0.707106781186546,0.5);
#58=ELLIPSE('',#2452,0.707106781186549,0.5);
#59=ELLIPSE('',#2456,0.707106781186545,0.5);
#60=ELLIPSE('',#2457,0.707106781186546,0.5);
#61=ELLIPSE('',#2459,0.707106781186548,0.5);
#62=ELLIPSE('',#2461,0.707106781186549,0.5);
#63=ELLIPSE('',#2465,0.707106781186545,0.5);
#64=ELLIPSE('',#2466,0.707106781186554,0.5);
#65=ELLIPSE('',#2468,0.707106781186548,0.5);
#66=ELLIPSE('',#2470,0.707106781186548,0.5);
#67=ELLIPSE('',#2473,0.707106781186546,0.5);
#68=ELLIPSE('',#2474,0.707106781186546,0.5);
#69=ELLIPSE('',#2476,0.707106781186549,0.5);
#70=ELLIPSE('',#2478,0.707106781186546,0.5);
#71=ELLIPSE('',#2481,0.707106781186545,0.5);
#72=ELLIPSE('',#2482,0.707106781186546,0.5);
#73=ELLIPSE('',#2484,0.707106781186548,0.5);
#74=ELLIPSE('',#2486,0.707106781186549,0.5);
#75=ELLIPSE('',#2489,0.707106781186545,0.5);
#76=ELLIPSE('',#2490,0.707106781186545,0.5);
#77=ELLIPSE('',#2492,0.707106781186548,0.5);
#78=ELLIPSE('',#2494,0.707106781186548,0.5);
#79=FACE_BOUND('',#285,.T.);
#80=FACE_BOUND('',#286,.T.);
#81=FACE_BOUND('',#287,.T.);
#82=FACE_BOUND('',#291,.T.);
#83=FACE_BOUND('',#292,.T.);
#84=FACE_BOUND('',#293,.T.);
#85=FACE_BOUND('',#294,.T.);
#86=FACE_BOUND('',#297,.T.);
#87=FACE_BOUND('',#298,.T.);
#88=FACE_BOUND('',#299,.T.);
#89=FACE_BOUND('',#302,.T.);
#90=FACE_BOUND('',#303,.T.);
#91=FACE_BOUND('',#315,.T.);
#92=FACE_BOUND('',#316,.T.);
#93=FACE_BOUND('',#317,.T.);
#94=FACE_BOUND('',#318,.T.);
#95=FACE_BOUND('',#339,.T.);
#96=FACE_BOUND('',#340,.T.);
#97=FACE_BOUND('',#382,.T.);
#98=FACE_BOUND('',#383,.T.);
#99=FACE_BOUND('',#384,.T.);
#100=FACE_BOUND('',#432,.T.);
#101=FACE_BOUND('',#433,.T.);
#102=FACE_BOUND('',#434,.T.);
#103=PLANE('',#2284);
#104=PLANE('',#2285);
#105=PLANE('',#2295);
#106=PLANE('',#2300);
#107=PLANE('',#2303);
#108=PLANE('',#2322);
#109=PLANE('',#2323);
#110=PLANE('',#2324);
#111=PLANE('',#2333);
#112=PLANE('',#2334);
#113=PLANE('',#2343);
#114=PLANE('',#2344);
#115=PLANE('',#2353);
#116=PLANE('',#2354);
#117=PLANE('',#2357);
#118=PLANE('',#2361);
#119=PLANE('',#2373);
#120=PLANE('',#2376);
#121=PLANE('',#2382);
#122=PLANE('',#2386);
#123=PLANE('',#2390);
#124=PLANE('',#2396);
#125=PLANE('',#2397);
#126=PLANE('',#2398);
#127=PLANE('',#2404);
#128=PLANE('',#2405);
#129=PLANE('',#2406);
#130=PLANE('',#2412);
#131=PLANE('',#2413);
#132=PLANE('',#2414);
#133=PLANE('',#2423);
#134=PLANE('',#2424);
#135=PLANE('',#2425);
#136=PLANE('',#2434);
#137=PLANE('',#2435);
#138=PLANE('',#2444);
#139=PLANE('',#2445);
#140=PLANE('',#2454);
#141=PLANE('',#2463);
#142=PLANE('',#2496);
#143=PLANE('',#2497);
#144=PLANE('',#2498);
#145=PLANE('',#2499);
#146=PLANE('',#2500);
#147=PLANE('',#2501);
#148=PLANE('',#2502);
#149=PLANE('',#2503);
#150=PLANE('',#2504);
#151=PLANE('',#2505);
#152=PLANE('',#2506);
#153=FACE_OUTER_BOUND('',#283,.T.);
#154=FACE_OUTER_BOUND('',#284,.T.);
#155=FACE_OUTER_BOUND('',#288,.T.);
#156=FACE_OUTER_BOUND('',#289,.T.);
#157=FACE_OUTER_BOUND('',#290,.T.);
#158=FACE_OUTER_BOUND('',#295,.T.);
#159=FACE_OUTER_BOUND('',#296,.T.);
#160=FACE_OUTER_BOUND('',#300,.T.);
#161=FACE_OUTER_BOUND('',#301,.T.);
#162=FACE_OUTER_BOUND('',#304,.T.);
#163=FACE_OUTER_BOUND('',#305,.T.);
#164=FACE_OUTER_BOUND('',#306,.T.);
#165=FACE_OUTER_BOUND('',#307,.T.);
#166=FACE_OUTER_BOUND('',#308,.T.);
#167=FACE_OUTER_BOUND('',#309,.T.);
#168=FACE_OUTER_BOUND('',#310,.T.);
#169=FACE_OUTER_BOUND('',#311,.T.);
#170=FACE_OUTER_BOUND('',#312,.T.);
#171=FACE_OUTER_BOUND('',#313,.T.);
#172=FACE_OUTER_BOUND('',#314,.T.);
#173=FACE_OUTER_BOUND('',#319,.T.);
#174=FACE_OUTER_BOUND('',#320,.T.);
#175=FACE_OUTER_BOUND('',#321,.T.);
#176=FACE_OUTER_BOUND('',#322,.T.);
#177=FACE_OUTER_BOUND('',#323,.T.);
#178=FACE_OUTER_BOUND('',#324,.T.);
#179=FACE_OUTER_BOUND('',#325,.T.);
#180=FACE_OUTER_BOUND('',#326,.T.);
#181=FACE_OUTER_BOUND('',#327,.T.);
#182=FACE_OUTER_BOUND('',#328,.T.);
#183=FACE_OUTER_BOUND('',#329,.T.);
#184=FACE_OUTER_BOUND('',#330,.T.);
#185=FACE_OUTER_BOUND('',#331,.T.);
#186=FACE_OUTER_BOUND('',#332,.T.);
#187=FACE_OUTER_BOUND('',#333,.T.);
#188=FACE_OUTER_BOUND('',#334,.T.);
#189=FACE_OUTER_BOUND('',#335,.T.);
#190=FACE_OUTER_BOUND('',#336,.T.);
#191=FACE_OUTER_BOUND('',#337,.T.);
#192=FACE_OUTER_BOUND('',#338,.T.);
#193=FACE_OUTER_BOUND('',#341,.T.);
#194=FACE_OUTER_BOUND('',#342,.T.);
#195=FACE_OUTER_BOUND('',#343,.T.);
#196=FACE_OUTER_BOUND('',#344,.T.);
#197=FACE_OUTER_BOUND('',#345,.T.);
#198=FACE_OUTER_BOUND('',#346,.T.);
#199=FACE_OUTER_BOUND('',#347,.T.);
#200=FACE_OUTER_BOUND('',#348,.T.);
#201=FACE_OUTER_BOUND('',#349,.T.);
#202=FACE_OUTER_BOUND('',#350,.T.);
#203=FACE_OUTER_BOUND('',#351,.T.);
#204=FACE_OUTER_BOUND('',#352,.T.);
#205=FACE_OUTER_BOUND('',#353,.T.);
#206=FACE_OUTER_BOUND('',#354,.T.);
#207=FACE_OUTER_BOUND('',#355,.T.);
#208=FACE_OUTER_BOUND('',#356,.T.);
#209=FACE_OUTER_BOUND('',#357,.T.);
#210=FACE_OUTER_BOUND('',#358,.T.);
#211=FACE_OUTER_BOUND('',#359,.T.);
#212=FACE_OUTER_BOUND('',#360,.T.);
#213=FACE_OUTER_BOUND('',#361,.T.);
#214=FACE_OUTER_BOUND('',#362,.T.);
#215=FACE_OUTER_BOUND('',#363,.T.);
#216=FACE_OUTER_BOUND('',#364,.T.);
#217=FACE_OUTER_BOUND('',#365,.T.);
#218=FACE_OUTER_BOUND('',#366,.T.);
#219=FACE_OUTER_BOUND('',#367,.T.);
#220=FACE_OUTER_BOUND('',#368,.T.);
#221=FACE_OUTER_BOUND('',#369,.T.);
#222=FACE_OUTER_BOUND('',#370,.T.);
#223=FACE_OUTER_BOUND('',#371,.T.);
#224=FACE_OUTER_BOUND('',#372,.T.);
#225=FACE_OUTER_BOUND('',#373,.T.);
#226=FACE_OUTER_BOUND('',#374,.T.);
#227=FACE_OUTER_BOUND('',#375,.T.);
#228=FACE_OUTER_BOUND('',#376,.T.);
#229=FACE_OUTER_BOUND('',#377,.T.);
#230=FACE_OUTER_BOUND('',#378,.T.);
#231=FACE_OUTER_BOUND('',#379,.T.);
#232=FACE_OUTER_BOUND('',#380,.T.);
#233=FACE_OUTER_BOUND('',#381,.T.);
#234=FACE_OUTER_BOUND('',#385,.T.);
#235=FACE_OUTER_BOUND('',#386,.T.);
#236=FACE_OUTER_BOUND('',#387,.T.);
#237=FACE_OUTER_BOUND('',#388,.T.);
#238=FACE_OUTER_BOUND('',#389,.T.);
#239=FACE_OUTER_BOUND('',#390,.T.);
#240=FACE_OUTER_BOUND('',#391,.T.);
#241=FACE_OUTER_BOUND('',#392,.T.);
#242=FACE_OUTER_BOUND('',#393,.T.);
#243=FACE_OUTER_BOUND('',#394,.T.);
#244=FACE_OUTER_BOUND('',#395,.T.);
#245=FACE_OUTER_BOUND('',#396,.T.);
#246=FACE_OUTER_BOUND('',#397,.T.);
#247=FACE_OUTER_BOUND('',#398,.T.);
#248=FACE_OUTER_BOUND('',#399,.T.);
#249=FACE_OUTER_BOUND('',#400,.T.);
#250=FACE_OUTER_BOUND('',#401,.T.);
#251=FACE_OUTER_BOUND('',#402,.T.);
#252=FACE_OUTER_BOUND('',#403,.T.);
#253=FACE_OUTER_BOUND('',#404,.T.);
#254=FACE_OUTER_BOUND('',#405,.T.);
#255=FACE_OUTER_BOUND('',#406,.T.);
#256=FACE_OUTER_BOUND('',#407,.T.);
#257=FACE_OUTER_BOUND('',#408,.T.);
#258=FACE_OUTER_BOUND('',#409,.T.);
#259=FACE_OUTER_BOUND('',#410,.T.);
#260=FACE_OUTER_BOUND('',#411,.T.);
#261=FACE_OUTER_BOUND('',#412,.T.);
#262=FACE_OUTER_BOUND('',#413,.T.);
#263=FACE_OUTER_BOUND('',#414,.T.);
#264=FACE_OUTER_BOUND('',#415,.T.);
#265=FACE_OUTER_BOUND('',#416,.T.);
#266=FACE_OUTER_BOUND('',#417,.T.);
#267=FACE_OUTER_BOUND('',#418,.T.);
#268=FACE_OUTER_BOUND('',#419,.T.);
#269=FACE_OUTER_BOUND('',#420,.T.);
#270=FACE_OUTER_BOUND('',#421,.T.);
#271=FACE_OUTER_BOUND('',#422,.T.);
#272=FACE_OUTER_BOUND('',#423,.T.);
#273=FACE_OUTER_BOUND('',#424,.T.);
#274=FACE_OUTER_BOUND('',#425,.T.);
#275=FACE_OUTER_BOUND('',#426,.T.);
#276=FACE_OUTER_BOUND('',#427,.T.);
#277=FACE_OUTER_BOUND('',#428,.T.);
#278=FACE_OUTER_BOUND('',#429,.T.);
#279=FACE_OUTER_BOUND('',#430,.T.);
#280=FACE_OUTER_BOUND('',#431,.T.);
#281=FACE_OUTER_BOUND('',#435,.T.);
#282=FACE_OUTER_BOUND('',#436,.T.);
#283=EDGE_LOOP('',(#1429,#1430,#1431,#1432));
#284=EDGE_LOOP('',(#1433,#1434,#1435,#1436));
#285=EDGE_LOOP('',(#1437,#1438,#1439,#1440));
#286=EDGE_LOOP('',(#1441,#1442,#1443,#1444));
#287=EDGE_LOOP('',(#1445,#1446,#1447,#1448));
#288=EDGE_LOOP('',(#1449,#1450,#1451,#1452,#1453,#1454,#1455,#1456,#1457,
#1458,#1459,#1460,#1461,#1462,#1463,#1464,#1465,#1466,#1467,#1468));
#289=EDGE_LOOP('',(#1469,#1470,#1471,#1472));
#290=EDGE_LOOP('',(#1473,#1474,#1475,#1476));
#291=EDGE_LOOP('',(#1477,#1478,#1479,#1480));
#292=EDGE_LOOP('',(#1481,#1482,#1483,#1484));
#293=EDGE_LOOP('',(#1485));
#294=EDGE_LOOP('',(#1486));
#295=EDGE_LOOP('',(#1487,#1488,#1489,#1490));
#296=EDGE_LOOP('',(#1491,#1492,#1493,#1494));
#297=EDGE_LOOP('',(#1495,#1496,#1497,#1498));
#298=EDGE_LOOP('',(#1499,#1500,#1501,#1502));
#299=EDGE_LOOP('',(#1503,#1504,#1505,#1506));
#300=EDGE_LOOP('',(#1507,#1508,#1509,#1510));
#301=EDGE_LOOP('',(#1511,#1512,#1513,#1514,#1515,#1516,#1517,#1518,#1519,
#1520,#1521,#1522));
#302=EDGE_LOOP('',(#1523));
#303=EDGE_LOOP('',(#1524));
#304=EDGE_LOOP('',(#1525,#1526,#1527,#1528));
#305=EDGE_LOOP('',(#1529,#1530,#1531,#1532));
#306=EDGE_LOOP('',(#1533,#1534,#1535,#1536));
#307=EDGE_LOOP('',(#1537,#1538,#1539,#1540));
#308=EDGE_LOOP('',(#1541,#1542,#1543,#1544));
#309=EDGE_LOOP('',(#1545,#1546,#1547,#1548));
#310=EDGE_LOOP('',(#1549,#1550,#1551,#1552));
#311=EDGE_LOOP('',(#1553,#1554,#1555,#1556));
#312=EDGE_LOOP('',(#1557,#1558,#1559,#1560));
#313=EDGE_LOOP('',(#1561,#1562,#1563,#1564));
#314=EDGE_LOOP('',(#1565,#1566,#1567,#1568));
#315=EDGE_LOOP('',(#1569));
#316=EDGE_LOOP('',(#1570));
#317=EDGE_LOOP('',(#1571,#1572,#1573,#1574));
#318=EDGE_LOOP('',(#1575,#1576,#1577,#1578));
#319=EDGE_LOOP('',(#1579,#1580,#1581,#1582));
#320=EDGE_LOOP('',(#1583,#1584,#1585,#1586));
#321=EDGE_LOOP('',(#1587,#1588,#1589,#1590));
#322=EDGE_LOOP('',(#1591,#1592,#1593,#1594));
#323=EDGE_LOOP('',(#1595,#1596,#1597,#1598));
#324=EDGE_LOOP('',(#1599,#1600,#1601,#1602));
#325=EDGE_LOOP('',(#1603,#1604,#1605,#1606));
#326=EDGE_LOOP('',(#1607,#1608,#1609,#1610));
#327=EDGE_LOOP('',(#1611,#1612,#1613,#1614));
#328=EDGE_LOOP('',(#1615,#1616,#1617,#1618));
#329=EDGE_LOOP('',(#1619,#1620,#1621,#1622));
#330=EDGE_LOOP('',(#1623,#1624,#1625,#1626));
#331=EDGE_LOOP('',(#1627,#1628,#1629,#1630));
#332=EDGE_LOOP('',(#1631,#1632,#1633,#1634));
#333=EDGE_LOOP('',(#1635,#1636,#1637,#1638));
#334=EDGE_LOOP('',(#1639,#1640,#1641,#1642));
#335=EDGE_LOOP('',(#1643,#1644,#1645,#1646));
#336=EDGE_LOOP('',(#1647,#1648,#1649,#1650));
#337=EDGE_LOOP('',(#1651,#1652,#1653,#1654));
#338=EDGE_LOOP('',(#1655,#1656,#1657,#1658,#1659,#1660,#1661,#1662,#1663,
#1664,#1665,#1666));
#339=EDGE_LOOP('',(#1667));
#340=EDGE_LOOP('',(#1668));
#341=EDGE_LOOP('',(#1669,#1670,#1671,#1672));
#342=EDGE_LOOP('',(#1673,#1674,#1675,#1676,#1677,#1678,#1679,#1680));
#343=EDGE_LOOP('',(#1681,#1682,#1683,#1684));
#344=EDGE_LOOP('',(#1685,#1686,#1687,#1688));
#345=EDGE_LOOP('',(#1689,#1690,#1691,#1692));
#346=EDGE_LOOP('',(#1693,#1694,#1695,#1696));
#347=EDGE_LOOP('',(#1697,#1698,#1699,#1700));
#348=EDGE_LOOP('',(#1701,#1702,#1703,#1704));
#349=EDGE_LOOP('',(#1705,#1706,#1707,#1708));
#350=EDGE_LOOP('',(#1709,#1710,#1711,#1712));
#351=EDGE_LOOP('',(#1713,#1714,#1715,#1716));
#352=EDGE_LOOP('',(#1717,#1718,#1719,#1720));
#353=EDGE_LOOP('',(#1721,#1722,#1723,#1724));
#354=EDGE_LOOP('',(#1725,#1726,#1727,#1728));
#355=EDGE_LOOP('',(#1729,#1730,#1731,#1732));
#356=EDGE_LOOP('',(#1733,#1734,#1735,#1736));
#357=EDGE_LOOP('',(#1737,#1738,#1739,#1740));
#358=EDGE_LOOP('',(#1741,#1742,#1743,#1744));
#359=EDGE_LOOP('',(#1745,#1746,#1747,#1748));
#360=EDGE_LOOP('',(#1749,#1750,#1751,#1752));
#361=EDGE_LOOP('',(#1753,#1754,#1755,#1756));
#362=EDGE_LOOP('',(#1757,#1758,#1759,#1760));
#363=EDGE_LOOP('',(#1761,#1762,#1763,#1764));
#364=EDGE_LOOP('',(#1765,#1766,#1767,#1768));
#365=EDGE_LOOP('',(#1769,#1770,#1771,#1772));
#366=EDGE_LOOP('',(#1773,#1774,#1775,#1776));
#367=EDGE_LOOP('',(#1777,#1778,#1779,#1780));
#368=EDGE_LOOP('',(#1781,#1782,#1783,#1784));
#369=EDGE_LOOP('',(#1785,#1786,#1787,#1788));
#370=EDGE_LOOP('',(#1789,#1790,#1791,#1792));
#371=EDGE_LOOP('',(#1793,#1794,#1795,#1796));
#372=EDGE_LOOP('',(#1797,#1798,#1799,#1800));
#373=EDGE_LOOP('',(#1801,#1802,#1803,#1804));
#374=EDGE_LOOP('',(#1805,#1806,#1807,#1808));
#375=EDGE_LOOP('',(#1809,#1810,#1811,#1812));
#376=EDGE_LOOP('',(#1813,#1814,#1815,#1816));
#377=EDGE_LOOP('',(#1817,#1818,#1819,#1820));
#378=EDGE_LOOP('',(#1821,#1822,#1823,#1824));
#379=EDGE_LOOP('',(#1825,#1826,#1827,#1828));
#380=EDGE_LOOP('',(#1829,#1830,#1831,#1832));
#381=EDGE_LOOP('',(#1833,#1834,#1835,#1836));
#382=EDGE_LOOP('',(#1837,#1838,#1839,#1840));
#383=EDGE_LOOP('',(#1841,#1842,#1843,#1844));
#384=EDGE_LOOP('',(#1845,#1846,#1847,#1848));
#385=EDGE_LOOP('',(#1849,#1850,#1851,#1852));
#386=EDGE_LOOP('',(#1853,#1854,#1855,#1856));
#387=EDGE_LOOP('',(#1857,#1858,#1859,#1860));
#388=EDGE_LOOP('',(#1861,#1862,#1863,#1864));
#389=EDGE_LOOP('',(#1865,#1866,#1867,#1868));
#390=EDGE_LOOP('',(#1869,#1870,#1871,#1872));
#391=EDGE_LOOP('',(#1873,#1874,#1875,#1876));
#392=EDGE_LOOP('',(#1877,#1878,#1879,#1880));
#393=EDGE_LOOP('',(#1881,#1882,#1883,#1884));
#394=EDGE_LOOP('',(#1885,#1886,#1887,#1888));
#395=EDGE_LOOP('',(#1889,#1890,#1891,#1892));
#396=EDGE_LOOP('',(#1893,#1894,#1895,#1896));
#397=EDGE_LOOP('',(#1897,#1898,#1899,#1900));
#398=EDGE_LOOP('',(#1901,#1902,#1903,#1904));
#399=EDGE_LOOP('',(#1905,#1906,#1907,#1908));
#400=EDGE_LOOP('',(#1909,#1910,#1911,#1912));
#401=EDGE_LOOP('',(#1913,#1914,#1915,#1916));
#402=EDGE_LOOP('',(#1917,#1918,#1919,#1920));
#403=EDGE_LOOP('',(#1921,#1922,#1923,#1924));
#404=EDGE_LOOP('',(#1925,#1926,#1927,#1928));
#405=EDGE_LOOP('',(#1929,#1930,#1931,#1932));
#406=EDGE_LOOP('',(#1933,#1934,#1935,#1936));
#407=EDGE_LOOP('',(#1937,#1938,#1939,#1940));
#408=EDGE_LOOP('',(#1941,#1942,#1943,#1944));
#409=EDGE_LOOP('',(#1945,#1946,#1947,#1948));
#410=EDGE_LOOP('',(#1949,#1950,#1951,#1952));
#411=EDGE_LOOP('',(#1953,#1954,#1955,#1956));
#412=EDGE_LOOP('',(#1957,#1958,#1959,#1960));
#413=EDGE_LOOP('',(#1961,#1962,#1963,#1964));
#414=EDGE_LOOP('',(#1965,#1966,#1967,#1968));
#415=EDGE_LOOP('',(#1969,#1970,#1971,#1972));
#416=EDGE_LOOP('',(#1973,#1974,#1975,#1976));
#417=EDGE_LOOP('',(#1977,#1978,#1979,#1980));
#418=EDGE_LOOP('',(#1981,#1982,#1983,#1984));
#419=EDGE_LOOP('',(#1985,#1986,#1987,#1988));
#420=EDGE_LOOP('',(#1989,#1990,#1991,#1992));
#421=EDGE_LOOP('',(#1993,#1994,#1995,#1996));
#422=EDGE_LOOP('',(#1997,#1998,#1999,#2000));
#423=EDGE_LOOP('',(#2001,#2002,#2003,#2004));
#424=EDGE_LOOP('',(#2005,#2006,#2007,#2008,#2009,#2010,#2011,#2012));
#425=EDGE_LOOP('',(#2013,#2014,#2015,#2016));
#426=EDGE_LOOP('',(#2017,#2018,#2019,#2020,#2021,#2022,#2023,#2024));
#427=EDGE_LOOP('',(#2025,#2026,#2027,#2028));
#428=EDGE_LOOP('',(#2029,#2030,#2031,#2032));
#429=EDGE_LOOP('',(#2033,#2034,#2035,#2036));
#430=EDGE_LOOP('',(#2037,#2038,#2039,#2040));
#431=EDGE_LOOP('',(#2041,#2042,#2043,#2044));
#432=EDGE_LOOP('',(#2045,#2046,#2047,#2048));
#433=EDGE_LOOP('',(#2049,#2050,#2051,#2052));
#434=EDGE_LOOP('',(#2053,#2054,#2055,#2056));
#435=EDGE_LOOP('',(#2057,#2058,#2059,#2060));
#436=EDGE_LOOP('',(#2061,#2062,#2063,#2064,#2065,#2066,#2067,#2068));
#437=LINE('',#3191,#661);
#438=LINE('',#3194,#662);
#439=LINE('',#3197,#663);
#440=LINE('',#3199,#664);
#441=LINE('',#3200,#665);
#442=LINE('',#3203,#666);
#443=LINE('',#3205,#667);
#444=LINE('',#3207,#668);
#445=LINE('',#3208,#669);
#446=LINE('',#3211,#670);
#447=LINE('',#3213,#671);
#448=LINE('',#3215,#672);
#449=LINE('',#3216,#673);
#450=LINE('',#3219,#674);
#451=LINE('',#3221,#675);
#452=LINE('',#3223,#676);
#453=LINE('',#3224,#677);
#454=LINE('',#3227,#678);
#455=LINE('',#3231,#679);
#456=LINE('',#3235,#680);
#457=LINE('',#3237,#681);
#458=LINE('',#3239,#682);
#459=LINE('',#3241,#683);
#460=LINE('',#3243,#684);
#461=LINE('',#3247,#685);
#462=LINE('',#3251,#686);
#463=LINE('',#3255,#687);
#464=LINE('',#3259,#688);
#465=LINE('',#3263,#689);
#466=LINE('',#3267,#690);
#467=LINE('',#3268,#691);
#468=LINE('',#3271,#692);
#469=LINE('',#3273,#693);
#470=LINE('',#3275,#694);
#471=LINE('',#3276,#695);
#472=LINE('',#3279,#696);
#473=LINE('',#3281,#697);
#474=LINE('',#3283,#698);
#475=LINE('',#3284,#699);
#476=LINE('',#3291,#700);
#477=LINE('',#3295,#701);
#478=LINE('',#3296,#702);
#479=LINE('',#3299,#703);
#480=LINE('',#3301,#704);
#481=LINE('',#3303,#705);
#482=LINE('',#3304,#706);
#483=LINE('',#3307,#707);
#484=LINE('',#3309,#708);
#485=LINE('',#3311,#709);
#486=LINE('',#3312,#710);
#487=LINE('',#3315,#711);
#488=LINE('',#3317,#712);
#489=LINE('',#3319,#713);
#490=LINE('',#3320,#714);
#491=LINE('',#3323,#715);
#492=LINE('',#3326,#716);
#493=LINE('',#3328,#717);
#494=LINE('',#3330,#718);
#495=LINE('',#3332,#719);
#496=LINE('',#3334,#720);
#497=LINE('',#3336,#721);
#498=LINE('',#3338,#722);
#499=LINE('',#3339,#723);
#500=LINE('',#3346,#724);
#501=LINE('',#3350,#725);
#502=LINE('',#3354,#726);
#503=LINE('',#3358,#727);
#504=LINE('',#3363,#728);
#505=LINE('',#3367,#729);
#506=LINE('',#3371,#730);
#507=LINE('',#3374,#731);
#508=LINE('',#3377,#732);
#509=LINE('',#3379,#733);
#510=LINE('',#3382,#734);
#511=LINE('',#3383,#735);
#512=LINE('',#3386,#736);
#513=LINE('',#3388,#737);
#514=LINE('',#3389,#738);
#515=LINE('',#3392,#739);
#516=LINE('',#3393,#740);
#517=LINE('',#3397,#741);
#518=LINE('',#3398,#742);
#519=LINE('',#3399,#743);
#520=LINE('',#3402,#744);
#521=LINE('',#3404,#745);
#522=LINE('',#3406,#746);
#523=LINE('',#3407,#747);
#524=LINE('',#3412,#748);
#525=LINE('',#3417,#749);
#526=LINE('',#3421,#750);
#527=LINE('',#3423,#751);
#528=LINE('',#3426,#752);
#529=LINE('',#3428,#753);
#530=LINE('',#3429,#754);
#531=LINE('',#3432,#755);
#532=LINE('',#3433,#756);
#533=LINE('',#3437,#757);
#534=LINE('',#3442,#758);
#535=LINE('',#3446,#759);
#536=LINE('',#3451,#760);
#537=LINE('',#3458,#761);
#538=LINE('',#3460,#762);
#539=LINE('',#3464,#763);
#540=LINE('',#3467,#764);
#541=LINE('',#3470,#765);
#542=LINE('',#3472,#766);
#543=LINE('',#3474,#767);
#544=LINE('',#3476,#768);
#545=LINE('',#3478,#769);
#546=LINE('',#3479,#770);
#547=LINE('',#3481,#771);
#548=LINE('',#3483,#772);
#549=LINE('',#3484,#773);
#550=LINE('',#3490,#774);
#551=LINE('',#3493,#775);
#552=LINE('',#3498,#776);
#553=LINE('',#3502,#777);
#554=LINE('',#3507,#778);
#555=LINE('',#3510,#779);
#556=LINE('',#3515,#780);
#557=LINE('',#3517,#781);
#558=LINE('',#3521,#782);
#559=LINE('',#3523,#783);
#560=LINE('',#3526,#784);
#561=LINE('',#3533,#785);
#562=LINE('',#3536,#786);
#563=LINE('',#3539,#787);
#564=LINE('',#3541,#788);
#565=LINE('',#3542,#789);
#566=LINE('',#3548,#790);
#567=LINE('',#3551,#791);
#568=LINE('',#3554,#792);
#569=LINE('',#3556,#793);
#570=LINE('',#3557,#794);
#571=LINE('',#3563,#795);
#572=LINE('',#3566,#796);
#573=LINE('',#3569,#797);
#574=LINE('',#3571,#798);
#575=LINE('',#3572,#799);
#576=LINE('',#3576,#800);
#577=LINE('',#3580,#801);
#578=LINE('',#3583,#802);
#579=LINE('',#3584,#803);
#580=LINE('',#3586,#804);
#581=LINE('',#3587,#805);
#582=LINE('',#3590,#806);
#583=LINE('',#3591,#807);
#584=LINE('',#3594,#808);
#585=LINE('',#3595,#809);
#586=LINE('',#3597,#810);
#587=LINE('',#3601,#811);
#588=LINE('',#3605,#812);
#589=LINE('',#3608,#813);
#590=LINE('',#3609,#814);
#591=LINE('',#3611,#815);
#592=LINE('',#3612,#816);
#593=LINE('',#3615,#817);
#594=LINE('',#3616,#818);
#595=LINE('',#3619,#819);
#596=LINE('',#3620,#820);
#597=LINE('',#3622,#821);
#598=LINE('',#3626,#822);
#599=LINE('',#3630,#823);
#600=LINE('',#3633,#824);
#601=LINE('',#3634,#825);
#602=LINE('',#3636,#826);
#603=LINE('',#3637,#827);
#604=LINE('',#3640,#828);
#605=LINE('',#3641,#829);
#606=LINE('',#3644,#830);
#607=LINE('',#3645,#831);
#608=LINE('',#3647,#832);
#609=LINE('',#3651,#833);
#610=LINE('',#3655,#834);
#611=LINE('',#3659,#835);
#612=LINE('',#3661,#836);
#613=LINE('',#3665,#837);
#614=LINE('',#3667,#838);
#615=LINE('',#3670,#839);
#616=LINE('',#3671,#840);
#617=LINE('',#3674,#841);
#618=LINE('',#3676,#842);
#619=LINE('',#3677,#843);
#620=LINE('',#3680,#844);
#621=LINE('',#3681,#845);
#622=LINE('',#3683,#846);
#623=LINE('',#3686,#847);
#624=LINE('',#3688,#848);
#625=LINE('',#3690,#849);
#626=LINE('',#3691,#850);
#627=LINE('',#3694,#851);
#628=LINE('',#3696,#852);
#629=LINE('',#3698,#853);
#630=LINE('',#3699,#854);
#631=LINE('',#3704,#855);
#632=LINE('',#3709,#856);
#633=LINE('',#3713,#857);
#634=LINE('',#3715,#858);
#635=LINE('',#3718,#859);
#636=LINE('',#3720,#860);
#637=LINE('',#3721,#861);
#638=LINE('',#3724,#862);
#639=LINE('',#3725,#863);
#640=LINE('',#3730,#864);
#641=LINE('',#3735,#865);
#642=LINE('',#3739,#866);
#643=LINE('',#3741,#867);
#644=LINE('',#3744,#868);
#645=LINE('',#3746,#869);
#646=LINE('',#3747,#870);
#647=LINE('',#3750,#871);
#648=LINE('',#3751,#872);
#649=LINE('',#3755,#873);
#650=LINE('',#3759,#874);
#651=LINE('',#3764,#875);
#652=LINE('',#3768,#876);
#653=LINE('',#3772,#877);
#654=LINE('',#3777,#878);
#655=LINE('',#3784,#879);
#656=LINE('',#3788,#880);
#657=LINE('',#3814,#881);
#658=LINE('',#3817,#882);
#659=LINE('',#3822,#883);
#660=LINE('',#3825,#884);
#661=VECTOR('',#2513,10.);
#662=VECTOR('',#2516,10.);
#663=VECTOR('',#2519,10.);
#664=VECTOR('',#2520,10.);
#665=VECTOR('',#2521,10.);
#666=VECTOR('',#2522,10.);
#667=VECTOR('',#2523,10.);
#668=VECTOR('',#2524,10.);
#669=VECTOR('',#2525,10.);
#670=VECTOR('',#2526,10.);
#671=VECTOR('',#2527,10.);
#672=VECTOR('',#2528,10.);
#673=VECTOR('',#2529,10.);
#674=VECTOR('',#2530,10.);
#675=VECTOR('',#2531,10.);
#676=VECTOR('',#2532,10.);
#677=VECTOR('',#2533,10.);
#678=VECTOR('',#2536,10.);
#679=VECTOR('',#2539,10.);
#680=VECTOR('',#2542,10.);
#681=VECTOR('',#2543,10.);
#682=VECTOR('',#2544,10.);
#683=VECTOR('',#2545,10.);
#684=VECTOR('',#2546,10.);
#685=VECTOR('',#2549,10.);
#686=VECTOR('',#2552,10.);
#687=VECTOR('',#2555,10.);
#688=VECTOR('',#2558,10.);
#689=VECTOR('',#2563,10.);
#690=VECTOR('',#2568,10.);
#691=VECTOR('',#2569,10.);
#692=VECTOR('',#2570,10.);
#693=VECTOR('',#2571,10.);
#694=VECTOR('',#2572,10.);
#695=VECTOR('',#2573,10.);
#696=VECTOR('',#2574,10.);
#697=VECTOR('',#2575,10.);
#698=VECTOR('',#2576,10.);
#699=VECTOR('',#2577,10.);
#700=VECTOR('',#2584,10.);
#701=VECTOR('',#2589,10.);
#702=VECTOR('',#2590,10.);
#703=VECTOR('',#2591,10.);
#704=VECTOR('',#2592,10.);
#705=VECTOR('',#2593,10.);
#706=VECTOR('',#2594,10.);
#707=VECTOR('',#2595,10.);
#708=VECTOR('',#2596,10.);
#709=VECTOR('',#2597,10.);
#710=VECTOR('',#2598,10.);
#711=VECTOR('',#2599,10.);
#712=VECTOR('',#2600,10.);
#713=VECTOR('',#2601,10.);
#714=VECTOR('',#2602,10.);
#715=VECTOR('',#2605,10.);
#716=VECTOR('',#2610,10.);
#717=VECTOR('',#2611,10.);
#718=VECTOR('',#2612,10.);
#719=VECTOR('',#2613,10.);
#720=VECTOR('',#2614,10.);
#721=VECTOR('',#2615,10.);
#722=VECTOR('',#2616,10.);
#723=VECTOR('',#2617,10.);
#724=VECTOR('',#2624,1.6);
#725=VECTOR('',#2629,1.6);
#726=VECTOR('',#2634,1.6);
#727=VECTOR('',#2639,1.6);
#728=VECTOR('',#2644,10.);
#729=VECTOR('',#2647,10.);
#730=VECTOR('',#2652,10.);
#731=VECTOR('',#2655,10.);
#732=VECTOR('',#2658,10.);
#733=VECTOR('',#2659,10.);
#734=VECTOR('',#2664,10.);
#735=VECTOR('',#2665,10.);
#736=VECTOR('',#2668,10.);
#737=VECTOR('',#2669,10.);
#738=VECTOR('',#2670,10.);
#739=VECTOR('',#2673,10.);
#740=VECTOR('',#2674,10.);
#741=VECTOR('',#2677,10.);
#742=VECTOR('',#2678,10.);
#743=VECTOR('',#2679,10.);
#744=VECTOR('',#2680,10.);
#745=VECTOR('',#2681,10.);
#746=VECTOR('',#2682,10.);
#747=VECTOR('',#2683,10.);
#748=VECTOR('',#2688,10.);
#749=VECTOR('',#2693,10.);
#750=VECTOR('',#2700,10.);
#751=VECTOR('',#2703,10.);
#752=VECTOR('',#2706,10.);
#753=VECTOR('',#2707,10.);
#754=VECTOR('',#2708,10.);
#755=VECTOR('',#2711,10.);
#756=VECTOR('',#2712,10.);
#757=VECTOR('',#2717,10.);
#758=VECTOR('',#2726,10.);
#759=VECTOR('',#2733,10.);
#760=VECTOR('',#2740,10.);
#761=VECTOR('',#2753,10.);
#762=VECTOR('',#2756,10.);
#763=VECTOR('',#2761,10.);
#764=VECTOR('',#2764,10.);
#765=VECTOR('',#2767,10.);
#766=VECTOR('',#2768,10.);
#767=VECTOR('',#2769,10.);
#768=VECTOR('',#2770,10.);
#769=VECTOR('',#2771,10.);
#770=VECTOR('',#2772,10.);
#771=VECTOR('',#2773,10.);
#772=VECTOR('',#2774,10.);
#773=VECTOR('',#2775,10.);
#774=VECTOR('',#2782,10.);
#775=VECTOR('',#2785,10.);
#776=VECTOR('',#2790,10.);
#777=VECTOR('',#2795,10.);
#778=VECTOR('',#2802,10.);
#779=VECTOR('',#2805,10.);
#780=VECTOR('',#2812,10.);
#781=VECTOR('',#2815,10.);
#782=VECTOR('',#2820,10.);
#783=VECTOR('',#2823,10.);
#784=VECTOR('',#2826,10.);
#785=VECTOR('',#2833,10.);
#786=VECTOR('',#2836,10.);
#787=VECTOR('',#2839,10.);
#788=VECTOR('',#2840,10.);
#789=VECTOR('',#2841,10.);
#790=VECTOR('',#2846,10.);
#791=VECTOR('',#2849,10.);
#792=VECTOR('',#2852,10.);
#793=VECTOR('',#2853,10.);
#794=VECTOR('',#2854,10.);
#795=VECTOR('',#2859,10.);
#796=VECTOR('',#2862,10.);
#797=VECTOR('',#2865,10.);
#798=VECTOR('',#2866,10.);
#799=VECTOR('',#2867,10.);
#800=VECTOR('',#2870,10.);
#801=VECTOR('',#2873,10.);
#802=VECTOR('',#2878,10.);
#803=VECTOR('',#2879,10.);
#804=VECTOR('',#2882,10.);
#805=VECTOR('',#2883,10.);
#806=VECTOR('',#2886,10.);
#807=VECTOR('',#2887,10.);
#808=VECTOR('',#2890,10.);
#809=VECTOR('',#2891,10.);
#810=VECTOR('',#2894,10.);
#811=VECTOR('',#2897,10.);
#812=VECTOR('',#2900,10.);
#813=VECTOR('',#2905,10.);
#814=VECTOR('',#2906,10.);
#815=VECTOR('',#2909,10.);
#816=VECTOR('',#2910,10.);
#817=VECTOR('',#2913,10.);
#818=VECTOR('',#2914,10.);
#819=VECTOR('',#2917,10.);
#820=VECTOR('',#2918,10.);
#821=VECTOR('',#2921,10.);
#822=VECTOR('',#2924,10.);
#823=VECTOR('',#2927,10.);
#824=VECTOR('',#2932,10.);
#825=VECTOR('',#2933,10.);
#826=VECTOR('',#2936,10.);
#827=VECTOR('',#2937,10.);
#828=VECTOR('',#2940,10.);
#829=VECTOR('',#2941,10.);
#830=VECTOR('',#2944,10.);
#831=VECTOR('',#2945,10.);
#832=VECTOR('',#2948,10.);
#833=VECTOR('',#2951,10.);
#834=VECTOR('',#2954,10.);
#835=VECTOR('',#2959,10.);
#836=VECTOR('',#2960,10.);
#837=VECTOR('',#2965,10.);
#838=VECTOR('',#2966,10.);
#839=VECTOR('',#2971,10.);
#840=VECTOR('',#2972,10.);
#841=VECTOR('',#2975,10.);
#842=VECTOR('',#2976,10.);
#843=VECTOR('',#2977,10.);
#844=VECTOR('',#2980,10.);
#845=VECTOR('',#2981,10.);
#846=VECTOR('',#2984,10.);
#847=VECTOR('',#2985,10.);
#848=VECTOR('',#2986,10.);
#849=VECTOR('',#2987,10.);
#850=VECTOR('',#2988,10.);
#851=VECTOR('',#2989,10.);
#852=VECTOR('',#2990,10.);
#853=VECTOR('',#2991,10.);
#854=VECTOR('',#2992,10.);
#855=VECTOR('',#2997,10.);
#856=VECTOR('',#3002,10.);
#857=VECTOR('',#3009,10.);
#858=VECTOR('',#3012,10.);
#859=VECTOR('',#3015,10.);
#860=VECTOR('',#3016,10.);
#861=VECTOR('',#3017,10.);
#862=VECTOR('',#3020,10.);
#863=VECTOR('',#3021,10.);
#864=VECTOR('',#3026,10.);
#865=VECTOR('',#3031,10.);
#866=VECTOR('',#3038,10.);
#867=VECTOR('',#3041,10.);
#868=VECTOR('',#3044,10.);
#869=VECTOR('',#3045,10.);
#870=VECTOR('',#3046,10.);
#871=VECTOR('',#3049,10.);
#872=VECTOR('',#3050,10.);
#873=VECTOR('',#3055,10.);
#874=VECTOR('',#3062,10.);
#875=VECTOR('',#3071,10.);
#876=VECTOR('',#3076,10.);
#877=VECTOR('',#3083,10.);
#878=VECTOR('',#3092,10.);
#879=VECTOR('',#3103,10.);
#880=VECTOR('',#3110,10.);
#881=VECTOR('',#3161,10.);
#882=VECTOR('',#3166,10.);
#883=VECTOR('',#3175,10.);
#884=VECTOR('',#3180,10.);
#885=CIRCLE('',#2282,3.);
#886=CIRCLE('',#2283,3.);
#887=CIRCLE('',#2286,0.5);
#888=CIRCLE('',#2287,1.);
#889=CIRCLE('',#2288,1.);
#890=CIRCLE('',#2289,0.5);
#891=CIRCLE('',#2290,3.);
#892=CIRCLE('',#2291,3.);
#893=CIRCLE('',#2292,3.);
#894=CIRCLE('',#2294,3.);
#895=CIRCLE('',#2296,1.6);
#896=CIRCLE('',#2297,1.6);
#897=CIRCLE('',#2299,3.);
#898=CIRCLE('',#2302,3.);
#899=CIRCLE('',#2304,1.6);
#900=CIRCLE('',#2305,1.6);
#901=CIRCLE('',#2307,1.6);
#902=CIRCLE('',#2309,1.6);
#903=CIRCLE('',#2311,1.6);
#904=CIRCLE('',#2313,1.6);
#905=CIRCLE('',#2356,1.);
#906=CIRCLE('',#2359,1.);
#907=CIRCLE('',#2360,1.);
#908=CIRCLE('',#2362,0.5);
#909=CIRCLE('',#2363,0.5);
#910=CIRCLE('',#2364,1.);
#911=CIRCLE('',#2366,1.);
#912=CIRCLE('',#2368,1.);
#913=CIRCLE('',#2370,0.5);
#914=CIRCLE('',#2372,0.5);
#915=CIRCLE('',#2375,0.5);
#916=CIRCLE('',#2378,0.5);
#917=VERTEX_POINT('',#3187);
#918=VERTEX_POINT('',#3188);
#919=VERTEX_POINT('',#3190);
#920=VERTEX_POINT('',#3192);
#921=VERTEX_POINT('',#3196);
#922=VERTEX_POINT('',#3198);
#923=VERTEX_POINT('',#3201);
#924=VERTEX_POINT('',#3202);
#925=VERTEX_POINT('',#3204);
#926=VERTEX_POINT('',#3206);
#927=VERTEX_POINT('',#3209);
#928=VERTEX_POINT('',#3210);
#929=VERTEX_POINT('',#3212);
#930=VERTEX_POINT('',#3214);
#931=VERTEX_POINT('',#3217);
#932=VERTEX_POINT('',#3218);
#933=VERTEX_POINT('',#3220);
#934=VERTEX_POINT('',#3222);
#935=VERTEX_POINT('',#3226);
#936=VERTEX_POINT('',#3228);
#937=VERTEX_POINT('',#3230);
#938=VERTEX_POINT('',#3232);
#939=VERTEX_POINT('',#3234);
#940=VERTEX_POINT('',#3236);
#941=VERTEX_POINT('',#3238);
#942=VERTEX_POINT('',#3240);
#943=VERTEX_POINT('',#3242);
#944=VERTEX_POINT('',#3244);
#945=VERTEX_POINT('',#3246);
#946=VERTEX_POINT('',#3248);
#947=VERTEX_POINT('',#3250);
#948=VERTEX_POINT('',#3252);
#949=VERTEX_POINT('',#3254);
#950=VERTEX_POINT('',#3256);
#951=VERTEX_POINT('',#3258);
#952=VERTEX_POINT('',#3262);
#953=VERTEX_POINT('',#3266);
#954=VERTEX_POINT('',#3269);
#955=VERTEX_POINT('',#3270);
#956=VERTEX_POINT('',#3272);
#957=VERTEX_POINT('',#3274);
#958=VERTEX_POINT('',#3277);
#959=VERTEX_POINT('',#3278);
#960=VERTEX_POINT('',#3280);
#961=VERTEX_POINT('',#3282);
#962=VERTEX_POINT('',#3285);
#963=VERTEX_POINT('',#3287);
#964=VERTEX_POINT('',#3290);
#965=VERTEX_POINT('',#3294);
#966=VERTEX_POINT('',#3297);
#967=VERTEX_POINT('',#3298);
#968=VERTEX_POINT('',#3300);
#969=VERTEX_POINT('',#3302);
#970=VERTEX_POINT('',#3305);
#971=VERTEX_POINT('',#3306);
#972=VERTEX_POINT('',#3308);
#973=VERTEX_POINT('',#3310);
#974=VERTEX_POINT('',#3313);
#975=VERTEX_POINT('',#3314);
#976=VERTEX_POINT('',#3316);
#977=VERTEX_POINT('',#3318);
#978=VERTEX_POINT('',#3322);
#979=VERTEX_POINT('',#3327);
#980=VERTEX_POINT('',#3329);
#981=VERTEX_POINT('',#3331);
#982=VERTEX_POINT('',#3333);
#983=VERTEX_POINT('',#3335);
#984=VERTEX_POINT('',#3337);
#985=VERTEX_POINT('',#3340);
#986=VERTEX_POINT('',#3342);
#987=VERTEX_POINT('',#3345);
#988=VERTEX_POINT('',#3349);
#989=VERTEX_POINT('',#3353);
#990=VERTEX_POINT('',#3357);
#991=VERTEX_POINT('',#3361);
#992=VERTEX_POINT('',#3362);
#993=VERTEX_POINT('',#3364);
#994=VERTEX_POINT('',#3366);
#995=VERTEX_POINT('',#3370);
#996=VERTEX_POINT('',#3372);
#997=VERTEX_POINT('',#3376);
#998=VERTEX_POINT('',#3378);
#999=VERTEX_POINT('',#3385);
#1000=VERTEX_POINT('',#3387);
#1001=VERTEX_POINT('',#3391);
#1002=VERTEX_POINT('',#3395);
#1003=VERTEX_POINT('',#3396);
#1004=VERTEX_POINT('',#3400);
#1005=VERTEX_POINT('',#3401);
#1006=VERTEX_POINT('',#3403);
#1007=VERTEX_POINT('',#3405);
#1008=VERTEX_POINT('',#3409);
#1009=VERTEX_POINT('',#3411);
#1010=VERTEX_POINT('',#3415);
#1011=VERTEX_POINT('',#3416);
#1012=VERTEX_POINT('',#3425);
#1013=VERTEX_POINT('',#3427);
#1014=VERTEX_POINT('',#3431);
#1015=VERTEX_POINT('',#3436);
#1016=VERTEX_POINT('',#3449);
#1017=VERTEX_POINT('',#3463);
#1018=VERTEX_POINT('',#3465);
#1019=VERTEX_POINT('',#3469);
#1020=VERTEX_POINT('',#3471);
#1021=VERTEX_POINT('',#3473);
#1022=VERTEX_POINT('',#3475);
#1023=VERTEX_POINT('',#3477);
#1024=VERTEX_POINT('',#3480);
#1025=VERTEX_POINT('',#3482);
#1026=VERTEX_POINT('',#3486);
#1027=VERTEX_POINT('',#3488);
#1028=VERTEX_POINT('',#3492);
#1029=VERTEX_POINT('',#3495);
#1030=VERTEX_POINT('',#3497);
#1031=VERTEX_POINT('',#3501);
#1032=VERTEX_POINT('',#3505);
#1033=VERTEX_POINT('',#3509);
#1034=VERTEX_POINT('',#3513);
#1035=VERTEX_POINT('',#3519);
#1036=VERTEX_POINT('',#3525);
#1037=VERTEX_POINT('',#3529);
#1038=VERTEX_POINT('',#3530);
#1039=VERTEX_POINT('',#3532);
#1040=VERTEX_POINT('',#3534);
#1041=VERTEX_POINT('',#3538);
#1042=VERTEX_POINT('',#3540);
#1043=VERTEX_POINT('',#3544);
#1044=VERTEX_POINT('',#3545);
#1045=VERTEX_POINT('',#3547);
#1046=VERTEX_POINT('',#3549);
#1047=VERTEX_POINT('',#3553);
#1048=VERTEX_POINT('',#3555);
#1049=VERTEX_POINT('',#3559);
#1050=VERTEX_POINT('',#3560);
#1051=VERTEX_POINT('',#3562);
#1052=VERTEX_POINT('',#3564);
#1053=VERTEX_POINT('',#3568);
#1054=VERTEX_POINT('',#3570);
#1055=VERTEX_POINT('',#3574);
#1056=VERTEX_POINT('',#3575);
#1057=VERTEX_POINT('',#3577);
#1058=VERTEX_POINT('',#3579);
#1059=VERTEX_POINT('',#3589);
#1060=VERTEX_POINT('',#3593);
#1061=VERTEX_POINT('',#3599);
#1062=VERTEX_POINT('',#3600);
#1063=VERTEX_POINT('',#3602);
#1064=VERTEX_POINT('',#3604);
#1065=VERTEX_POINT('',#3614);
#1066=VERTEX_POINT('',#3618);
#1067=VERTEX_POINT('',#3624);
#1068=VERTEX_POINT('',#3625);
#1069=VERTEX_POINT('',#3627);
#1070=VERTEX_POINT('',#3629);
#1071=VERTEX_POINT('',#3639);
#1072=VERTEX_POINT('',#3643);
#1073=VERTEX_POINT('',#3649);
#1074=VERTEX_POINT('',#3650);
#1075=VERTEX_POINT('',#3652);
#1076=VERTEX_POINT('',#3654);
#1077=VERTEX_POINT('',#3658);
#1078=VERTEX_POINT('',#3660);
#1079=VERTEX_POINT('',#3664);
#1080=VERTEX_POINT('',#3666);
#1081=VERTEX_POINT('',#3673);
#1082=VERTEX_POINT('',#3675);
#1083=VERTEX_POINT('',#3679);
#1084=VERTEX_POINT('',#3684);
#1085=VERTEX_POINT('',#3685);
#1086=VERTEX_POINT('',#3687);
#1087=VERTEX_POINT('',#3689);
#1088=VERTEX_POINT('',#3692);
#1089=VERTEX_POINT('',#3693);
#1090=VERTEX_POINT('',#3695);
#1091=VERTEX_POINT('',#3697);
#1092=VERTEX_POINT('',#3701);
#1093=VERTEX_POINT('',#3703);
#1094=VERTEX_POINT('',#3707);
#1095=VERTEX_POINT('',#3708);
#1096=VERTEX_POINT('',#3717);
#1097=VERTEX_POINT('',#3719);
#1098=VERTEX_POINT('',#3723);
#1099=VERTEX_POINT('',#3727);
#1100=VERTEX_POINT('',#3729);
#1101=VERTEX_POINT('',#3733);
#1102=VERTEX_POINT('',#3734);
#1103=VERTEX_POINT('',#3743);
#1104=VERTEX_POINT('',#3745);
#1105=VERTEX_POINT('',#3749);
#1106=VERTEX_POINT('',#3753);
#1107=VERTEX_POINT('',#3766);
#1108=VERTEX_POINT('',#3782);
#1109=EDGE_CURVE('',#917,#918,#885,.T.);
#1110=EDGE_CURVE('',#918,#919,#437,.T.);
#1111=EDGE_CURVE('',#919,#920,#886,.T.);
#1112=EDGE_CURVE('',#920,#917,#438,.T.);
#1113=EDGE_CURVE('',#921,#918,#439,.T.);
#1114=EDGE_CURVE('',#922,#921,#440,.T.);
#1115=EDGE_CURVE('',#919,#922,#441,.T.);
#1116=EDGE_CURVE('',#923,#924,#442,.T.);
#1117=EDGE_CURVE('',#925,#923,#443,.T.);
#1118=EDGE_CURVE('',#926,#925,#444,.T.);
#1119=EDGE_CURVE('',#924,#926,#445,.T.);
#1120=EDGE_CURVE('',#927,#928,#446,.T.);
#1121=EDGE_CURVE('',#929,#927,#447,.T.);
#1122=EDGE_CURVE('',#930,#929,#448,.T.);
#1123=EDGE_CURVE('',#928,#930,#449,.T.);
#1124=EDGE_CURVE('',#931,#932,#450,.T.);
#1125=EDGE_CURVE('',#933,#931,#451,.T.);
#1126=EDGE_CURVE('',#934,#933,#452,.T.);
#1127=EDGE_CURVE('',#932,#934,#453,.T.);
#1128=EDGE_CURVE('',#917,#935,#454,.T.);
#1129=EDGE_CURVE('',#936,#935,#887,.T.);
#1130=EDGE_CURVE('',#936,#937,#455,.T.);
#1131=EDGE_CURVE('',#938,#937,#888,.T.);
#1132=EDGE_CURVE('',#938,#939,#456,.T.);
#1133=EDGE_CURVE('',#939,#940,#457,.T.);
#1134=EDGE_CURVE('',#940,#941,#458,.T.);
#1135=EDGE_CURVE('',#941,#942,#459,.T.);
#1136=EDGE_CURVE('',#942,#943,#460,.T.);
#1137=EDGE_CURVE('',#944,#943,#889,.T.);
#1138=EDGE_CURVE('',#944,#945,#461,.T.);
#1139=EDGE_CURVE('',#946,#945,#890,.T.);
#1140=EDGE_CURVE('',#946,#947,#462,.T.);
#1141=EDGE_CURVE('',#948,#947,#891,.T.);
#1142=EDGE_CURVE('',#948,#949,#463,.T.);
#1143=EDGE_CURVE('',#950,#949,#892,.T.);
#1144=EDGE_CURVE('',#950,#951,#464,.T.);
#1145=EDGE_CURVE('',#921,#951,#893,.T.);
#1146=EDGE_CURVE('',#951,#952,#465,.T.);
#1147=EDGE_CURVE('',#952,#922,#894,.T.);
#1148=EDGE_CURVE('',#953,#950,#466,.T.);
#1149=EDGE_CURVE('',#952,#953,#467,.T.);
#1150=EDGE_CURVE('',#954,#955,#468,.T.);
#1151=EDGE_CURVE('',#956,#954,#469,.T.);
#1152=EDGE_CURVE('',#957,#956,#470,.T.);
#1153=EDGE_CURVE('',#955,#957,#471,.T.);
#1154=EDGE_CURVE('',#958,#959,#472,.T.);
#1155=EDGE_CURVE('',#960,#958,#473,.T.);
#1156=EDGE_CURVE('',#961,#960,#474,.T.);
#1157=EDGE_CURVE('',#959,#961,#475,.T.);
#1158=EDGE_CURVE('',#962,#962,#895,.T.);
#1159=EDGE_CURVE('',#963,#963,#896,.T.);
#1160=EDGE_CURVE('',#949,#964,#476,.T.);
#1161=EDGE_CURVE('',#964,#953,#897,.T.);
#1162=EDGE_CURVE('',#965,#948,#477,.T.);
#1163=EDGE_CURVE('',#964,#965,#478,.T.);
#1164=EDGE_CURVE('',#966,#967,#479,.T.);
#1165=EDGE_CURVE('',#968,#966,#480,.T.);
#1166=EDGE_CURVE('',#969,#968,#481,.T.);
#1167=EDGE_CURVE('',#967,#969,#482,.T.);
#1168=EDGE_CURVE('',#970,#971,#483,.T.);
#1169=EDGE_CURVE('',#972,#970,#484,.T.);
#1170=EDGE_CURVE('',#973,#972,#485,.T.);
#1171=EDGE_CURVE('',#971,#973,#486,.T.);
#1172=EDGE_CURVE('',#974,#975,#487,.T.);
#1173=EDGE_CURVE('',#976,#974,#488,.T.);
#1174=EDGE_CURVE('',#977,#976,#489,.T.);
#1175=EDGE_CURVE('',#975,#977,#490,.T.);
#1176=EDGE_CURVE('',#947,#978,#491,.T.);
#1177=EDGE_CURVE('',#978,#965,#898,.T.);
#1178=EDGE_CURVE('',#978,#920,#492,.T.);
#1179=EDGE_CURVE('',#979,#946,#493,.T.);
#1180=EDGE_CURVE('',#979,#980,#494,.T.);
#1181=EDGE_CURVE('',#981,#980,#495,.T.);
#1182=EDGE_CURVE('',#982,#981,#496,.T.);
#1183=EDGE_CURVE('',#983,#982,#497,.T.);
#1184=EDGE_CURVE('',#983,#984,#498,.T.);
#1185=EDGE_CURVE('',#935,#984,#499,.T.);
#1186=EDGE_CURVE('',#985,#985,#899,.T.);
#1187=EDGE_CURVE('',#986,#986,#900,.T.);
#1188=EDGE_CURVE('',#963,#987,#500,.T.);
#1189=EDGE_CURVE('',#987,#987,#901,.T.);
#1190=EDGE_CURVE('',#962,#988,#501,.T.);
#1191=EDGE_CURVE('',#988,#988,#902,.T.);
#1192=EDGE_CURVE('',#986,#989,#502,.T.);
#1193=EDGE_CURVE('',#989,#989,#903,.T.);
#1194=EDGE_CURVE('',#985,#990,#503,.T.);
#1195=EDGE_CURVE('',#990,#990,#904,.T.);
#1196=EDGE_CURVE('',#991,#992,#504,.T.);
#1197=EDGE_CURVE('',#992,#993,#15,.T.);
#1198=EDGE_CURVE('',#993,#994,#505,.T.);
#1199=EDGE_CURVE('',#994,#991,#16,.T.);
#1200=EDGE_CURVE('',#994,#995,#506,.T.);
#1201=EDGE_CURVE('',#995,#996,#17,.T.);
#1202=EDGE_CURVE('',#996,#991,#507,.T.);
#1203=EDGE_CURVE('',#997,#996,#508,.T.);
#1204=EDGE_CURVE('',#995,#998,#509,.T.);
#1205=EDGE_CURVE('',#998,#997,#18,.T.);
#1206=EDGE_CURVE('',#992,#997,#510,.T.);
#1207=EDGE_CURVE('',#998,#993,#511,.T.);
#1208=EDGE_CURVE('',#999,#994,#512,.T.);
#1209=EDGE_CURVE('',#1000,#999,#513,.T.);
#1210=EDGE_CURVE('',#1000,#995,#514,.T.);
#1211=EDGE_CURVE('',#1001,#993,#515,.T.);
#1212=EDGE_CURVE('',#999,#1001,#516,.T.);
#1213=EDGE_CURVE('',#1002,#1003,#517,.T.);
#1214=EDGE_CURVE('',#1002,#941,#518,.T.);
#1215=EDGE_CURVE('',#1003,#940,#519,.T.);
#1216=EDGE_CURVE('',#1004,#1005,#520,.T.);
#1217=EDGE_CURVE('',#1006,#1004,#521,.T.);
#1218=EDGE_CURVE('',#1007,#1006,#522,.T.);
#1219=EDGE_CURVE('',#1005,#1007,#523,.T.);
#1220=EDGE_CURVE('',#1006,#1008,#19,.T.);
#1221=EDGE_CURVE('',#1008,#1009,#524,.T.);
#1222=EDGE_CURVE('',#1009,#1007,#20,.T.);
#1223=EDGE_CURVE('',#1010,#1011,#525,.T.);
#1224=EDGE_CURVE('',#1011,#1004,#21,.T.);
#1225=EDGE_CURVE('',#1010,#1005,#22,.T.);
#1226=EDGE_CURVE('',#1011,#1008,#526,.T.);
#1227=EDGE_CURVE('',#1009,#1010,#527,.T.);
#1228=EDGE_CURVE('',#1012,#1011,#528,.T.);
#1229=EDGE_CURVE('',#1013,#1012,#529,.T.);
#1230=EDGE_CURVE('',#1013,#1008,#530,.T.);
#1231=EDGE_CURVE('',#1014,#1010,#531,.T.);
#1232=EDGE_CURVE('',#1012,#1014,#532,.T.);
#1233=EDGE_CURVE('',#955,#1014,#23,.T.);
#1234=EDGE_CURVE('',#1014,#1015,#533,.T.);
#1235=EDGE_CURVE('',#954,#1015,#24,.T.);
#1236=EDGE_CURVE('',#957,#1012,#25,.T.);
#1237=EDGE_CURVE('',#1015,#1013,#534,.T.);
#1238=EDGE_CURVE('',#1013,#956,#26,.T.);
#1239=EDGE_CURVE('',#1015,#1009,#535,.T.);
#1240=EDGE_CURVE('',#960,#1016,#27,.T.);
#1241=EDGE_CURVE('',#1016,#1000,#536,.T.);
#1242=EDGE_CURVE('',#961,#1000,#28,.T.);
#1243=EDGE_CURVE('',#959,#999,#29,.T.);
#1244=EDGE_CURVE('',#1001,#958,#30,.T.);
#1245=EDGE_CURVE('',#1001,#1016,#537,.T.);
#1246=EDGE_CURVE('',#1016,#998,#538,.T.);
#1247=EDGE_CURVE('',#937,#1017,#539,.T.);
#1248=EDGE_CURVE('',#1017,#1018,#905,.F.);
#1249=EDGE_CURVE('',#1018,#938,#540,.T.);
#1250=EDGE_CURVE('',#1018,#1019,#541,.T.);
#1251=EDGE_CURVE('',#1020,#1019,#542,.T.);
#1252=EDGE_CURVE('',#1021,#1020,#543,.T.);
#1253=EDGE_CURVE('',#1022,#1021,#544,.T.);
#1254=EDGE_CURVE('',#1022,#1023,#545,.T.);
#1255=EDGE_CURVE('',#943,#1023,#546,.T.);
#1256=EDGE_CURVE('',#1024,#942,#547,.T.);
#1257=EDGE_CURVE('',#1025,#1024,#548,.T.);
#1258=EDGE_CURVE('',#1025,#939,#549,.T.);
#1259=EDGE_CURVE('',#1026,#1020,#906,.T.);
#1260=EDGE_CURVE('',#1019,#1027,#907,.F.);
#1261=EDGE_CURVE('',#1027,#1026,#550,.T.);
#1262=EDGE_CURVE('',#1026,#1028,#551,.T.);
#1263=EDGE_CURVE('',#982,#1028,#908,.T.);
#1264=EDGE_CURVE('',#1029,#981,#909,.T.);
#1265=EDGE_CURVE('',#1029,#1030,#552,.T.);
#1266=EDGE_CURVE('',#1021,#1030,#910,.T.);
#1267=EDGE_CURVE('',#1030,#1031,#553,.T.);
#1268=EDGE_CURVE('',#1031,#1022,#911,.F.);
#1269=EDGE_CURVE('',#1023,#1032,#912,.F.);
#1270=EDGE_CURVE('',#1032,#944,#554,.T.);
#1271=EDGE_CURVE('',#945,#1033,#555,.T.);
#1272=EDGE_CURVE('',#1033,#979,#913,.F.);
#1273=EDGE_CURVE('',#980,#1034,#914,.F.);
#1274=EDGE_CURVE('',#1034,#1029,#556,.T.);
#1275=EDGE_CURVE('',#1034,#1031,#557,.T.);
#1276=EDGE_CURVE('',#984,#1035,#915,.F.);
#1277=EDGE_CURVE('',#1035,#936,#558,.T.);
#1278=EDGE_CURVE('',#1035,#1017,#559,.T.);
#1279=EDGE_CURVE('',#1028,#1036,#560,.T.);
#1280=EDGE_CURVE('',#1036,#983,#916,.F.);
#1281=EDGE_CURVE('',#1037,#1038,#31,.F.);
#1282=EDGE_CURVE('',#1038,#1039,#561,.T.);
#1283=EDGE_CURVE('',#1039,#1040,#32,.F.);
#1284=EDGE_CURVE('',#1040,#1037,#562,.T.);
#1285=EDGE_CURVE('',#1041,#1038,#563,.T.);
#1286=EDGE_CURVE('',#1042,#1041,#564,.T.);
#1287=EDGE_CURVE('',#1042,#1039,#565,.T.);
#1288=EDGE_CURVE('',#1043,#1044,#33,.F.);
#1289=EDGE_CURVE('',#1044,#1045,#566,.T.);
#1290=EDGE_CURVE('',#1045,#1046,#34,.F.);
#1291=EDGE_CURVE('',#1046,#1043,#567,.T.);
#1292=EDGE_CURVE('',#1047,#1044,#568,.T.);
#1293=EDGE_CURVE('',#1048,#1047,#569,.T.);
#1294=EDGE_CURVE('',#1048,#1045,#570,.T.);
#1295=EDGE_CURVE('',#1049,#1050,#35,.F.);
#1296=EDGE_CURVE('',#1050,#1051,#571,.T.);
#1297=EDGE_CURVE('',#1051,#1052,#36,.F.);
#1298=EDGE_CURVE('',#1052,#1049,#572,.T.);
#1299=EDGE_CURVE('',#1053,#1050,#573,.T.);
#1300=EDGE_CURVE('',#1054,#1053,#574,.T.);
#1301=EDGE_CURVE('',#1054,#1051,#575,.T.);
#1302=EDGE_CURVE('',#1055,#1056,#576,.T.);
#1303=EDGE_CURVE('',#1056,#1057,#37,.T.);
#1304=EDGE_CURVE('',#1057,#1058,#577,.T.);
#1305=EDGE_CURVE('',#1058,#1055,#38,.T.);
#1306=EDGE_CURVE('',#1056,#1038,#578,.T.);
#1307=EDGE_CURVE('',#1037,#1057,#579,.T.);
#1308=EDGE_CURVE('',#1058,#1040,#580,.T.);
#1309=EDGE_CURVE('',#1039,#1055,#581,.T.);
#1310=EDGE_CURVE('',#1059,#1056,#582,.T.);
#1311=EDGE_CURVE('',#1041,#1059,#583,.T.);
#1312=EDGE_CURVE('',#1060,#1055,#584,.T.);
#1313=EDGE_CURVE('',#1059,#1060,#585,.T.);
#1314=EDGE_CURVE('',#1060,#1042,#586,.T.);
#1315=EDGE_CURVE('',#1061,#1062,#587,.T.);
#1316=EDGE_CURVE('',#1062,#1063,#39,.T.);
#1317=EDGE_CURVE('',#1063,#1064,#588,.T.);
#1318=EDGE_CURVE('',#1064,#1061,#40,.T.);
#1319=EDGE_CURVE('',#1062,#1044,#589,.T.);
#1320=EDGE_CURVE('',#1043,#1063,#590,.T.);
#1321=EDGE_CURVE('',#1064,#1046,#591,.T.);
#1322=EDGE_CURVE('',#1045,#1061,#592,.T.);
#1323=EDGE_CURVE('',#1065,#1062,#593,.T.);
#1324=EDGE_CURVE('',#1047,#1065,#594,.T.);
#1325=EDGE_CURVE('',#1066,#1061,#595,.T.);
#1326=EDGE_CURVE('',#1065,#1066,#596,.T.);
#1327=EDGE_CURVE('',#1066,#1048,#597,.T.);
#1328=EDGE_CURVE('',#1067,#1068,#598,.T.);
#1329=EDGE_CURVE('',#1068,#1069,#41,.T.);
#1330=EDGE_CURVE('',#1069,#1070,#599,.T.);
#1331=EDGE_CURVE('',#1070,#1067,#42,.T.);
#1332=EDGE_CURVE('',#1068,#1050,#600,.T.);
#1333=EDGE_CURVE('',#1049,#1069,#601,.T.);
#1334=EDGE_CURVE('',#1070,#1052,#602,.T.);
#1335=EDGE_CURVE('',#1051,#1067,#603,.T.);
#1336=EDGE_CURVE('',#1071,#1068,#604,.T.);
#1337=EDGE_CURVE('',#1053,#1071,#605,.T.);
#1338=EDGE_CURVE('',#1072,#1067,#606,.T.);
#1339=EDGE_CURVE('',#1071,#1072,#607,.T.);
#1340=EDGE_CURVE('',#1072,#1054,#608,.T.);
#1341=EDGE_CURVE('',#1073,#1074,#609,.T.);
#1342=EDGE_CURVE('',#1074,#1075,#43,.T.);
#1343=EDGE_CURVE('',#1075,#1076,#610,.T.);
#1344=EDGE_CURVE('',#1076,#1073,#44,.T.);
#1345=EDGE_CURVE('',#1077,#1075,#611,.T.);
#1346=EDGE_CURVE('',#1074,#1078,#612,.T.);
#1347=EDGE_CURVE('',#1077,#1078,#45,.T.);
#1348=EDGE_CURVE('',#1079,#1073,#613,.T.);
#1349=EDGE_CURVE('',#1076,#1080,#614,.T.);
#1350=EDGE_CURVE('',#1080,#1079,#46,.T.);
#1351=EDGE_CURVE('',#1078,#1079,#615,.T.);
#1352=EDGE_CURVE('',#1080,#1077,#616,.T.);
#1353=EDGE_CURVE('',#1081,#1076,#617,.T.);
#1354=EDGE_CURVE('',#1082,#1081,#618,.T.);
#1355=EDGE_CURVE('',#1082,#1080,#619,.T.);
#1356=EDGE_CURVE('',#1083,#1075,#620,.T.);
#1357=EDGE_CURVE('',#1081,#1083,#621,.T.);
#1358=EDGE_CURVE('',#1024,#1002,#622,.T.);
#1359=EDGE_CURVE('',#1084,#1085,#623,.T.);
#1360=EDGE_CURVE('',#1086,#1084,#624,.T.);
#1361=EDGE_CURVE('',#1087,#1086,#625,.T.);
#1362=EDGE_CURVE('',#1085,#1087,#626,.T.);
#1363=EDGE_CURVE('',#1088,#1089,#627,.T.);
#1364=EDGE_CURVE('',#1090,#1088,#628,.T.);
#1365=EDGE_CURVE('',#1091,#1090,#629,.T.);
#1366=EDGE_CURVE('',#1089,#1091,#630,.T.);
#1367=EDGE_CURVE('',#1086,#1092,#47,.T.);
#1368=EDGE_CURVE('',#1092,#1093,#631,.T.);
#1369=EDGE_CURVE('',#1093,#1087,#48,.T.);
#1370=EDGE_CURVE('',#1094,#1095,#632,.T.);
#1371=EDGE_CURVE('',#1095,#1084,#49,.T.);
#1372=EDGE_CURVE('',#1094,#1085,#50,.T.);
#1373=EDGE_CURVE('',#1095,#1092,#633,.T.);
#1374=EDGE_CURVE('',#1093,#1094,#634,.T.);
#1375=EDGE_CURVE('',#1096,#1095,#635,.T.);
#1376=EDGE_CURVE('',#1097,#1096,#636,.T.);
#1377=EDGE_CURVE('',#1097,#1092,#637,.T.);
#1378=EDGE_CURVE('',#1098,#1094,#638,.T.);
#1379=EDGE_CURVE('',#1096,#1098,#639,.T.);
#1380=EDGE_CURVE('',#1090,#1099,#51,.T.);
#1381=EDGE_CURVE('',#1099,#1100,#640,.T.);
#1382=EDGE_CURVE('',#1100,#1091,#52,.T.);
#1383=EDGE_CURVE('',#1101,#1102,#641,.T.);
#1384=EDGE_CURVE('',#1102,#1088,#53,.T.);
#1385=EDGE_CURVE('',#1101,#1089,#54,.T.);
#1386=EDGE_CURVE('',#1102,#1099,#642,.T.);
#1387=EDGE_CURVE('',#1100,#1101,#643,.T.);
#1388=EDGE_CURVE('',#1103,#1102,#644,.T.);
#1389=EDGE_CURVE('',#1104,#1103,#645,.T.);
#1390=EDGE_CURVE('',#1104,#1099,#646,.T.);
#1391=EDGE_CURVE('',#1105,#1101,#647,.T.);
#1392=EDGE_CURVE('',#1103,#1105,#648,.T.);
#1393=EDGE_CURVE('',#967,#1106,#55,.T.);
#1394=EDGE_CURVE('',#1106,#1104,#649,.T.);
#1395=EDGE_CURVE('',#1104,#966,#56,.T.);
#1396=EDGE_CURVE('',#969,#1105,#57,.T.);
#1397=EDGE_CURVE('',#1105,#1106,#650,.T.);
#1398=EDGE_CURVE('',#968,#1103,#58,.T.);
#1399=EDGE_CURVE('',#1106,#1100,#651,.T.);
#1400=EDGE_CURVE('',#975,#1107,#59,.T.);
#1401=EDGE_CURVE('',#1107,#1097,#652,.T.);
#1402=EDGE_CURVE('',#1097,#974,#60,.T.);
#1403=EDGE_CURVE('',#977,#1098,#61,.T.);
#1404=EDGE_CURVE('',#1098,#1107,#653,.T.);
#1405=EDGE_CURVE('',#976,#1096,#62,.T.);
#1406=EDGE_CURVE('',#1107,#1093,#654,.T.);
#1407=EDGE_CURVE('',#971,#1082,#63,.T.);
#1408=EDGE_CURVE('',#970,#1081,#64,.T.);
#1409=EDGE_CURVE('',#973,#1108,#65,.T.);
#1410=EDGE_CURVE('',#1108,#1082,#655,.T.);
#1411=EDGE_CURVE('',#1083,#972,#66,.T.);
#1412=EDGE_CURVE('',#1083,#1108,#656,.T.);
#1413=EDGE_CURVE('',#924,#1041,#67,.T.);
#1414=EDGE_CURVE('',#923,#1059,#68,.T.);
#1415=EDGE_CURVE('',#926,#1042,#69,.T.);
#1416=EDGE_CURVE('',#1060,#925,#70,.T.);
#1417=EDGE_CURVE('',#932,#1065,#71,.T.);
#1418=EDGE_CURVE('',#1066,#931,#72,.T.);
#1419=EDGE_CURVE('',#934,#1047,#73,.T.);
#1420=EDGE_CURVE('',#933,#1048,#74,.T.);
#1421=EDGE_CURVE('',#928,#1071,#75,.T.);
#1422=EDGE_CURVE('',#1072,#927,#76,.T.);
#1423=EDGE_CURVE('',#930,#1053,#77,.T.);
#1424=EDGE_CURVE('',#929,#1054,#78,.T.);
#1425=EDGE_CURVE('',#1033,#1032,#657,.T.);
#1426=EDGE_CURVE('',#1036,#1027,#658,.T.);
#1427=EDGE_CURVE('',#1108,#1077,#659,.T.);
#1428=EDGE_CURVE('',#1003,#1025,#660,.T.);
#1429=ORIENTED_EDGE('',*,*,#1109,.T.);
#1430=ORIENTED_EDGE('',*,*,#1110,.T.);
#1431=ORIENTED_EDGE('',*,*,#1111,.T.);
#1432=ORIENTED_EDGE('',*,*,#1112,.T.);
#1433=ORIENTED_EDGE('',*,*,#1110,.F.);
#1434=ORIENTED_EDGE('',*,*,#1113,.F.);
#1435=ORIENTED_EDGE('',*,*,#1114,.F.);
#1436=ORIENTED_EDGE('',*,*,#1115,.F.);
#1437=ORIENTED_EDGE('',*,*,#1116,.F.);
#1438=ORIENTED_EDGE('',*,*,#1117,.F.);
#1439=ORIENTED_EDGE('',*,*,#1118,.F.);
#1440=ORIENTED_EDGE('',*,*,#1119,.F.);
#1441=ORIENTED_EDGE('',*,*,#1120,.F.);
#1442=ORIENTED_EDGE('',*,*,#1121,.F.);
#1443=ORIENTED_EDGE('',*,*,#1122,.F.);
#1444=ORIENTED_EDGE('',*,*,#1123,.F.);
#1445=ORIENTED_EDGE('',*,*,#1124,.F.);
#1446=ORIENTED_EDGE('',*,*,#1125,.F.);
#1447=ORIENTED_EDGE('',*,*,#1126,.F.);
#1448=ORIENTED_EDGE('',*,*,#1127,.F.);
#1449=ORIENTED_EDGE('',*,*,#1109,.F.);
#1450=ORIENTED_EDGE('',*,*,#1128,.T.);
#1451=ORIENTED_EDGE('',*,*,#1129,.F.);
#1452=ORIENTED_EDGE('',*,*,#1130,.T.);
#1453=ORIENTED_EDGE('',*,*,#1131,.F.);
#1454=ORIENTED_EDGE('',*,*,#1132,.T.);
#1455=ORIENTED_EDGE('',*,*,#1133,.T.);
#1456=ORIENTED_EDGE('',*,*,#1134,.T.);
#1457=ORIENTED_EDGE('',*,*,#1135,.T.);
#1458=ORIENTED_EDGE('',*,*,#1136,.T.);
#1459=ORIENTED_EDGE('',*,*,#1137,.F.);
#1460=ORIENTED_EDGE('',*,*,#1138,.T.);
#1461=ORIENTED_EDGE('',*,*,#1139,.F.);
#1462=ORIENTED_EDGE('',*,*,#1140,.T.);
#1463=ORIENTED_EDGE('',*,*,#1141,.F.);
#1464=ORIENTED_EDGE('',*,*,#1142,.T.);
#1465=ORIENTED_EDGE('',*,*,#1143,.F.);
#1466=ORIENTED_EDGE('',*,*,#1144,.T.);
#1467=ORIENTED_EDGE('',*,*,#1145,.F.);
#1468=ORIENTED_EDGE('',*,*,#1113,.T.);
#1469=ORIENTED_EDGE('',*,*,#1145,.T.);
#1470=ORIENTED_EDGE('',*,*,#1146,.T.);
#1471=ORIENTED_EDGE('',*,*,#1147,.T.);
#1472=ORIENTED_EDGE('',*,*,#1114,.T.);
#1473=ORIENTED_EDGE('',*,*,#1146,.F.);
#1474=ORIENTED_EDGE('',*,*,#1144,.F.);
#1475=ORIENTED_EDGE('',*,*,#1148,.F.);
#1476=ORIENTED_EDGE('',*,*,#1149,.F.);
#1477=ORIENTED_EDGE('',*,*,#1150,.F.);
#1478=ORIENTED_EDGE('',*,*,#1151,.F.);
#1479=ORIENTED_EDGE('',*,*,#1152,.F.);
#1480=ORIENTED_EDGE('',*,*,#1153,.F.);
#1481=ORIENTED_EDGE('',*,*,#1154,.F.);
#1482=ORIENTED_EDGE('',*,*,#1155,.F.);
#1483=ORIENTED_EDGE('',*,*,#1156,.F.);
#1484=ORIENTED_EDGE('',*,*,#1157,.F.);
#1485=ORIENTED_EDGE('',*,*,#1158,.T.);
#1486=ORIENTED_EDGE('',*,*,#1159,.T.);
#1487=ORIENTED_EDGE('',*,*,#1143,.T.);
#1488=ORIENTED_EDGE('',*,*,#1160,.T.);
#1489=ORIENTED_EDGE('',*,*,#1161,.T.);
#1490=ORIENTED_EDGE('',*,*,#1148,.T.);
#1491=ORIENTED_EDGE('',*,*,#1160,.F.);
#1492=ORIENTED_EDGE('',*,*,#1142,.F.);
#1493=ORIENTED_EDGE('',*,*,#1162,.F.);
#1494=ORIENTED_EDGE('',*,*,#1163,.F.);
#1495=ORIENTED_EDGE('',*,*,#1164,.F.);
#1496=ORIENTED_EDGE('',*,*,#1165,.F.);
#1497=ORIENTED_EDGE('',*,*,#1166,.F.);
#1498=ORIENTED_EDGE('',*,*,#1167,.F.);
#1499=ORIENTED_EDGE('',*,*,#1168,.F.);
#1500=ORIENTED_EDGE('',*,*,#1169,.F.);
#1501=ORIENTED_EDGE('',*,*,#1170,.F.);
#1502=ORIENTED_EDGE('',*,*,#1171,.F.);
#1503=ORIENTED_EDGE('',*,*,#1172,.F.);
#1504=ORIENTED_EDGE('',*,*,#1173,.F.);
#1505=ORIENTED_EDGE('',*,*,#1174,.F.);
#1506=ORIENTED_EDGE('',*,*,#1175,.F.);
#1507=ORIENTED_EDGE('',*,*,#1141,.T.);
#1508=ORIENTED_EDGE('',*,*,#1176,.T.);
#1509=ORIENTED_EDGE('',*,*,#1177,.T.);
#1510=ORIENTED_EDGE('',*,*,#1162,.T.);
#1511=ORIENTED_EDGE('',*,*,#1112,.F.);
#1512=ORIENTED_EDGE('',*,*,#1178,.F.);
#1513=ORIENTED_EDGE('',*,*,#1176,.F.);
#1514=ORIENTED_EDGE('',*,*,#1140,.F.);
#1515=ORIENTED_EDGE('',*,*,#1179,.F.);
#1516=ORIENTED_EDGE('',*,*,#1180,.T.);
#1517=ORIENTED_EDGE('',*,*,#1181,.F.);
#1518=ORIENTED_EDGE('',*,*,#1182,.F.);
#1519=ORIENTED_EDGE('',*,*,#1183,.F.);
#1520=ORIENTED_EDGE('',*,*,#1184,.T.);
#1521=ORIENTED_EDGE('',*,*,#1185,.F.);
#1522=ORIENTED_EDGE('',*,*,#1128,.F.);
#1523=ORIENTED_EDGE('',*,*,#1186,.T.);
#1524=ORIENTED_EDGE('',*,*,#1187,.T.);
#1525=ORIENTED_EDGE('',*,*,#1159,.F.);
#1526=ORIENTED_EDGE('',*,*,#1188,.T.);
#1527=ORIENTED_EDGE('',*,*,#1189,.F.);
#1528=ORIENTED_EDGE('',*,*,#1188,.F.);
#1529=ORIENTED_EDGE('',*,*,#1158,.F.);
#1530=ORIENTED_EDGE('',*,*,#1190,.T.);
#1531=ORIENTED_EDGE('',*,*,#1191,.F.);
#1532=ORIENTED_EDGE('',*,*,#1190,.F.);
#1533=ORIENTED_EDGE('',*,*,#1187,.F.);
#1534=ORIENTED_EDGE('',*,*,#1192,.T.);
#1535=ORIENTED_EDGE('',*,*,#1193,.F.);
#1536=ORIENTED_EDGE('',*,*,#1192,.F.);
#1537=ORIENTED_EDGE('',*,*,#1186,.F.);
#1538=ORIENTED_EDGE('',*,*,#1194,.T.);
#1539=ORIENTED_EDGE('',*,*,#1195,.F.);
#1540=ORIENTED_EDGE('',*,*,#1194,.F.);
#1541=ORIENTED_EDGE('',*,*,#1196,.T.);
#1542=ORIENTED_EDGE('',*,*,#1197,.T.);
#1543=ORIENTED_EDGE('',*,*,#1198,.T.);
#1544=ORIENTED_EDGE('',*,*,#1199,.T.);
#1545=ORIENTED_EDGE('',*,*,#1200,.T.);
#1546=ORIENTED_EDGE('',*,*,#1201,.T.);
#1547=ORIENTED_EDGE('',*,*,#1202,.T.);
#1548=ORIENTED_EDGE('',*,*,#1199,.F.);
#1549=ORIENTED_EDGE('',*,*,#1203,.T.);
#1550=ORIENTED_EDGE('',*,*,#1201,.F.);
#1551=ORIENTED_EDGE('',*,*,#1204,.T.);
#1552=ORIENTED_EDGE('',*,*,#1205,.T.);
#1553=ORIENTED_EDGE('',*,*,#1206,.T.);
#1554=ORIENTED_EDGE('',*,*,#1205,.F.);
#1555=ORIENTED_EDGE('',*,*,#1207,.T.);
#1556=ORIENTED_EDGE('',*,*,#1197,.F.);
#1557=ORIENTED_EDGE('',*,*,#1200,.F.);
#1558=ORIENTED_EDGE('',*,*,#1208,.F.);
#1559=ORIENTED_EDGE('',*,*,#1209,.F.);
#1560=ORIENTED_EDGE('',*,*,#1210,.T.);
#1561=ORIENTED_EDGE('',*,*,#1198,.F.);
#1562=ORIENTED_EDGE('',*,*,#1211,.F.);
#1563=ORIENTED_EDGE('',*,*,#1212,.F.);
#1564=ORIENTED_EDGE('',*,*,#1208,.T.);
#1565=ORIENTED_EDGE('',*,*,#1213,.F.);
#1566=ORIENTED_EDGE('',*,*,#1214,.T.);
#1567=ORIENTED_EDGE('',*,*,#1134,.F.);
#1568=ORIENTED_EDGE('',*,*,#1215,.F.);
#1569=ORIENTED_EDGE('',*,*,#1189,.T.);
#1570=ORIENTED_EDGE('',*,*,#1191,.T.);
#1571=ORIENTED_EDGE('',*,*,#1216,.F.);
#1572=ORIENTED_EDGE('',*,*,#1217,.F.);
#1573=ORIENTED_EDGE('',*,*,#1218,.F.);
#1574=ORIENTED_EDGE('',*,*,#1219,.F.);
#1575=ORIENTED_EDGE('',*,*,#1196,.F.);
#1576=ORIENTED_EDGE('',*,*,#1202,.F.);
#1577=ORIENTED_EDGE('',*,*,#1203,.F.);
#1578=ORIENTED_EDGE('',*,*,#1206,.F.);
#1579=ORIENTED_EDGE('',*,*,#1218,.T.);
#1580=ORIENTED_EDGE('',*,*,#1220,.T.);
#1581=ORIENTED_EDGE('',*,*,#1221,.T.);
#1582=ORIENTED_EDGE('',*,*,#1222,.T.);
#1583=ORIENTED_EDGE('',*,*,#1223,.T.);
#1584=ORIENTED_EDGE('',*,*,#1224,.T.);
#1585=ORIENTED_EDGE('',*,*,#1216,.T.);
#1586=ORIENTED_EDGE('',*,*,#1225,.F.);
#1587=ORIENTED_EDGE('',*,*,#1217,.T.);
#1588=ORIENTED_EDGE('',*,*,#1224,.F.);
#1589=ORIENTED_EDGE('',*,*,#1226,.T.);
#1590=ORIENTED_EDGE('',*,*,#1220,.F.);
#1591=ORIENTED_EDGE('',*,*,#1219,.T.);
#1592=ORIENTED_EDGE('',*,*,#1222,.F.);
#1593=ORIENTED_EDGE('',*,*,#1227,.T.);
#1594=ORIENTED_EDGE('',*,*,#1225,.T.);
#1595=ORIENTED_EDGE('',*,*,#1226,.F.);
#1596=ORIENTED_EDGE('',*,*,#1228,.F.);
#1597=ORIENTED_EDGE('',*,*,#1229,.F.);
#1598=ORIENTED_EDGE('',*,*,#1230,.T.);
#1599=ORIENTED_EDGE('',*,*,#1223,.F.);
#1600=ORIENTED_EDGE('',*,*,#1231,.F.);
#1601=ORIENTED_EDGE('',*,*,#1232,.F.);
#1602=ORIENTED_EDGE('',*,*,#1228,.T.);
#1603=ORIENTED_EDGE('',*,*,#1150,.T.);
#1604=ORIENTED_EDGE('',*,*,#1233,.T.);
#1605=ORIENTED_EDGE('',*,*,#1234,.T.);
#1606=ORIENTED_EDGE('',*,*,#1235,.F.);
#1607=ORIENTED_EDGE('',*,*,#1153,.T.);
#1608=ORIENTED_EDGE('',*,*,#1236,.T.);
#1609=ORIENTED_EDGE('',*,*,#1232,.T.);
#1610=ORIENTED_EDGE('',*,*,#1233,.F.);
#1611=ORIENTED_EDGE('',*,*,#1237,.T.);
#1612=ORIENTED_EDGE('',*,*,#1238,.T.);
#1613=ORIENTED_EDGE('',*,*,#1151,.T.);
#1614=ORIENTED_EDGE('',*,*,#1235,.T.);
#1615=ORIENTED_EDGE('',*,*,#1152,.T.);
#1616=ORIENTED_EDGE('',*,*,#1238,.F.);
#1617=ORIENTED_EDGE('',*,*,#1229,.T.);
#1618=ORIENTED_EDGE('',*,*,#1236,.F.);
#1619=ORIENTED_EDGE('',*,*,#1221,.F.);
#1620=ORIENTED_EDGE('',*,*,#1230,.F.);
#1621=ORIENTED_EDGE('',*,*,#1237,.F.);
#1622=ORIENTED_EDGE('',*,*,#1239,.T.);
#1623=ORIENTED_EDGE('',*,*,#1227,.F.);
#1624=ORIENTED_EDGE('',*,*,#1239,.F.);
#1625=ORIENTED_EDGE('',*,*,#1234,.F.);
#1626=ORIENTED_EDGE('',*,*,#1231,.T.);
#1627=ORIENTED_EDGE('',*,*,#1156,.T.);
#1628=ORIENTED_EDGE('',*,*,#1240,.T.);
#1629=ORIENTED_EDGE('',*,*,#1241,.T.);
#1630=ORIENTED_EDGE('',*,*,#1242,.F.);
#1631=ORIENTED_EDGE('',*,*,#1154,.T.);
#1632=ORIENTED_EDGE('',*,*,#1243,.T.);
#1633=ORIENTED_EDGE('',*,*,#1212,.T.);
#1634=ORIENTED_EDGE('',*,*,#1244,.T.);
#1635=ORIENTED_EDGE('',*,*,#1209,.T.);
#1636=ORIENTED_EDGE('',*,*,#1243,.F.);
#1637=ORIENTED_EDGE('',*,*,#1157,.T.);
#1638=ORIENTED_EDGE('',*,*,#1242,.T.);
#1639=ORIENTED_EDGE('',*,*,#1155,.T.);
#1640=ORIENTED_EDGE('',*,*,#1244,.F.);
#1641=ORIENTED_EDGE('',*,*,#1245,.T.);
#1642=ORIENTED_EDGE('',*,*,#1240,.F.);
#1643=ORIENTED_EDGE('',*,*,#1207,.F.);
#1644=ORIENTED_EDGE('',*,*,#1246,.F.);
#1645=ORIENTED_EDGE('',*,*,#1245,.F.);
#1646=ORIENTED_EDGE('',*,*,#1211,.T.);
#1647=ORIENTED_EDGE('',*,*,#1204,.F.);
#1648=ORIENTED_EDGE('',*,*,#1210,.F.);
#1649=ORIENTED_EDGE('',*,*,#1241,.F.);
#1650=ORIENTED_EDGE('',*,*,#1246,.T.);
#1651=ORIENTED_EDGE('',*,*,#1131,.T.);
#1652=ORIENTED_EDGE('',*,*,#1247,.T.);
#1653=ORIENTED_EDGE('',*,*,#1248,.T.);
#1654=ORIENTED_EDGE('',*,*,#1249,.T.);
#1655=ORIENTED_EDGE('',*,*,#1249,.F.);
#1656=ORIENTED_EDGE('',*,*,#1250,.T.);
#1657=ORIENTED_EDGE('',*,*,#1251,.F.);
#1658=ORIENTED_EDGE('',*,*,#1252,.F.);
#1659=ORIENTED_EDGE('',*,*,#1253,.F.);
#1660=ORIENTED_EDGE('',*,*,#1254,.T.);
#1661=ORIENTED_EDGE('',*,*,#1255,.F.);
#1662=ORIENTED_EDGE('',*,*,#1136,.F.);
#1663=ORIENTED_EDGE('',*,*,#1256,.F.);
#1664=ORIENTED_EDGE('',*,*,#1257,.F.);
#1665=ORIENTED_EDGE('',*,*,#1258,.T.);
#1666=ORIENTED_EDGE('',*,*,#1132,.F.);
#1667=ORIENTED_EDGE('',*,*,#1193,.T.);
#1668=ORIENTED_EDGE('',*,*,#1195,.T.);
#1669=ORIENTED_EDGE('',*,*,#1259,.T.);
#1670=ORIENTED_EDGE('',*,*,#1251,.T.);
#1671=ORIENTED_EDGE('',*,*,#1260,.T.);
#1672=ORIENTED_EDGE('',*,*,#1261,.T.);
#1673=ORIENTED_EDGE('',*,*,#1259,.F.);
#1674=ORIENTED_EDGE('',*,*,#1262,.T.);
#1675=ORIENTED_EDGE('',*,*,#1263,.F.);
#1676=ORIENTED_EDGE('',*,*,#1182,.T.);
#1677=ORIENTED_EDGE('',*,*,#1264,.F.);
#1678=ORIENTED_EDGE('',*,*,#1265,.T.);
#1679=ORIENTED_EDGE('',*,*,#1266,.F.);
#1680=ORIENTED_EDGE('',*,*,#1252,.T.);
#1681=ORIENTED_EDGE('',*,*,#1266,.T.);
#1682=ORIENTED_EDGE('',*,*,#1267,.T.);
#1683=ORIENTED_EDGE('',*,*,#1268,.T.);
#1684=ORIENTED_EDGE('',*,*,#1253,.T.);
#1685=ORIENTED_EDGE('',*,*,#1137,.T.);
#1686=ORIENTED_EDGE('',*,*,#1255,.T.);
#1687=ORIENTED_EDGE('',*,*,#1269,.T.);
#1688=ORIENTED_EDGE('',*,*,#1270,.T.);
#1689=ORIENTED_EDGE('',*,*,#1139,.T.);
#1690=ORIENTED_EDGE('',*,*,#1271,.T.);
#1691=ORIENTED_EDGE('',*,*,#1272,.T.);
#1692=ORIENTED_EDGE('',*,*,#1179,.T.);
#1693=ORIENTED_EDGE('',*,*,#1264,.T.);
#1694=ORIENTED_EDGE('',*,*,#1181,.T.);
#1695=ORIENTED_EDGE('',*,*,#1273,.T.);
#1696=ORIENTED_EDGE('',*,*,#1274,.T.);
#1697=ORIENTED_EDGE('',*,*,#1267,.F.);
#1698=ORIENTED_EDGE('',*,*,#1265,.F.);
#1699=ORIENTED_EDGE('',*,*,#1274,.F.);
#1700=ORIENTED_EDGE('',*,*,#1275,.T.);
#1701=ORIENTED_EDGE('',*,*,#1129,.T.);
#1702=ORIENTED_EDGE('',*,*,#1185,.T.);
#1703=ORIENTED_EDGE('',*,*,#1276,.T.);
#1704=ORIENTED_EDGE('',*,*,#1277,.T.);
#1705=ORIENTED_EDGE('',*,*,#1247,.F.);
#1706=ORIENTED_EDGE('',*,*,#1130,.F.);
#1707=ORIENTED_EDGE('',*,*,#1277,.F.);
#1708=ORIENTED_EDGE('',*,*,#1278,.T.);
#1709=ORIENTED_EDGE('',*,*,#1263,.T.);
#1710=ORIENTED_EDGE('',*,*,#1279,.T.);
#1711=ORIENTED_EDGE('',*,*,#1280,.T.);
#1712=ORIENTED_EDGE('',*,*,#1183,.T.);
#1713=ORIENTED_EDGE('',*,*,#1281,.T.);
#1714=ORIENTED_EDGE('',*,*,#1282,.T.);
#1715=ORIENTED_EDGE('',*,*,#1283,.T.);
#1716=ORIENTED_EDGE('',*,*,#1284,.T.);
#1717=ORIENTED_EDGE('',*,*,#1282,.F.);
#1718=ORIENTED_EDGE('',*,*,#1285,.F.);
#1719=ORIENTED_EDGE('',*,*,#1286,.F.);
#1720=ORIENTED_EDGE('',*,*,#1287,.T.);
#1721=ORIENTED_EDGE('',*,*,#1288,.T.);
#1722=ORIENTED_EDGE('',*,*,#1289,.T.);
#1723=ORIENTED_EDGE('',*,*,#1290,.T.);
#1724=ORIENTED_EDGE('',*,*,#1291,.T.);
#1725=ORIENTED_EDGE('',*,*,#1289,.F.);
#1726=ORIENTED_EDGE('',*,*,#1292,.F.);
#1727=ORIENTED_EDGE('',*,*,#1293,.F.);
#1728=ORIENTED_EDGE('',*,*,#1294,.T.);
#1729=ORIENTED_EDGE('',*,*,#1295,.T.);
#1730=ORIENTED_EDGE('',*,*,#1296,.T.);
#1731=ORIENTED_EDGE('',*,*,#1297,.T.);
#1732=ORIENTED_EDGE('',*,*,#1298,.T.);
#1733=ORIENTED_EDGE('',*,*,#1296,.F.);
#1734=ORIENTED_EDGE('',*,*,#1299,.F.);
#1735=ORIENTED_EDGE('',*,*,#1300,.F.);
#1736=ORIENTED_EDGE('',*,*,#1301,.T.);
#1737=ORIENTED_EDGE('',*,*,#1302,.T.);
#1738=ORIENTED_EDGE('',*,*,#1303,.T.);
#1739=ORIENTED_EDGE('',*,*,#1304,.T.);
#1740=ORIENTED_EDGE('',*,*,#1305,.T.);
#1741=ORIENTED_EDGE('',*,*,#1306,.T.);
#1742=ORIENTED_EDGE('',*,*,#1281,.F.);
#1743=ORIENTED_EDGE('',*,*,#1307,.T.);
#1744=ORIENTED_EDGE('',*,*,#1303,.F.);
#1745=ORIENTED_EDGE('',*,*,#1308,.T.);
#1746=ORIENTED_EDGE('',*,*,#1283,.F.);
#1747=ORIENTED_EDGE('',*,*,#1309,.T.);
#1748=ORIENTED_EDGE('',*,*,#1305,.F.);
#1749=ORIENTED_EDGE('',*,*,#1306,.F.);
#1750=ORIENTED_EDGE('',*,*,#1310,.F.);
#1751=ORIENTED_EDGE('',*,*,#1311,.F.);
#1752=ORIENTED_EDGE('',*,*,#1285,.T.);
#1753=ORIENTED_EDGE('',*,*,#1302,.F.);
#1754=ORIENTED_EDGE('',*,*,#1312,.F.);
#1755=ORIENTED_EDGE('',*,*,#1313,.F.);
#1756=ORIENTED_EDGE('',*,*,#1310,.T.);
#1757=ORIENTED_EDGE('',*,*,#1309,.F.);
#1758=ORIENTED_EDGE('',*,*,#1287,.F.);
#1759=ORIENTED_EDGE('',*,*,#1314,.F.);
#1760=ORIENTED_EDGE('',*,*,#1312,.T.);
#1761=ORIENTED_EDGE('',*,*,#1315,.T.);
#1762=ORIENTED_EDGE('',*,*,#1316,.T.);
#1763=ORIENTED_EDGE('',*,*,#1317,.T.);
#1764=ORIENTED_EDGE('',*,*,#1318,.T.);
#1765=ORIENTED_EDGE('',*,*,#1319,.T.);
#1766=ORIENTED_EDGE('',*,*,#1288,.F.);
#1767=ORIENTED_EDGE('',*,*,#1320,.T.);
#1768=ORIENTED_EDGE('',*,*,#1316,.F.);
#1769=ORIENTED_EDGE('',*,*,#1321,.T.);
#1770=ORIENTED_EDGE('',*,*,#1290,.F.);
#1771=ORIENTED_EDGE('',*,*,#1322,.T.);
#1772=ORIENTED_EDGE('',*,*,#1318,.F.);
#1773=ORIENTED_EDGE('',*,*,#1319,.F.);
#1774=ORIENTED_EDGE('',*,*,#1323,.F.);
#1775=ORIENTED_EDGE('',*,*,#1324,.F.);
#1776=ORIENTED_EDGE('',*,*,#1292,.T.);
#1777=ORIENTED_EDGE('',*,*,#1315,.F.);
#1778=ORIENTED_EDGE('',*,*,#1325,.F.);
#1779=ORIENTED_EDGE('',*,*,#1326,.F.);
#1780=ORIENTED_EDGE('',*,*,#1323,.T.);
#1781=ORIENTED_EDGE('',*,*,#1322,.F.);
#1782=ORIENTED_EDGE('',*,*,#1294,.F.);
#1783=ORIENTED_EDGE('',*,*,#1327,.F.);
#1784=ORIENTED_EDGE('',*,*,#1325,.T.);
#1785=ORIENTED_EDGE('',*,*,#1328,.T.);
#1786=ORIENTED_EDGE('',*,*,#1329,.T.);
#1787=ORIENTED_EDGE('',*,*,#1330,.T.);
#1788=ORIENTED_EDGE('',*,*,#1331,.T.);
#1789=ORIENTED_EDGE('',*,*,#1332,.T.);
#1790=ORIENTED_EDGE('',*,*,#1295,.F.);
#1791=ORIENTED_EDGE('',*,*,#1333,.T.);
#1792=ORIENTED_EDGE('',*,*,#1329,.F.);
#1793=ORIENTED_EDGE('',*,*,#1334,.T.);
#1794=ORIENTED_EDGE('',*,*,#1297,.F.);
#1795=ORIENTED_EDGE('',*,*,#1335,.T.);
#1796=ORIENTED_EDGE('',*,*,#1331,.F.);
#1797=ORIENTED_EDGE('',*,*,#1332,.F.);
#1798=ORIENTED_EDGE('',*,*,#1336,.F.);
#1799=ORIENTED_EDGE('',*,*,#1337,.F.);
#1800=ORIENTED_EDGE('',*,*,#1299,.T.);
#1801=ORIENTED_EDGE('',*,*,#1328,.F.);
#1802=ORIENTED_EDGE('',*,*,#1338,.F.);
#1803=ORIENTED_EDGE('',*,*,#1339,.F.);
#1804=ORIENTED_EDGE('',*,*,#1336,.T.);
#1805=ORIENTED_EDGE('',*,*,#1335,.F.);
#1806=ORIENTED_EDGE('',*,*,#1301,.F.);
#1807=ORIENTED_EDGE('',*,*,#1340,.F.);
#1808=ORIENTED_EDGE('',*,*,#1338,.T.);
#1809=ORIENTED_EDGE('',*,*,#1341,.T.);
#1810=ORIENTED_EDGE('',*,*,#1342,.T.);
#1811=ORIENTED_EDGE('',*,*,#1343,.T.);
#1812=ORIENTED_EDGE('',*,*,#1344,.T.);
#1813=ORIENTED_EDGE('',*,*,#1345,.T.);
#1814=ORIENTED_EDGE('',*,*,#1342,.F.);
#1815=ORIENTED_EDGE('',*,*,#1346,.T.);
#1816=ORIENTED_EDGE('',*,*,#1347,.F.);
#1817=ORIENTED_EDGE('',*,*,#1348,.T.);
#1818=ORIENTED_EDGE('',*,*,#1344,.F.);
#1819=ORIENTED_EDGE('',*,*,#1349,.T.);
#1820=ORIENTED_EDGE('',*,*,#1350,.T.);
#1821=ORIENTED_EDGE('',*,*,#1351,.T.);
#1822=ORIENTED_EDGE('',*,*,#1350,.F.);
#1823=ORIENTED_EDGE('',*,*,#1352,.T.);
#1824=ORIENTED_EDGE('',*,*,#1347,.T.);
#1825=ORIENTED_EDGE('',*,*,#1349,.F.);
#1826=ORIENTED_EDGE('',*,*,#1353,.F.);
#1827=ORIENTED_EDGE('',*,*,#1354,.F.);
#1828=ORIENTED_EDGE('',*,*,#1355,.T.);
#1829=ORIENTED_EDGE('',*,*,#1343,.F.);
#1830=ORIENTED_EDGE('',*,*,#1356,.F.);
#1831=ORIENTED_EDGE('',*,*,#1357,.F.);
#1832=ORIENTED_EDGE('',*,*,#1353,.T.);
#1833=ORIENTED_EDGE('',*,*,#1358,.F.);
#1834=ORIENTED_EDGE('',*,*,#1256,.T.);
#1835=ORIENTED_EDGE('',*,*,#1135,.F.);
#1836=ORIENTED_EDGE('',*,*,#1214,.F.);
#1837=ORIENTED_EDGE('',*,*,#1359,.F.);
#1838=ORIENTED_EDGE('',*,*,#1360,.F.);
#1839=ORIENTED_EDGE('',*,*,#1361,.F.);
#1840=ORIENTED_EDGE('',*,*,#1362,.F.);
#1841=ORIENTED_EDGE('',*,*,#1363,.F.);
#1842=ORIENTED_EDGE('',*,*,#1364,.F.);
#1843=ORIENTED_EDGE('',*,*,#1365,.F.);
#1844=ORIENTED_EDGE('',*,*,#1366,.F.);
#1845=ORIENTED_EDGE('',*,*,#1341,.F.);
#1846=ORIENTED_EDGE('',*,*,#1348,.F.);
#1847=ORIENTED_EDGE('',*,*,#1351,.F.);
#1848=ORIENTED_EDGE('',*,*,#1346,.F.);
#1849=ORIENTED_EDGE('',*,*,#1361,.T.);
#1850=ORIENTED_EDGE('',*,*,#1367,.T.);
#1851=ORIENTED_EDGE('',*,*,#1368,.T.);
#1852=ORIENTED_EDGE('',*,*,#1369,.T.);
#1853=ORIENTED_EDGE('',*,*,#1370,.T.);
#1854=ORIENTED_EDGE('',*,*,#1371,.T.);
#1855=ORIENTED_EDGE('',*,*,#1359,.T.);
#1856=ORIENTED_EDGE('',*,*,#1372,.F.);
#1857=ORIENTED_EDGE('',*,*,#1360,.T.);
#1858=ORIENTED_EDGE('',*,*,#1371,.F.);
#1859=ORIENTED_EDGE('',*,*,#1373,.T.);
#1860=ORIENTED_EDGE('',*,*,#1367,.F.);
#1861=ORIENTED_EDGE('',*,*,#1362,.T.);
#1862=ORIENTED_EDGE('',*,*,#1369,.F.);
#1863=ORIENTED_EDGE('',*,*,#1374,.T.);
#1864=ORIENTED_EDGE('',*,*,#1372,.T.);
#1865=ORIENTED_EDGE('',*,*,#1373,.F.);
#1866=ORIENTED_EDGE('',*,*,#1375,.F.);
#1867=ORIENTED_EDGE('',*,*,#1376,.F.);
#1868=ORIENTED_EDGE('',*,*,#1377,.T.);
#1869=ORIENTED_EDGE('',*,*,#1370,.F.);
#1870=ORIENTED_EDGE('',*,*,#1378,.F.);
#1871=ORIENTED_EDGE('',*,*,#1379,.F.);
#1872=ORIENTED_EDGE('',*,*,#1375,.T.);
#1873=ORIENTED_EDGE('',*,*,#1365,.T.);
#1874=ORIENTED_EDGE('',*,*,#1380,.T.);
#1875=ORIENTED_EDGE('',*,*,#1381,.T.);
#1876=ORIENTED_EDGE('',*,*,#1382,.T.);
#1877=ORIENTED_EDGE('',*,*,#1383,.T.);
#1878=ORIENTED_EDGE('',*,*,#1384,.T.);
#1879=ORIENTED_EDGE('',*,*,#1363,.T.);
#1880=ORIENTED_EDGE('',*,*,#1385,.F.);
#1881=ORIENTED_EDGE('',*,*,#1364,.T.);
#1882=ORIENTED_EDGE('',*,*,#1384,.F.);
#1883=ORIENTED_EDGE('',*,*,#1386,.T.);
#1884=ORIENTED_EDGE('',*,*,#1380,.F.);
#1885=ORIENTED_EDGE('',*,*,#1366,.T.);
#1886=ORIENTED_EDGE('',*,*,#1382,.F.);
#1887=ORIENTED_EDGE('',*,*,#1387,.T.);
#1888=ORIENTED_EDGE('',*,*,#1385,.T.);
#1889=ORIENTED_EDGE('',*,*,#1386,.F.);
#1890=ORIENTED_EDGE('',*,*,#1388,.F.);
#1891=ORIENTED_EDGE('',*,*,#1389,.F.);
#1892=ORIENTED_EDGE('',*,*,#1390,.T.);
#1893=ORIENTED_EDGE('',*,*,#1383,.F.);
#1894=ORIENTED_EDGE('',*,*,#1391,.F.);
#1895=ORIENTED_EDGE('',*,*,#1392,.F.);
#1896=ORIENTED_EDGE('',*,*,#1388,.T.);
#1897=ORIENTED_EDGE('',*,*,#1164,.T.);
#1898=ORIENTED_EDGE('',*,*,#1393,.T.);
#1899=ORIENTED_EDGE('',*,*,#1394,.T.);
#1900=ORIENTED_EDGE('',*,*,#1395,.T.);
#1901=ORIENTED_EDGE('',*,*,#1167,.T.);
#1902=ORIENTED_EDGE('',*,*,#1396,.T.);
#1903=ORIENTED_EDGE('',*,*,#1397,.T.);
#1904=ORIENTED_EDGE('',*,*,#1393,.F.);
#1905=ORIENTED_EDGE('',*,*,#1392,.T.);
#1906=ORIENTED_EDGE('',*,*,#1396,.F.);
#1907=ORIENTED_EDGE('',*,*,#1166,.T.);
#1908=ORIENTED_EDGE('',*,*,#1398,.T.);
#1909=ORIENTED_EDGE('',*,*,#1165,.T.);
#1910=ORIENTED_EDGE('',*,*,#1395,.F.);
#1911=ORIENTED_EDGE('',*,*,#1389,.T.);
#1912=ORIENTED_EDGE('',*,*,#1398,.F.);
#1913=ORIENTED_EDGE('',*,*,#1381,.F.);
#1914=ORIENTED_EDGE('',*,*,#1390,.F.);
#1915=ORIENTED_EDGE('',*,*,#1394,.F.);
#1916=ORIENTED_EDGE('',*,*,#1399,.T.);
#1917=ORIENTED_EDGE('',*,*,#1172,.T.);
#1918=ORIENTED_EDGE('',*,*,#1400,.T.);
#1919=ORIENTED_EDGE('',*,*,#1401,.T.);
#1920=ORIENTED_EDGE('',*,*,#1402,.T.);
#1921=ORIENTED_EDGE('',*,*,#1175,.T.);
#1922=ORIENTED_EDGE('',*,*,#1403,.T.);
#1923=ORIENTED_EDGE('',*,*,#1404,.T.);
#1924=ORIENTED_EDGE('',*,*,#1400,.F.);
#1925=ORIENTED_EDGE('',*,*,#1379,.T.);
#1926=ORIENTED_EDGE('',*,*,#1403,.F.);
#1927=ORIENTED_EDGE('',*,*,#1174,.T.);
#1928=ORIENTED_EDGE('',*,*,#1405,.T.);
#1929=ORIENTED_EDGE('',*,*,#1173,.T.);
#1930=ORIENTED_EDGE('',*,*,#1402,.F.);
#1931=ORIENTED_EDGE('',*,*,#1376,.T.);
#1932=ORIENTED_EDGE('',*,*,#1405,.F.);
#1933=ORIENTED_EDGE('',*,*,#1368,.F.);
#1934=ORIENTED_EDGE('',*,*,#1377,.F.);
#1935=ORIENTED_EDGE('',*,*,#1401,.F.);
#1936=ORIENTED_EDGE('',*,*,#1406,.T.);
#1937=ORIENTED_EDGE('',*,*,#1168,.T.);
#1938=ORIENTED_EDGE('',*,*,#1407,.T.);
#1939=ORIENTED_EDGE('',*,*,#1354,.T.);
#1940=ORIENTED_EDGE('',*,*,#1408,.F.);
#1941=ORIENTED_EDGE('',*,*,#1171,.T.);
#1942=ORIENTED_EDGE('',*,*,#1409,.T.);
#1943=ORIENTED_EDGE('',*,*,#1410,.T.);
#1944=ORIENTED_EDGE('',*,*,#1407,.F.);
#1945=ORIENTED_EDGE('',*,*,#1357,.T.);
#1946=ORIENTED_EDGE('',*,*,#1411,.T.);
#1947=ORIENTED_EDGE('',*,*,#1169,.T.);
#1948=ORIENTED_EDGE('',*,*,#1408,.T.);
#1949=ORIENTED_EDGE('',*,*,#1170,.T.);
#1950=ORIENTED_EDGE('',*,*,#1411,.F.);
#1951=ORIENTED_EDGE('',*,*,#1412,.T.);
#1952=ORIENTED_EDGE('',*,*,#1409,.F.);
#1953=ORIENTED_EDGE('',*,*,#1116,.T.);
#1954=ORIENTED_EDGE('',*,*,#1413,.T.);
#1955=ORIENTED_EDGE('',*,*,#1311,.T.);
#1956=ORIENTED_EDGE('',*,*,#1414,.F.);
#1957=ORIENTED_EDGE('',*,*,#1119,.T.);
#1958=ORIENTED_EDGE('',*,*,#1415,.T.);
#1959=ORIENTED_EDGE('',*,*,#1286,.T.);
#1960=ORIENTED_EDGE('',*,*,#1413,.F.);
#1961=ORIENTED_EDGE('',*,*,#1313,.T.);
#1962=ORIENTED_EDGE('',*,*,#1416,.T.);
#1963=ORIENTED_EDGE('',*,*,#1117,.T.);
#1964=ORIENTED_EDGE('',*,*,#1414,.T.);
#1965=ORIENTED_EDGE('',*,*,#1118,.T.);
#1966=ORIENTED_EDGE('',*,*,#1416,.F.);
#1967=ORIENTED_EDGE('',*,*,#1314,.T.);
#1968=ORIENTED_EDGE('',*,*,#1415,.F.);
#1969=ORIENTED_EDGE('',*,*,#1124,.T.);
#1970=ORIENTED_EDGE('',*,*,#1417,.T.);
#1971=ORIENTED_EDGE('',*,*,#1326,.T.);
#1972=ORIENTED_EDGE('',*,*,#1418,.T.);
#1973=ORIENTED_EDGE('',*,*,#1127,.T.);
#1974=ORIENTED_EDGE('',*,*,#1419,.T.);
#1975=ORIENTED_EDGE('',*,*,#1324,.T.);
#1976=ORIENTED_EDGE('',*,*,#1417,.F.);
#1977=ORIENTED_EDGE('',*,*,#1126,.T.);
#1978=ORIENTED_EDGE('',*,*,#1420,.T.);
#1979=ORIENTED_EDGE('',*,*,#1293,.T.);
#1980=ORIENTED_EDGE('',*,*,#1419,.F.);
#1981=ORIENTED_EDGE('',*,*,#1327,.T.);
#1982=ORIENTED_EDGE('',*,*,#1420,.F.);
#1983=ORIENTED_EDGE('',*,*,#1125,.T.);
#1984=ORIENTED_EDGE('',*,*,#1418,.F.);
#1985=ORIENTED_EDGE('',*,*,#1120,.T.);
#1986=ORIENTED_EDGE('',*,*,#1421,.T.);
#1987=ORIENTED_EDGE('',*,*,#1339,.T.);
#1988=ORIENTED_EDGE('',*,*,#1422,.T.);
#1989=ORIENTED_EDGE('',*,*,#1123,.T.);
#1990=ORIENTED_EDGE('',*,*,#1423,.T.);
#1991=ORIENTED_EDGE('',*,*,#1337,.T.);
#1992=ORIENTED_EDGE('',*,*,#1421,.F.);
#1993=ORIENTED_EDGE('',*,*,#1122,.T.);
#1994=ORIENTED_EDGE('',*,*,#1424,.T.);
#1995=ORIENTED_EDGE('',*,*,#1300,.T.);
#1996=ORIENTED_EDGE('',*,*,#1423,.F.);
#1997=ORIENTED_EDGE('',*,*,#1340,.T.);
#1998=ORIENTED_EDGE('',*,*,#1424,.F.);
#1999=ORIENTED_EDGE('',*,*,#1121,.T.);
#2000=ORIENTED_EDGE('',*,*,#1422,.F.);
#2001=ORIENTED_EDGE('',*,*,#1270,.F.);
#2002=ORIENTED_EDGE('',*,*,#1425,.F.);
#2003=ORIENTED_EDGE('',*,*,#1271,.F.);
#2004=ORIENTED_EDGE('',*,*,#1138,.F.);
#2005=ORIENTED_EDGE('',*,*,#1180,.F.);
#2006=ORIENTED_EDGE('',*,*,#1272,.F.);
#2007=ORIENTED_EDGE('',*,*,#1425,.T.);
#2008=ORIENTED_EDGE('',*,*,#1269,.F.);
#2009=ORIENTED_EDGE('',*,*,#1254,.F.);
#2010=ORIENTED_EDGE('',*,*,#1268,.F.);
#2011=ORIENTED_EDGE('',*,*,#1275,.F.);
#2012=ORIENTED_EDGE('',*,*,#1273,.F.);
#2013=ORIENTED_EDGE('',*,*,#1261,.F.);
#2014=ORIENTED_EDGE('',*,*,#1426,.F.);
#2015=ORIENTED_EDGE('',*,*,#1279,.F.);
#2016=ORIENTED_EDGE('',*,*,#1262,.F.);
#2017=ORIENTED_EDGE('',*,*,#1184,.F.);
#2018=ORIENTED_EDGE('',*,*,#1280,.F.);
#2019=ORIENTED_EDGE('',*,*,#1426,.T.);
#2020=ORIENTED_EDGE('',*,*,#1260,.F.);
#2021=ORIENTED_EDGE('',*,*,#1250,.F.);
#2022=ORIENTED_EDGE('',*,*,#1248,.F.);
#2023=ORIENTED_EDGE('',*,*,#1278,.F.);
#2024=ORIENTED_EDGE('',*,*,#1276,.F.);
#2025=ORIENTED_EDGE('',*,*,#1374,.F.);
#2026=ORIENTED_EDGE('',*,*,#1406,.F.);
#2027=ORIENTED_EDGE('',*,*,#1404,.F.);
#2028=ORIENTED_EDGE('',*,*,#1378,.T.);
#2029=ORIENTED_EDGE('',*,*,#1387,.F.);
#2030=ORIENTED_EDGE('',*,*,#1399,.F.);
#2031=ORIENTED_EDGE('',*,*,#1397,.F.);
#2032=ORIENTED_EDGE('',*,*,#1391,.T.);
#2033=ORIENTED_EDGE('',*,*,#1352,.F.);
#2034=ORIENTED_EDGE('',*,*,#1355,.F.);
#2035=ORIENTED_EDGE('',*,*,#1410,.F.);
#2036=ORIENTED_EDGE('',*,*,#1427,.T.);
#2037=ORIENTED_EDGE('',*,*,#1345,.F.);
#2038=ORIENTED_EDGE('',*,*,#1427,.F.);
#2039=ORIENTED_EDGE('',*,*,#1412,.F.);
#2040=ORIENTED_EDGE('',*,*,#1356,.T.);
#2041=ORIENTED_EDGE('',*,*,#1428,.F.);
#2042=ORIENTED_EDGE('',*,*,#1215,.T.);
#2043=ORIENTED_EDGE('',*,*,#1133,.F.);
#2044=ORIENTED_EDGE('',*,*,#1258,.F.);
#2045=ORIENTED_EDGE('',*,*,#1308,.F.);
#2046=ORIENTED_EDGE('',*,*,#1304,.F.);
#2047=ORIENTED_EDGE('',*,*,#1307,.F.);
#2048=ORIENTED_EDGE('',*,*,#1284,.F.);
#2049=ORIENTED_EDGE('',*,*,#1321,.F.);
#2050=ORIENTED_EDGE('',*,*,#1317,.F.);
#2051=ORIENTED_EDGE('',*,*,#1320,.F.);
#2052=ORIENTED_EDGE('',*,*,#1291,.F.);
#2053=ORIENTED_EDGE('',*,*,#1334,.F.);
#2054=ORIENTED_EDGE('',*,*,#1330,.F.);
#2055=ORIENTED_EDGE('',*,*,#1333,.F.);
#2056=ORIENTED_EDGE('',*,*,#1298,.F.);
#2057=ORIENTED_EDGE('',*,*,#1257,.T.);
#2058=ORIENTED_EDGE('',*,*,#1358,.T.);
#2059=ORIENTED_EDGE('',*,*,#1213,.T.);
#2060=ORIENTED_EDGE('',*,*,#1428,.T.);
#2061=ORIENTED_EDGE('',*,*,#1111,.F.);
#2062=ORIENTED_EDGE('',*,*,#1115,.T.);
#2063=ORIENTED_EDGE('',*,*,#1147,.F.);
#2064=ORIENTED_EDGE('',*,*,#1149,.T.);
#2065=ORIENTED_EDGE('',*,*,#1161,.F.);
#2066=ORIENTED_EDGE('',*,*,#1163,.T.);
#2067=ORIENTED_EDGE('',*,*,#1177,.F.);
#2068=ORIENTED_EDGE('',*,*,#1178,.T.);
#2069=CYLINDRICAL_SURFACE('',#2281,3.);
#2070=CYLINDRICAL_SURFACE('',#2293,3.);
#2071=CYLINDRICAL_SURFACE('',#2298,3.);
#2072=CYLINDRICAL_SURFACE('',#2301,3.);
#2073=CYLINDRICAL_SURFACE('',#2306,1.6);
#2074=CYLINDRICAL_SURFACE('',#2308,1.6);
#2075=CYLINDRICAL_SURFACE('',#2310,1.6);
#2076=CYLINDRICAL_SURFACE('',#2312,1.6);
#2077=CYLINDRICAL_SURFACE('',#2314,0.5);
#2078=CYLINDRICAL_SURFACE('',#2317,0.5);
#2079=CYLINDRICAL_SURFACE('',#2319,0.5);
#2080=CYLINDRICAL_SURFACE('',#2321,0.5);
#2081=CYLINDRICAL_SURFACE('',#2325,0.5);
#2082=CYLINDRICAL_SURFACE('',#2328,0.5);
#2083=CYLINDRICAL_SURFACE('',#2331,0.5);
#2084=CYLINDRICAL_SURFACE('',#2332,0.5);
#2085=CYLINDRICAL_SURFACE('',#2335,0.5);
#2086=CYLINDRICAL_SURFACE('',#2338,0.5);
#2087=CYLINDRICAL_SURFACE('',#2340,0.5);
#2088=CYLINDRICAL_SURFACE('',#2342,0.5);
#2089=CYLINDRICAL_SURFACE('',#2345,0.5);
#2090=CYLINDRICAL_SURFACE('',#2348,0.5);
#2091=CYLINDRICAL_SURFACE('',#2351,0.5);
#2092=CYLINDRICAL_SURFACE('',#2352,0.5);
#2093=CYLINDRICAL_SURFACE('',#2355,1.);
#2094=CYLINDRICAL_SURFACE('',#2358,1.);
#2095=CYLINDRICAL_SURFACE('',#2365,1.);
#2096=CYLINDRICAL_SURFACE('',#2367,1.);
#2097=CYLINDRICAL_SURFACE('',#2369,0.5);
#2098=CYLINDRICAL_SURFACE('',#2371,0.5);
#2099=CYLINDRICAL_SURFACE('',#2374,0.5);
#2100=CYLINDRICAL_SURFACE('',#2377,0.5);
#2101=CYLINDRICAL_SURFACE('',#2379,0.5);
#2102=CYLINDRICAL_SURFACE('',#2383,0.5);
#2103=CYLINDRICAL_SURFACE('',#2387,0.5);
#2104=CYLINDRICAL_SURFACE('',#2391,0.5);
#2105=CYLINDRICAL_SURFACE('',#2394,0.5);
#2106=CYLINDRICAL_SURFACE('',#2395,0.5);
#2107=CYLINDRICAL_SURFACE('',#2399,0.5);
#2108=CYLINDRICAL_SURFACE('',#2402,0.5);
#2109=CYLINDRICAL_SURFACE('',#2403,0.5);
#2110=CYLINDRICAL_SURFACE('',#2407,0.5);
#2111=CYLINDRICAL_SURFACE('',#2410,0.5);
#2112=CYLINDRICAL_SURFACE('',#2411,0.5);
#2113=CYLINDRICAL_SURFACE('',#2415,0.5);
#2114=CYLINDRICAL_SURFACE('',#2418,0.5);
#2115=CYLINDRICAL_SURFACE('',#2420,0.5);
#2116=CYLINDRICAL_SURFACE('',#2422,0.5);
#2117=CYLINDRICAL_SURFACE('',#2426,0.5);
#2118=CYLINDRICAL_SURFACE('',#2429,0.5);
#2119=CYLINDRICAL_SURFACE('',#2432,0.5);
#2120=CYLINDRICAL_SURFACE('',#2433,0.5);
#2121=CYLINDRICAL_SURFACE('',#2436,0.5);
#2122=CYLINDRICAL_SURFACE('',#2439,0.5);
#2123=CYLINDRICAL_SURFACE('',#2442,0.5);
#2124=CYLINDRICAL_SURFACE('',#2443,0.5);
#2125=CYLINDRICAL_SURFACE('',#2446,0.5);
#2126=CYLINDRICAL_SURFACE('',#2449,0.5);
#2127=CYLINDRICAL_SURFACE('',#2451,0.5);
#2128=CYLINDRICAL_SURFACE('',#2453,0.5);
#2129=CYLINDRICAL_SURFACE('',#2455,0.5);
#2130=CYLINDRICAL_SURFACE('',#2458,0.5);
#2131=CYLINDRICAL_SURFACE('',#2460,0.5);
#2132=CYLINDRICAL_SURFACE('',#2462,0.5);
#2133=CYLINDRICAL_SURFACE('',#2464,0.5);
#2134=CYLINDRICAL_SURFACE('',#2467,0.5);
#2135=CYLINDRICAL_SURFACE('',#2469,0.5);
#2136=CYLINDRICAL_SURFACE('',#2471,0.5);
#2137=CYLINDRICAL_SURFACE('',#2472,0.5);
#2138=CYLINDRICAL_SURFACE('',#2475,0.5);
#2139=CYLINDRICAL_SURFACE('',#2477,0.5);
#2140=CYLINDRICAL_SURFACE('',#2479,0.5);
#2141=CYLINDRICAL_SURFACE('',#2480,0.5);
#2142=CYLINDRICAL_SURFACE('',#2483,0.5);
#2143=CYLINDRICAL_SURFACE('',#2485,0.5);
#2144=CYLINDRICAL_SURFACE('',#2487,0.5);
#2145=CYLINDRICAL_SURFACE('',#2488,0.5);
#2146=CYLINDRICAL_SURFACE('',#2491,0.5);
#2147=CYLINDRICAL_SURFACE('',#2493,0.5);
#2148=CYLINDRICAL_SURFACE('',#2495,0.5);
#2149=ADVANCED_FACE('',(#153),#2069,.T.);
#2150=ADVANCED_FACE('',(#154,#79,#80,#81),#103,.T.);
#2151=ADVANCED_FACE('',(#155),#104,.T.);
#2152=ADVANCED_FACE('',(#156),#2070,.T.);
#2153=ADVANCED_FACE('',(#157,#82,#83,#84,#85),#105,.T.);
#2154=ADVANCED_FACE('',(#158),#2071,.T.);
#2155=ADVANCED_FACE('',(#159,#86,#87,#88),#106,.T.);
#2156=ADVANCED_FACE('',(#160),#2072,.T.);
#2157=ADVANCED_FACE('',(#161,#89,#90),#107,.T.);
#2158=ADVANCED_FACE('',(#162),#2073,.F.);
#2159=ADVANCED_FACE('',(#163),#2074,.F.);
#2160=ADVANCED_FACE('',(#164),#2075,.F.);
#2161=ADVANCED_FACE('',(#165),#2076,.F.);
#2162=ADVANCED_FACE('',(#166),#2077,.T.);
#2163=ADVANCED_FACE('',(#167),#2078,.T.);
#2164=ADVANCED_FACE('',(#168),#2079,.T.);
#2165=ADVANCED_FACE('',(#169),#2080,.T.);
#2166=ADVANCED_FACE('',(#170),#108,.F.);
#2167=ADVANCED_FACE('',(#171),#109,.F.);
#2168=ADVANCED_FACE('',(#172,#91,#92,#93,#94),#110,.T.);
#2169=ADVANCED_FACE('',(#173),#2081,.T.);
#2170=ADVANCED_FACE('',(#174),#2082,.T.);
#2171=ADVANCED_FACE('',(#175),#2083,.T.);
#2172=ADVANCED_FACE('',(#176),#2084,.T.);
#2173=ADVANCED_FACE('',(#177),#111,.F.);
#2174=ADVANCED_FACE('',(#178),#112,.F.);
#2175=ADVANCED_FACE('',(#179),#2085,.T.);
#2176=ADVANCED_FACE('',(#180),#2086,.T.);
#2177=ADVANCED_FACE('',(#181),#2087,.T.);
#2178=ADVANCED_FACE('',(#182),#2088,.T.);
#2179=ADVANCED_FACE('',(#183),#113,.F.);
#2180=ADVANCED_FACE('',(#184),#114,.F.);
#2181=ADVANCED_FACE('',(#185),#2089,.T.);
#2182=ADVANCED_FACE('',(#186),#2090,.T.);
#2183=ADVANCED_FACE('',(#187),#2091,.T.);
#2184=ADVANCED_FACE('',(#188),#2092,.T.);
#2185=ADVANCED_FACE('',(#189),#115,.F.);
#2186=ADVANCED_FACE('',(#190),#116,.F.);
#2187=ADVANCED_FACE('',(#191),#2093,.T.);
#2188=ADVANCED_FACE('',(#192,#95,#96),#117,.T.);
#2189=ADVANCED_FACE('',(#193),#2094,.T.);
#2190=ADVANCED_FACE('',(#194),#118,.T.);
#2191=ADVANCED_FACE('',(#195),#2095,.T.);
#2192=ADVANCED_FACE('',(#196),#2096,.T.);
#2193=ADVANCED_FACE('',(#197),#2097,.T.);
#2194=ADVANCED_FACE('',(#198),#2098,.T.);
#2195=ADVANCED_FACE('',(#199),#119,.F.);
#2196=ADVANCED_FACE('',(#200),#2099,.T.);
#2197=ADVANCED_FACE('',(#201),#120,.F.);
#2198=ADVANCED_FACE('',(#202),#2100,.T.);
#2199=ADVANCED_FACE('',(#203),#2101,.T.);
#2200=ADVANCED_FACE('',(#204),#121,.F.);
#2201=ADVANCED_FACE('',(#205),#2102,.T.);
#2202=ADVANCED_FACE('',(#206),#122,.F.);
#2203=ADVANCED_FACE('',(#207),#2103,.T.);
#2204=ADVANCED_FACE('',(#208),#123,.F.);
#2205=ADVANCED_FACE('',(#209),#2104,.T.);
#2206=ADVANCED_FACE('',(#210),#2105,.T.);
#2207=ADVANCED_FACE('',(#211),#2106,.T.);
#2208=ADVANCED_FACE('',(#212),#124,.F.);
#2209=ADVANCED_FACE('',(#213),#125,.F.);
#2210=ADVANCED_FACE('',(#214),#126,.F.);
#2211=ADVANCED_FACE('',(#215),#2107,.T.);
#2212=ADVANCED_FACE('',(#216),#2108,.T.);
#2213=ADVANCED_FACE('',(#217),#2109,.T.);
#2214=ADVANCED_FACE('',(#218),#127,.F.);
#2215=ADVANCED_FACE('',(#219),#128,.F.);
#2216=ADVANCED_FACE('',(#220),#129,.F.);
#2217=ADVANCED_FACE('',(#221),#2110,.T.);
#2218=ADVANCED_FACE('',(#222),#2111,.T.);
#2219=ADVANCED_FACE('',(#223),#2112,.T.);
#2220=ADVANCED_FACE('',(#224),#130,.F.);
#2221=ADVANCED_FACE('',(#225),#131,.F.);
#2222=ADVANCED_FACE('',(#226),#132,.F.);
#2223=ADVANCED_FACE('',(#227),#2113,.T.);
#2224=ADVANCED_FACE('',(#228),#2114,.T.);
#2225=ADVANCED_FACE('',(#229),#2115,.T.);
#2226=ADVANCED_FACE('',(#230),#2116,.T.);
#2227=ADVANCED_FACE('',(#231),#133,.F.);
#2228=ADVANCED_FACE('',(#232),#134,.F.);
#2229=ADVANCED_FACE('',(#233,#97,#98,#99),#135,.T.);
#2230=ADVANCED_FACE('',(#234),#2117,.T.);
#2231=ADVANCED_FACE('',(#235),#2118,.T.);
#2232=ADVANCED_FACE('',(#236),#2119,.T.);
#2233=ADVANCED_FACE('',(#237),#2120,.T.);
#2234=ADVANCED_FACE('',(#238),#136,.F.);
#2235=ADVANCED_FACE('',(#239),#137,.F.);
#2236=ADVANCED_FACE('',(#240),#2121,.T.);
#2237=ADVANCED_FACE('',(#241),#2122,.T.);
#2238=ADVANCED_FACE('',(#242),#2123,.T.);
#2239=ADVANCED_FACE('',(#243),#2124,.T.);
#2240=ADVANCED_FACE('',(#244),#138,.F.);
#2241=ADVANCED_FACE('',(#245),#139,.F.);
#2242=ADVANCED_FACE('',(#246),#2125,.T.);
#2243=ADVANCED_FACE('',(#247),#2126,.T.);
#2244=ADVANCED_FACE('',(#248),#2127,.T.);
#2245=ADVANCED_FACE('',(#249),#2128,.T.);
#2246=ADVANCED_FACE('',(#250),#140,.F.);
#2247=ADVANCED_FACE('',(#251),#2129,.T.);
#2248=ADVANCED_FACE('',(#252),#2130,.T.);
#2249=ADVANCED_FACE('',(#253),#2131,.T.);
#2250=ADVANCED_FACE('',(#254),#2132,.T.);
#2251=ADVANCED_FACE('',(#255),#141,.F.);
#2252=ADVANCED_FACE('',(#256),#2133,.T.);
#2253=ADVANCED_FACE('',(#257),#2134,.T.);
#2254=ADVANCED_FACE('',(#258),#2135,.T.);
#2255=ADVANCED_FACE('',(#259),#2136,.T.);
#2256=ADVANCED_FACE('',(#260),#2137,.T.);
#2257=ADVANCED_FACE('',(#261),#2138,.T.);
#2258=ADVANCED_FACE('',(#262),#2139,.T.);
#2259=ADVANCED_FACE('',(#263),#2140,.T.);
#2260=ADVANCED_FACE('',(#264),#2141,.T.);
#2261=ADVANCED_FACE('',(#265),#2142,.T.);
#2262=ADVANCED_FACE('',(#266),#2143,.T.);
#2263=ADVANCED_FACE('',(#267),#2144,.T.);
#2264=ADVANCED_FACE('',(#268),#2145,.T.);
#2265=ADVANCED_FACE('',(#269),#2146,.T.);
#2266=ADVANCED_FACE('',(#270),#2147,.T.);
#2267=ADVANCED_FACE('',(#271),#2148,.T.);
#2268=ADVANCED_FACE('',(#272),#142,.F.);
#2269=ADVANCED_FACE('',(#273),#143,.F.);
#2270=ADVANCED_FACE('',(#274),#144,.F.);
#2271=ADVANCED_FACE('',(#275),#145,.F.);
#2272=ADVANCED_FACE('',(#276),#146,.F.);
#2273=ADVANCED_FACE('',(#277),#147,.F.);
#2274=ADVANCED_FACE('',(#278),#148,.F.);
#2275=ADVANCED_FACE('',(#279),#149,.F.);
#2276=ADVANCED_FACE('',(#280,#100,#101,#102),#150,.T.);
#2277=ADVANCED_FACE('',(#281),#151,.T.);
#2278=ADVANCED_FACE('',(#282),#152,.F.);
#2279=CLOSED_SHELL('',(#2149,#2150,#2151,#2152,#2153,#2154,#2155,#2156,
#2157,#2158,#2159,#2160,#2161,#2162,#2163,#2164,#2165,#2166,#2167,#2168,
#2169,#2170,#2171,#2172,#2173,#2174,#2175,#2176,#2177,#2178,#2179,#2180,
#2181,#2182,#2183,#2184,#2185,#2186,#2187,#2188,#2189,#2190,#2191,#2192,
#2193,#2194,#2195,#2196,#2197,#2198,#2199,#2200,#2201,#2202,#2203,#2204,
#2205,#2206,#2207,#2208,#2209,#2210,#2211,#2212,#2213,#2214,#2215,#2216,
#2217,#2218,#2219,#2220,#2221,#2222,#2223,#2224,#2225,#2226,#2227,#2228,
#2229,#2230,#2231,#2232,#2233,#2234,#2235,#2236,#2237,#2238,#2239,#2240,
#2241,#2242,#2243,#2244,#2245,#2246,#2247,#2248,#2249,#2250,#2251,#2252,
#2253,#2254,#2255,#2256,#2257,#2258,#2259,#2260,#2261,#2262,#2263,#2264,
#2265,#2266,#2267,#2268,#2269,#2270,#2271,#2272,#2273,#2274,#2275,#2276,
#2277,#2278));
#2280=AXIS2_PLACEMENT_3D('',#3185,#2507,#2508);
#2281=AXIS2_PLACEMENT_3D('',#3186,#2509,#2510);
#2282=AXIS2_PLACEMENT_3D('',#3189,#2511,#2512);
#2283=AXIS2_PLACEMENT_3D('',#3193,#2514,#2515);
#2284=AXIS2_PLACEMENT_3D('',#3195,#2517,#2518);
#2285=AXIS2_PLACEMENT_3D('',#3225,#2534,#2535);
#2286=AXIS2_PLACEMENT_3D('',#3229,#2537,#2538);
#2287=AXIS2_PLACEMENT_3D('',#3233,#2540,#2541);
#2288=AXIS2_PLACEMENT_3D('',#3245,#2547,#2548);
#2289=AXIS2_PLACEMENT_3D('',#3249,#2550,#2551);
#2290=AXIS2_PLACEMENT_3D('',#3253,#2553,#2554);
#2291=AXIS2_PLACEMENT_3D('',#3257,#2556,#2557);
#2292=AXIS2_PLACEMENT_3D('',#3260,#2559,#2560);
#2293=AXIS2_PLACEMENT_3D('',#3261,#2561,#2562);
#2294=AXIS2_PLACEMENT_3D('',#3264,#2564,#2565);
#2295=AXIS2_PLACEMENT_3D('',#3265,#2566,#2567);
#2296=AXIS2_PLACEMENT_3D('',#3286,#2578,#2579);
#2297=AXIS2_PLACEMENT_3D('',#3288,#2580,#2581);
#2298=AXIS2_PLACEMENT_3D('',#3289,#2582,#2583);
#2299=AXIS2_PLACEMENT_3D('',#3292,#2585,#2586);
#2300=AXIS2_PLACEMENT_3D('',#3293,#2587,#2588);
#2301=AXIS2_PLACEMENT_3D('',#3321,#2603,#2604);
#2302=AXIS2_PLACEMENT_3D('',#3324,#2606,#2607);
#2303=AXIS2_PLACEMENT_3D('',#3325,#2608,#2609);
#2304=AXIS2_PLACEMENT_3D('',#3341,#2618,#2619);
#2305=AXIS2_PLACEMENT_3D('',#3343,#2620,#2621);
#2306=AXIS2_PLACEMENT_3D('',#3344,#2622,#2623);
#2307=AXIS2_PLACEMENT_3D('',#3347,#2625,#2626);
#2308=AXIS2_PLACEMENT_3D('',#3348,#2627,#2628);
#2309=AXIS2_PLACEMENT_3D('',#3351,#2630,#2631);
#2310=AXIS2_PLACEMENT_3D('',#3352,#2632,#2633);
#2311=AXIS2_PLACEMENT_3D('',#3355,#2635,#2636);
#2312=AXIS2_PLACEMENT_3D('',#3356,#2637,#2638);
#2313=AXIS2_PLACEMENT_3D('',#3359,#2640,#2641);
#2314=AXIS2_PLACEMENT_3D('',#3360,#2642,#2643);
#2315=AXIS2_PLACEMENT_3D('',#3365,#2645,#2646);
#2316=AXIS2_PLACEMENT_3D('',#3368,#2648,#2649);
#2317=AXIS2_PLACEMENT_3D('',#3369,#2650,#2651);
#2318=AXIS2_PLACEMENT_3D('',#3373,#2653,#2654);
#2319=AXIS2_PLACEMENT_3D('',#3375,#2656,#2657);
#2320=AXIS2_PLACEMENT_3D('',#3380,#2660,#2661);
#2321=AXIS2_PLACEMENT_3D('',#3381,#2662,#2663);
#2322=AXIS2_PLACEMENT_3D('',#3384,#2666,#2667);
#2323=AXIS2_PLACEMENT_3D('',#3390,#2671,#2672);
#2324=AXIS2_PLACEMENT_3D('',#3394,#2675,#2676);
#2325=AXIS2_PLACEMENT_3D('',#3408,#2684,#2685);
#2326=AXIS2_PLACEMENT_3D('',#3410,#2686,#2687);
#2327=AXIS2_PLACEMENT_3D('',#3413,#2689,#2690);
#2328=AXIS2_PLACEMENT_3D('',#3414,#2691,#2692);
#2329=AXIS2_PLACEMENT_3D('',#3418,#2694,#2695);
#2330=AXIS2_PLACEMENT_3D('',#3419,#2696,#2697);
#2331=AXIS2_PLACEMENT_3D('',#3420,#2698,#2699);
#2332=AXIS2_PLACEMENT_3D('',#3422,#2701,#2702);
#2333=AXIS2_PLACEMENT_3D('',#3424,#2704,#2705);
#2334=AXIS2_PLACEMENT_3D('',#3430,#2709,#2710);
#2335=AXIS2_PLACEMENT_3D('',#3434,#2713,#2714);
#2336=AXIS2_PLACEMENT_3D('',#3435,#2715,#2716);
#2337=AXIS2_PLACEMENT_3D('',#3438,#2718,#2719);
#2338=AXIS2_PLACEMENT_3D('',#3439,#2720,#2721);
#2339=AXIS2_PLACEMENT_3D('',#3440,#2722,#2723);
#2340=AXIS2_PLACEMENT_3D('',#3441,#2724,#2725);
#2341=AXIS2_PLACEMENT_3D('',#3443,#2727,#2728);
#2342=AXIS2_PLACEMENT_3D('',#3444,#2729,#2730);
#2343=AXIS2_PLACEMENT_3D('',#3445,#2731,#2732);
#2344=AXIS2_PLACEMENT_3D('',#3447,#2734,#2735);
#2345=AXIS2_PLACEMENT_3D('',#3448,#2736,#2737);
#2346=AXIS2_PLACEMENT_3D('',#3450,#2738,#2739);
#2347=AXIS2_PLACEMENT_3D('',#3452,#2741,#2742);
#2348=AXIS2_PLACEMENT_3D('',#3453,#2743,#2744);
#2349=AXIS2_PLACEMENT_3D('',#3454,#2745,#2746);
#2350=AXIS2_PLACEMENT_3D('',#3455,#2747,#2748);
#2351=AXIS2_PLACEMENT_3D('',#3456,#2749,#2750);
#2352=AXIS2_PLACEMENT_3D('',#3457,#2751,#2752);
#2353=AXIS2_PLACEMENT_3D('',#3459,#2754,#2755);
#2354=AXIS2_PLACEMENT_3D('',#3461,#2757,#2758);
#2355=AXIS2_PLACEMENT_3D('',#3462,#2759,#2760);
#2356=AXIS2_PLACEMENT_3D('',#3466,#2762,#2763);
#2357=AXIS2_PLACEMENT_3D('',#3468,#2765,#2766);
#2358=AXIS2_PLACEMENT_3D('',#3485,#2776,#2777);
#2359=AXIS2_PLACEMENT_3D('',#3487,#2778,#2779);
#2360=AXIS2_PLACEMENT_3D('',#3489,#2780,#2781);
#2361=AXIS2_PLACEMENT_3D('',#3491,#2783,#2784);
#2362=AXIS2_PLACEMENT_3D('',#3494,#2786,#2787);
#2363=AXIS2_PLACEMENT_3D('',#3496,#2788,#2789);
#2364=AXIS2_PLACEMENT_3D('',#3499,#2791,#2792);
#2365=AXIS2_PLACEMENT_3D('',#3500,#2793,#2794);
#2366=AXIS2_PLACEMENT_3D('',#3503,#2796,#2797);
#2367=AXIS2_PLACEMENT_3D('',#3504,#2798,#2799);
#2368=AXIS2_PLACEMENT_3D('',#3506,#2800,#2801);
#2369=AXIS2_PLACEMENT_3D('',#3508,#2803,#2804);
#2370=AXIS2_PLACEMENT_3D('',#3511,#2806,#2807);
#2371=AXIS2_PLACEMENT_3D('',#3512,#2808,#2809);
#2372=AXIS2_PLACEMENT_3D('',#3514,#2810,#2811);
#2373=AXIS2_PLACEMENT_3D('',#3516,#2813,#2814);
#2374=AXIS2_PLACEMENT_3D('',#3518,#2816,#2817);
#2375=AXIS2_PLACEMENT_3D('',#3520,#2818,#2819);
#2376=AXIS2_PLACEMENT_3D('',#3522,#2821,#2822);
#2377=AXIS2_PLACEMENT_3D('',#3524,#2824,#2825);
#2378=AXIS2_PLACEMENT_3D('',#3527,#2827,#2828);
#2379=AXIS2_PLACEMENT_3D('',#3528,#2829,#2830);
#2380=AXIS2_PLACEMENT_3D('',#3531,#2831,#2832);
#2381=AXIS2_PLACEMENT_3D('',#3535,#2834,#2835);
#2382=AXIS2_PLACEMENT_3D('',#3537,#2837,#2838);
#2383=AXIS2_PLACEMENT_3D('',#3543,#2842,#2843);
#2384=AXIS2_PLACEMENT_3D('',#3546,#2844,#2845);
#2385=AXIS2_PLACEMENT_3D('',#3550,#2847,#2848);
#2386=AXIS2_PLACEMENT_3D('',#3552,#2850,#2851);
#2387=AXIS2_PLACEMENT_3D('',#3558,#2855,#2856);
#2388=AXIS2_PLACEMENT_3D('',#3561,#2857,#2858);
#2389=AXIS2_PLACEMENT_3D('',#3565,#2860,#2861);
#2390=AXIS2_PLACEMENT_3D('',#3567,#2863,#2864);
#2391=AXIS2_PLACEMENT_3D('',#3573,#2868,#2869);
#2392=AXIS2_PLACEMENT_3D('',#3578,#2871,#2872);
#2393=AXIS2_PLACEMENT_3D('',#3581,#2874,#2875);
#2394=AXIS2_PLACEMENT_3D('',#3582,#2876,#2877);
#2395=AXIS2_PLACEMENT_3D('',#3585,#2880,#2881);
#2396=AXIS2_PLACEMENT_3D('',#3588,#2884,#2885);
#2397=AXIS2_PLACEMENT_3D('',#3592,#2888,#2889);
#2398=AXIS2_PLACEMENT_3D('',#3596,#2892,#2893);
#2399=AXIS2_PLACEMENT_3D('',#3598,#2895,#2896);
#2400=AXIS2_PLACEMENT_3D('',#3603,#2898,#2899);
#2401=AXIS2_PLACEMENT_3D('',#3606,#2901,#2902);
#2402=AXIS2_PLACEMENT_3D('',#3607,#2903,#2904);
#2403=AXIS2_PLACEMENT_3D('',#3610,#2907,#2908);
#2404=AXIS2_PLACEMENT_3D('',#3613,#2911,#2912);
#2405=AXIS2_PLACEMENT_3D('',#3617,#2915,#2916);
#2406=AXIS2_PLACEMENT_3D('',#3621,#2919,#2920);
#2407=AXIS2_PLACEMENT_3D('',#3623,#2922,#2923);
#2408=AXIS2_PLACEMENT_3D('',#3628,#2925,#2926);
#2409=AXIS2_PLACEMENT_3D('',#3631,#2928,#2929);
#2410=AXIS2_PLACEMENT_3D('',#3632,#2930,#2931);
#2411=AXIS2_PLACEMENT_3D('',#3635,#2934,#2935);
#2412=AXIS2_PLACEMENT_3D('',#3638,#2938,#2939);
#2413=AXIS2_PLACEMENT_3D('',#3642,#2942,#2943);
#2414=AXIS2_PLACEMENT_3D('',#3646,#2946,#2947);
#2415=AXIS2_PLACEMENT_3D('',#3648,#2949,#2950);
#2416=AXIS2_PLACEMENT_3D('',#3653,#2952,#2953);
#2417=AXIS2_PLACEMENT_3D('',#3656,#2955,#2956);
#2418=AXIS2_PLACEMENT_3D('',#3657,#2957,#2958);
#2419=AXIS2_PLACEMENT_3D('',#3662,#2961,#2962);
#2420=AXIS2_PLACEMENT_3D('',#3663,#2963,#2964);
#2421=AXIS2_PLACEMENT_3D('',#3668,#2967,#2968);
#2422=AXIS2_PLACEMENT_3D('',#3669,#2969,#2970);
#2423=AXIS2_PLACEMENT_3D('',#3672,#2973,#2974);
#2424=AXIS2_PLACEMENT_3D('',#3678,#2978,#2979);
#2425=AXIS2_PLACEMENT_3D('',#3682,#2982,#2983);
#2426=AXIS2_PLACEMENT_3D('',#3700,#2993,#2994);
#2427=AXIS2_PLACEMENT_3D('',#3702,#2995,#2996);
#2428=AXIS2_PLACEMENT_3D('',#3705,#2998,#2999);
#2429=AXIS2_PLACEMENT_3D('',#3706,#3000,#3001);
#2430=AXIS2_PLACEMENT_3D('',#3710,#3003,#3004);
#2431=AXIS2_PLACEMENT_3D('',#3711,#3005,#3006);
#2432=AXIS2_PLACEMENT_3D('',#3712,#3007,#3008);
#2433=AXIS2_PLACEMENT_3D('',#3714,#3010,#3011);
#2434=AXIS2_PLACEMENT_3D('',#3716,#3013,#3014);
#2435=AXIS2_PLACEMENT_3D('',#3722,#3018,#3019);
#2436=AXIS2_PLACEMENT_3D('',#3726,#3022,#3023);
#2437=AXIS2_PLACEMENT_3D('',#3728,#3024,#3025);
#2438=AXIS2_PLACEMENT_3D('',#3731,#3027,#3028);
#2439=AXIS2_PLACEMENT_3D('',#3732,#3029,#3030);
#2440=AXIS2_PLACEMENT_3D('',#3736,#3032,#3033);
#2441=AXIS2_PLACEMENT_3D('',#3737,#3034,#3035);
#2442=AXIS2_PLACEMENT_3D('',#3738,#3036,#3037);
#2443=AXIS2_PLACEMENT_3D('',#3740,#3039,#3040);
#2444=AXIS2_PLACEMENT_3D('',#3742,#3042,#3043);
#2445=AXIS2_PLACEMENT_3D('',#3748,#3047,#3048);
#2446=AXIS2_PLACEMENT_3D('',#3752,#3051,#3052);
#2447=AXIS2_PLACEMENT_3D('',#3754,#3053,#3054);
#2448=AXIS2_PLACEMENT_3D('',#3756,#3056,#3057);
#2449=AXIS2_PLACEMENT_3D('',#3757,#3058,#3059);
#2450=AXIS2_PLACEMENT_3D('',#3758,#3060,#3061);
#2451=AXIS2_PLACEMENT_3D('',#3760,#3063,#3064);
#2452=AXIS2_PLACEMENT_3D('',#3761,#3065,#3066);
#2453=AXIS2_PLACEMENT_3D('',#3762,#3067,#3068);
#2454=AXIS2_PLACEMENT_3D('',#3763,#3069,#3070);
#2455=AXIS2_PLACEMENT_3D('',#3765,#3072,#3073);
#2456=AXIS2_PLACEMENT_3D('',#3767,#3074,#3075);
#2457=AXIS2_PLACEMENT_3D('',#3769,#3077,#3078);
#2458=AXIS2_PLACEMENT_3D('',#3770,#3079,#3080);
#2459=AXIS2_PLACEMENT_3D('',#3771,#3081,#3082);
#2460=AXIS2_PLACEMENT_3D('',#3773,#3084,#3085);
#2461=AXIS2_PLACEMENT_3D('',#3774,#3086,#3087);
#2462=AXIS2_PLACEMENT_3D('',#3775,#3088,#3089);
#2463=AXIS2_PLACEMENT_3D('',#3776,#3090,#3091);
#2464=AXIS2_PLACEMENT_3D('',#3778,#3093,#3094);
#2465=AXIS2_PLACEMENT_3D('',#3779,#3095,#3096);
#2466=AXIS2_PLACEMENT_3D('',#3780,#3097,#3098);
#2467=AXIS2_PLACEMENT_3D('',#3781,#3099,#3100);
#2468=AXIS2_PLACEMENT_3D('',#3783,#3101,#3102);
#2469=AXIS2_PLACEMENT_3D('',#3785,#3104,#3105);
#2470=AXIS2_PLACEMENT_3D('',#3786,#3106,#3107);
#2471=AXIS2_PLACEMENT_3D('',#3787,#3108,#3109);
#2472=AXIS2_PLACEMENT_3D('',#3789,#3111,#3112);
#2473=AXIS2_PLACEMENT_3D('',#3790,#3113,#3114);
#2474=AXIS2_PLACEMENT_3D('',#3791,#3115,#3116);
#2475=AXIS2_PLACEMENT_3D('',#3792,#3117,#3118);
#2476=AXIS2_PLACEMENT_3D('',#3793,#3119,#3120);
#2477=AXIS2_PLACEMENT_3D('',#3794,#3121,#3122);
#2478=AXIS2_PLACEMENT_3D('',#3795,#3123,#3124);
#2479=AXIS2_PLACEMENT_3D('',#3796,#3125,#3126);
#2480=AXIS2_PLACEMENT_3D('',#3797,#3127,#3128);
#2481=AXIS2_PLACEMENT_3D('',#3798,#3129,#3130);
#2482=AXIS2_PLACEMENT_3D('',#3799,#3131,#3132);
#2483=AXIS2_PLACEMENT_3D('',#3800,#3133,#3134);
#2484=AXIS2_PLACEMENT_3D('',#3801,#3135,#3136);
#2485=AXIS2_PLACEMENT_3D('',#3802,#3137,#3138);
#2486=AXIS2_PLACEMENT_3D('',#3803,#3139,#3140);
#2487=AXIS2_PLACEMENT_3D('',#3804,#3141,#3142);
#2488=AXIS2_PLACEMENT_3D('',#3805,#3143,#3144);
#2489=AXIS2_PLACEMENT_3D('',#3806,#3145,#3146);
#2490=AXIS2_PLACEMENT_3D('',#3807,#3147,#3148);
#2491=AXIS2_PLACEMENT_3D('',#3808,#3149,#3150);
#2492=AXIS2_PLACEMENT_3D('',#3809,#3151,#3152);
#2493=AXIS2_PLACEMENT_3D('',#3810,#3153,#3154);
#2494=AXIS2_PLACEMENT_3D('',#3811,#3155,#3156);
#2495=AXIS2_PLACEMENT_3D('',#3812,#3157,#3158);
#2496=AXIS2_PLACEMENT_3D('',#3813,#3159,#3160);
#2497=AXIS2_PLACEMENT_3D('',#3815,#3162,#3163);
#2498=AXIS2_PLACEMENT_3D('',#3816,#3164,#3165);
#2499=AXIS2_PLACEMENT_3D('',#3818,#3167,#3168);
#2500=AXIS2_PLACEMENT_3D('',#3819,#3169,#3170);
#2501=AXIS2_PLACEMENT_3D('',#3820,#3171,#3172);
#2502=AXIS2_PLACEMENT_3D('',#3821,#3173,#3174);
#2503=AXIS2_PLACEMENT_3D('',#3823,#3176,#3177);
#2504=AXIS2_PLACEMENT_3D('',#3824,#3178,#3179);
#2505=AXIS2_PLACEMENT_3D('',#3826,#3181,#3182);
#2506=AXIS2_PLACEMENT_3D('',#3827,#3183,#3184);
#2507=DIRECTION('axis',(0.,0.,1.));
#2508=DIRECTION('refdir',(1.,0.,0.));
#2509=DIRECTION('center_axis',(0.,0.,1.));
#2510=DIRECTION('ref_axis',(0.707106781186548,0.707106781186548,0.));
#2511=DIRECTION('center_axis',(0.,0.,-1.));
#2512=DIRECTION('ref_axis',(0.707106781186548,0.707106781186548,0.));
#2513=DIRECTION('',(0.,0.,-1.));
#2514=DIRECTION('center_axis',(0.,0.,1.));
#2515=DIRECTION('ref_axis',(0.707106781186548,0.707106781186548,0.));
#2516=DIRECTION('',(0.,0.,1.));
#2517=DIRECTION('center_axis',(1.,0.,0.));
#2518=DIRECTION('ref_axis',(0.,1.,0.));
#2519=DIRECTION('',(0.,1.,0.));
#2520=DIRECTION('',(0.,0.,1.));
#2521=DIRECTION('',(0.,-1.,0.));
#2522=DIRECTION('',(0.,-1.,0.));
#2523=DIRECTION('',(0.,0.,1.));
#2524=DIRECTION('',(0.,1.,0.));
#2525=DIRECTION('',(0.,0.,-1.));
#2526=DIRECTION('',(0.,0.,1.));
#2527=DIRECTION('',(0.,1.,0.));
#2528=DIRECTION('',(0.,0.,-1.));
#2529=DIRECTION('',(0.,-1.,0.));
#2530=DIRECTION('',(0.,0.,1.));
#2531=DIRECTION('',(0.,1.,0.));
#2532=DIRECTION('',(0.,0.,-1.));
#2533=DIRECTION('',(0.,-1.,0.));
#2534=DIRECTION('center_axis',(0.,0.,1.));
#2535=DIRECTION('ref_axis',(1.,0.,0.));
#2536=DIRECTION('',(-1.,0.,0.));
#2537=DIRECTION('center_axis',(0.,0.,-1.));
#2538=DIRECTION('ref_axis',(-0.707106781186544,0.707106781186551,0.));
#2539=DIRECTION('',(0.,-1.,0.));
#2540=DIRECTION('center_axis',(0.,0.,-1.));
#2541=DIRECTION('ref_axis',(-0.707106781186549,-0.707106781186546,0.));
#2542=DIRECTION('',(1.,0.,0.));
#2543=DIRECTION('',(0.,-1.,0.));
#2544=DIRECTION('',(-1.,0.,0.));
#2545=DIRECTION('',(0.,1.,0.));
#2546=DIRECTION('',(1.,0.,0.));
#2547=DIRECTION('center_axis',(0.,0.,-1.));
#2548=DIRECTION('ref_axis',(0.707106781186549,-0.707106781186546,0.));
#2549=DIRECTION('',(0.,1.,0.));
#2550=DIRECTION('center_axis',(0.,0.,-1.));
#2551=DIRECTION('ref_axis',(0.707106781186544,0.707106781186551,0.));
#2552=DIRECTION('',(-1.,0.,0.));
#2553=DIRECTION('center_axis',(0.,0.,-1.));
#2554=DIRECTION('ref_axis',(-0.707106781186548,0.707106781186548,0.));
#2555=DIRECTION('',(0.,-1.,0.));
#2556=DIRECTION('center_axis',(0.,0.,-1.));
#2557=DIRECTION('ref_axis',(-0.707106781186548,-0.707106781186548,0.));
#2558=DIRECTION('',(1.,0.,0.));
#2559=DIRECTION('center_axis',(0.,0.,-1.));
#2560=DIRECTION('ref_axis',(0.707106781186548,-0.707106781186548,0.));
#2561=DIRECTION('center_axis',(0.,0.,1.));
#2562=DIRECTION('ref_axis',(0.707106781186548,-0.707106781186548,0.));
#2563=DIRECTION('',(0.,0.,-1.));
#2564=DIRECTION('center_axis',(0.,0.,1.));
#2565=DIRECTION('ref_axis',(0.707106781186548,-0.707106781186548,0.));
#2566=DIRECTION('center_axis',(0.,-1.,0.));
#2567=DIRECTION('ref_axis',(1.,0.,0.));
#2568=DIRECTION('',(0.,0.,1.));
#2569=DIRECTION('',(-1.,0.,0.));
#2570=DIRECTION('',(-1.,0.,0.));
#2571=DIRECTION('',(0.,0.,1.));
#2572=DIRECTION('',(1.,0.,0.));
#2573=DIRECTION('',(0.,0.,-1.));
#2574=DIRECTION('',(0.,0.,1.));
#2575=DIRECTION('',(1.,0.,0.));
#2576=DIRECTION('',(0.,0.,-1.));
#2577=DIRECTION('',(-1.,0.,0.));
#2578=DIRECTION('center_axis',(0.,1.,0.));
#2579=DIRECTION('ref_axis',(1.,0.,0.));
#2580=DIRECTION('center_axis',(0.,1.,0.));
#2581=DIRECTION('ref_axis',(1.,0.,0.));
#2582=DIRECTION('center_axis',(0.,0.,1.));
#2583=DIRECTION('ref_axis',(-0.707106781186548,-0.707106781186548,0.));
#2584=DIRECTION('',(0.,0.,-1.));
#2585=DIRECTION('center_axis',(0.,0.,1.));
#2586=DIRECTION('ref_axis',(-0.707106781186548,-0.707106781186548,0.));
#2587=DIRECTION('center_axis',(-1.,0.,0.));
#2588=DIRECTION('ref_axis',(0.,-1.,0.));
#2589=DIRECTION('',(0.,0.,1.));
#2590=DIRECTION('',(0.,1.,0.));
#2591=DIRECTION('',(0.,0.,1.));
#2592=DIRECTION('',(0.,-1.,0.));
#2593=DIRECTION('',(0.,0.,-1.));
#2594=DIRECTION('',(0.,1.,0.));
#2595=DIRECTION('',(0.,0.,1.));
#2596=DIRECTION('',(0.,-1.,0.));
#2597=DIRECTION('',(0.,0.,-1.));
#2598=DIRECTION('',(0.,1.,0.));
#2599=DIRECTION('',(0.,0.,1.));
#2600=DIRECTION('',(0.,-1.,0.));
#2601=DIRECTION('',(0.,0.,-1.));
#2602=DIRECTION('',(0.,1.,0.));
#2603=DIRECTION('center_axis',(0.,0.,1.));
#2604=DIRECTION('ref_axis',(-0.707106781186548,0.707106781186548,0.));
#2605=DIRECTION('',(0.,0.,-1.));
#2606=DIRECTION('center_axis',(0.,0.,1.));
#2607=DIRECTION('ref_axis',(-0.707106781186548,0.707106781186548,0.));
#2608=DIRECTION('center_axis',(0.,1.,0.));
#2609=DIRECTION('ref_axis',(-1.,0.,0.));
#2610=DIRECTION('',(1.,0.,0.));
#2611=DIRECTION('',(0.,0.,1.));
#2612=DIRECTION('',(1.,0.,0.));
#2613=DIRECTION('',(0.,0.,-1.));
#2614=DIRECTION('',(-1.,0.,0.));
#2615=DIRECTION('',(0.,0.,1.));
#2616=DIRECTION('',(1.,0.,0.));
#2617=DIRECTION('',(0.,0.,-1.));
#2618=DIRECTION('center_axis',(0.,-1.,0.));
#2619=DIRECTION('ref_axis',(-1.,0.,0.));
#2620=DIRECTION('center_axis',(0.,-1.,0.));
#2621=DIRECTION('ref_axis',(-1.,0.,0.));
#2622=DIRECTION('center_axis',(0.,1.,0.));
#2623=DIRECTION('ref_axis',(1.,0.,0.));
#2624=DIRECTION('',(0.,1.,0.));
#2625=DIRECTION('center_axis',(0.,-1.,0.));
#2626=DIRECTION('ref_axis',(1.,0.,0.));
#2627=DIRECTION('center_axis',(0.,1.,0.));
#2628=DIRECTION('ref_axis',(1.,0.,0.));
#2629=DIRECTION('',(0.,1.,0.));
#2630=DIRECTION('center_axis',(0.,-1.,0.));
#2631=DIRECTION('ref_axis',(1.,0.,0.));
#2632=DIRECTION('center_axis',(0.,-1.,0.));
#2633=DIRECTION('ref_axis',(-1.,0.,0.));
#2634=DIRECTION('',(0.,-1.,0.));
#2635=DIRECTION('center_axis',(0.,1.,0.));
#2636=DIRECTION('ref_axis',(-1.,0.,0.));
#2637=DIRECTION('center_axis',(0.,-1.,0.));
#2638=DIRECTION('ref_axis',(-1.,0.,0.));
#2639=DIRECTION('',(0.,-1.,0.));
#2640=DIRECTION('center_axis',(0.,1.,0.));
#2641=DIRECTION('ref_axis',(-1.,0.,0.));
#2642=DIRECTION('center_axis',(0.,0.,1.));
#2643=DIRECTION('ref_axis',(-0.707106781186544,0.707106781186551,0.));
#2644=DIRECTION('',(0.,0.,-1.));
#2645=DIRECTION('center_axis',(0.707106781186548,0.,0.707106781186548));
#2646=DIRECTION('ref_axis',(0.707106781186548,0.,-0.707106781186548));
#2647=DIRECTION('',(0.,0.,1.));
#2648=DIRECTION('center_axis',(0.707106781186546,0.,-0.707106781186549));
#2649=DIRECTION('ref_axis',(-0.707106781186549,0.,-0.707106781186546));
#2650=DIRECTION('center_axis',(-1.,0.,0.));
#2651=DIRECTION('ref_axis',(0.,0.707106781186554,-0.707106781186541));
#2652=DIRECTION('',(-1.,0.,0.));
#2653=DIRECTION('center_axis',(0.707106781186548,0.,0.707106781186548));
#2654=DIRECTION('ref_axis',(0.707106781186548,0.,-0.707106781186548));
#2655=DIRECTION('',(1.,0.,0.));
#2656=DIRECTION('center_axis',(0.,0.,-1.));
#2657=DIRECTION('ref_axis',(0.707106781186541,0.707106781186554,0.));
#2658=DIRECTION('',(0.,0.,1.));
#2659=DIRECTION('',(0.,0.,-1.));
#2660=DIRECTION('center_axis',(-0.707106781186549,0.,0.707106781186546));
#2661=DIRECTION('ref_axis',(0.707106781186546,0.,0.707106781186549));
#2662=DIRECTION('center_axis',(1.,0.,0.));
#2663=DIRECTION('ref_axis',(0.,0.707106781186554,0.707106781186541));
#2664=DIRECTION('',(-1.,0.,0.));
#2665=DIRECTION('',(1.,0.,0.));
#2666=DIRECTION('center_axis',(0.,0.,1.));
#2667=DIRECTION('ref_axis',(1.,0.,0.));
#2668=DIRECTION('',(0.,1.,0.));
#2669=DIRECTION('',(1.,0.,0.));
#2670=DIRECTION('',(0.,1.,0.));
#2671=DIRECTION('center_axis',(1.,0.,0.));
#2672=DIRECTION('ref_axis',(0.,0.,-1.));
#2673=DIRECTION('',(0.,1.,0.));
#2674=DIRECTION('',(0.,0.,-1.));
#2675=DIRECTION('center_axis',(0.,1.,0.));
#2676=DIRECTION('ref_axis',(-1.,0.,0.));
#2677=DIRECTION('',(1.,0.,0.));
#2678=DIRECTION('',(0.,0.,1.));
#2679=DIRECTION('',(0.,0.,1.));
#2680=DIRECTION('',(0.,0.,1.));
#2681=DIRECTION('',(-1.,0.,0.));
#2682=DIRECTION('',(0.,0.,-1.));
#2683=DIRECTION('',(1.,0.,0.));
#2684=DIRECTION('center_axis',(0.,0.,1.));
#2685=DIRECTION('ref_axis',(-0.707106781186541,0.707106781186554,0.));
#2686=DIRECTION('center_axis',(0.707106781186549,0.,0.707106781186546));
#2687=DIRECTION('ref_axis',(0.707106781186546,0.,-0.707106781186549));
#2688=DIRECTION('',(0.,0.,1.));
#2689=DIRECTION('center_axis',(0.707106781186548,0.,-0.707106781186548));
#2690=DIRECTION('ref_axis',(-0.707106781186548,0.,-0.707106781186548));
#2691=DIRECTION('center_axis',(0.,0.,-1.));
#2692=DIRECTION('ref_axis',(0.707106781186544,0.707106781186551,0.));
#2693=DIRECTION('',(0.,0.,-1.));
#2694=DIRECTION('center_axis',(-0.707106781186546,0.,0.707106781186549));
#2695=DIRECTION('ref_axis',(0.707106781186549,0.,0.707106781186546));
#2696=DIRECTION('center_axis',(0.707106781186544,0.,0.707106781186551));
#2697=DIRECTION('ref_axis',(0.707106781186551,0.,-0.707106781186544));
#2698=DIRECTION('center_axis',(1.,0.,0.));
#2699=DIRECTION('ref_axis',(0.,0.707106781186554,0.707106781186541));
#2700=DIRECTION('',(1.,0.,0.));
#2701=DIRECTION('center_axis',(-1.,0.,0.));
#2702=DIRECTION('ref_axis',(0.,0.707106781186554,-0.707106781186541));
#2703=DIRECTION('',(-1.,0.,0.));
#2704=DIRECTION('center_axis',(0.,0.,-1.));
#2705=DIRECTION('ref_axis',(-1.,0.,0.));
#2706=DIRECTION('',(0.,1.,0.));
#2707=DIRECTION('',(-1.,0.,0.));
#2708=DIRECTION('',(0.,1.,0.));
#2709=DIRECTION('center_axis',(-1.,0.,0.));
#2710=DIRECTION('ref_axis',(0.,0.,1.));
#2711=DIRECTION('',(0.,1.,0.));
#2712=DIRECTION('',(0.,0.,1.));
#2713=DIRECTION('center_axis',(1.,0.,0.));
#2714=DIRECTION('ref_axis',(0.,-0.707106781186554,-0.707106781186541));
#2715=DIRECTION('center_axis',(0.707106781186544,0.,0.707106781186551));
#2716=DIRECTION('ref_axis',(-0.707106781186551,0.,0.707106781186544));
#2717=DIRECTION('',(1.,0.,0.));
#2718=DIRECTION('center_axis',(0.707106781186548,0.,-0.707106781186548));
#2719=DIRECTION('ref_axis',(0.707106781186548,0.,0.707106781186548));
#2720=DIRECTION('center_axis',(0.,0.,1.));
#2721=DIRECTION('ref_axis',(0.707106781186544,-0.707106781186551,0.));
#2722=DIRECTION('center_axis',(-0.707106781186546,0.,0.707106781186549));
#2723=DIRECTION('ref_axis',(-0.707106781186549,0.,-0.707106781186546));
#2724=DIRECTION('center_axis',(0.,0.,-1.));
#2725=DIRECTION('ref_axis',(-0.707106781186541,-0.707106781186554,0.));
#2726=DIRECTION('',(0.,0.,-1.));
#2727=DIRECTION('center_axis',(0.707106781186549,0.,0.707106781186546));
#2728=DIRECTION('ref_axis',(-0.707106781186546,0.,0.707106781186549));
#2729=DIRECTION('center_axis',(-1.,0.,0.));
#2730=DIRECTION('ref_axis',(0.,-0.707106781186554,0.707106781186541));
#2731=DIRECTION('center_axis',(1.,0.,0.));
#2732=DIRECTION('ref_axis',(0.,0.,-1.));
#2733=DIRECTION('',(0.,1.,0.));
#2734=DIRECTION('center_axis',(0.,0.,1.));
#2735=DIRECTION('ref_axis',(1.,0.,0.));
#2736=DIRECTION('center_axis',(0.,0.,1.));
#2737=DIRECTION('ref_axis',(0.707106781186541,-0.707106781186554,0.));
#2738=DIRECTION('center_axis',(-0.707106781186549,0.,0.707106781186546));
#2739=DIRECTION('ref_axis',(-0.707106781186546,0.,-0.707106781186549));
#2740=DIRECTION('',(0.,0.,1.));
#2741=DIRECTION('center_axis',(0.707106781186548,0.,0.707106781186548));
#2742=DIRECTION('ref_axis',(-0.707106781186548,0.,0.707106781186548));
#2743=DIRECTION('center_axis',(0.,0.,-1.));
#2744=DIRECTION('ref_axis',(-0.707106781186544,-0.707106781186551,0.));
#2745=DIRECTION('center_axis',(0.707106781186544,0.,-0.707106781186551));
#2746=DIRECTION('ref_axis',(0.707106781186551,0.,0.707106781186544));
#2747=DIRECTION('center_axis',(0.707106781186546,0.,0.707106781186549));
#2748=DIRECTION('ref_axis',(-0.707106781186549,0.,0.707106781186546));
#2749=DIRECTION('center_axis',(1.,0.,0.));
#2750=DIRECTION('ref_axis',(0.,-0.707106781186554,-0.707106781186541));
#2751=DIRECTION('center_axis',(-1.,0.,0.));
#2752=DIRECTION('ref_axis',(0.,-0.707106781186554,0.707106781186541));
#2753=DIRECTION('',(-1.,0.,0.));
#2754=DIRECTION('center_axis',(0.,0.,-1.));
#2755=DIRECTION('ref_axis',(-1.,0.,0.));
#2756=DIRECTION('',(0.,1.,0.));
#2757=DIRECTION('center_axis',(-1.,0.,0.));
#2758=DIRECTION('ref_axis',(0.,0.,1.));
#2759=DIRECTION('center_axis',(0.,0.,-1.));
#2760=DIRECTION('ref_axis',(-0.707106781186549,-0.707106781186546,0.));
#2761=DIRECTION('',(0.,0.,-1.));
#2762=DIRECTION('center_axis',(0.,0.,-1.));
#2763=DIRECTION('ref_axis',(-0.707106781186549,-0.707106781186546,0.));
#2764=DIRECTION('',(0.,0.,1.));
#2765=DIRECTION('center_axis',(0.,-1.,0.));
#2766=DIRECTION('ref_axis',(1.,0.,0.));
#2767=DIRECTION('',(-1.,0.,0.));
#2768=DIRECTION('',(0.,0.,-1.));
#2769=DIRECTION('',(1.,0.,0.));
#2770=DIRECTION('',(0.,0.,1.));
#2771=DIRECTION('',(-1.,0.,0.));
#2772=DIRECTION('',(0.,0.,-1.));
#2773=DIRECTION('',(0.,0.,1.));
#2774=DIRECTION('',(-1.,0.,0.));
#2775=DIRECTION('',(0.,0.,1.));
#2776=DIRECTION('center_axis',(0.,0.,1.));
#2777=DIRECTION('ref_axis',(0.707106781186549,-0.707106781186546,0.));
#2778=DIRECTION('center_axis',(0.,0.,-1.));
#2779=DIRECTION('ref_axis',(0.707106781186549,-0.707106781186546,0.));
#2780=DIRECTION('center_axis',(0.,0.,-1.));
#2781=DIRECTION('ref_axis',(0.707106781186549,-0.707106781186546,0.));
#2782=DIRECTION('',(0.,0.,1.));
#2783=DIRECTION('center_axis',(0.,0.,1.));
#2784=DIRECTION('ref_axis',(1.,0.,0.));
#2785=DIRECTION('',(0.,1.,0.));
#2786=DIRECTION('center_axis',(0.,0.,-1.));
#2787=DIRECTION('ref_axis',(0.707106781186544,0.707106781186551,0.));
#2788=DIRECTION('center_axis',(0.,0.,-1.));
#2789=DIRECTION('ref_axis',(-0.707106781186544,0.707106781186551,0.));
#2790=DIRECTION('',(0.,-1.,0.));
#2791=DIRECTION('center_axis',(0.,0.,-1.));
#2792=DIRECTION('ref_axis',(-0.707106781186549,-0.707106781186546,0.));
#2793=DIRECTION('center_axis',(0.,0.,-1.));
#2794=DIRECTION('ref_axis',(-0.707106781186549,-0.707106781186546,0.));
#2795=DIRECTION('',(0.,0.,-1.));
#2796=DIRECTION('center_axis',(0.,0.,-1.));
#2797=DIRECTION('ref_axis',(-0.707106781186549,-0.707106781186546,0.));
#2798=DIRECTION('center_axis',(0.,0.,1.));
#2799=DIRECTION('ref_axis',(0.707106781186549,-0.707106781186546,0.));
#2800=DIRECTION('center_axis',(0.,0.,-1.));
#2801=DIRECTION('ref_axis',(0.707106781186549,-0.707106781186546,0.));
#2802=DIRECTION('',(0.,0.,1.));
#2803=DIRECTION('center_axis',(0.,0.,-1.));
#2804=DIRECTION('ref_axis',(0.707106781186544,0.707106781186551,0.));
#2805=DIRECTION('',(0.,0.,-1.));
#2806=DIRECTION('center_axis',(0.,0.,-1.));
#2807=DIRECTION('ref_axis',(0.707106781186544,0.707106781186551,0.));
#2808=DIRECTION('center_axis',(0.,0.,1.));
#2809=DIRECTION('ref_axis',(-0.707106781186544,0.707106781186551,0.));
#2810=DIRECTION('center_axis',(0.,0.,-1.));
#2811=DIRECTION('ref_axis',(-0.707106781186544,0.707106781186551,0.));
#2812=DIRECTION('',(0.,0.,1.));
#2813=DIRECTION('center_axis',(1.,0.,0.));
#2814=DIRECTION('ref_axis',(0.,0.,1.));
#2815=DIRECTION('',(0.,-1.,0.));
#2816=DIRECTION('center_axis',(0.,0.,1.));
#2817=DIRECTION('ref_axis',(-0.707106781186544,0.707106781186551,0.));
#2818=DIRECTION('center_axis',(0.,0.,-1.));
#2819=DIRECTION('ref_axis',(-0.707106781186544,0.707106781186551,0.));
#2820=DIRECTION('',(0.,0.,1.));
#2821=DIRECTION('center_axis',(1.,0.,0.));
#2822=DIRECTION('ref_axis',(0.,0.,1.));
#2823=DIRECTION('',(0.,-1.,0.));
#2824=DIRECTION('center_axis',(0.,0.,-1.));
#2825=DIRECTION('ref_axis',(0.707106781186544,0.707106781186551,0.));
#2826=DIRECTION('',(0.,0.,-1.));
#2827=DIRECTION('center_axis',(0.,0.,-1.));
#2828=DIRECTION('ref_axis',(0.707106781186544,0.707106781186551,0.));
#2829=DIRECTION('center_axis',(0.,0.,-1.));
#2830=DIRECTION('ref_axis',(-0.707106781186554,0.707106781186541,0.));
#2831=DIRECTION('center_axis',(0.,0.707106781186552,0.707106781186543));
#2832=DIRECTION('ref_axis',(4.90653893338676E-17,0.707106781186543,-0.707106781186552));
#2833=DIRECTION('',(0.,0.,-1.));
#2834=DIRECTION('center_axis',(0.,0.70710678118654,-0.707106781186555));
#2835=DIRECTION('ref_axis',(4.90653893338685E-17,0.707106781186555,0.70710678118654));
#2836=DIRECTION('',(0.,0.,1.));
#2837=DIRECTION('center_axis',(0.,-1.,0.));
#2838=DIRECTION('ref_axis',(0.,0.,1.));
#2839=DIRECTION('',(-1.,0.,0.));
#2840=DIRECTION('',(0.,0.,1.));
#2841=DIRECTION('',(-1.,0.,0.));
#2842=DIRECTION('center_axis',(0.,0.,-1.));
#2843=DIRECTION('ref_axis',(-0.707106781186554,0.707106781186541,0.));
#2844=DIRECTION('center_axis',(0.,0.707106781186551,0.707106781186544));
#2845=DIRECTION('ref_axis',(-9.81307786677355E-17,0.707106781186544,-0.707106781186551));
#2846=DIRECTION('',(0.,0.,-1.));
#2847=DIRECTION('center_axis',(0.,0.707106781186546,-0.707106781186549));
#2848=DIRECTION('ref_axis',(4.90653893338681E-17,0.707106781186549,0.707106781186546));
#2849=DIRECTION('',(0.,0.,1.));
#2850=DIRECTION('center_axis',(0.,-1.,0.));
#2851=DIRECTION('ref_axis',(0.,0.,1.));
#2852=DIRECTION('',(-1.,0.,0.));
#2853=DIRECTION('',(0.,0.,1.));
#2854=DIRECTION('',(-1.,0.,0.));
#2855=DIRECTION('center_axis',(0.,0.,-1.));
#2856=DIRECTION('ref_axis',(-0.707106781186554,0.707106781186541,0.));
#2857=DIRECTION('center_axis',(0.,0.707106781186551,0.707106781186544));
#2858=DIRECTION('ref_axis',(-9.81307786677355E-17,0.707106781186544,-0.707106781186551));
#2859=DIRECTION('',(0.,0.,-1.));
#2860=DIRECTION('center_axis',(0.,0.707106781186544,-0.707106781186551));
#2861=DIRECTION('ref_axis',(-9.81307786677364E-17,0.707106781186551,0.707106781186544));
#2862=DIRECTION('',(0.,0.,1.));
#2863=DIRECTION('center_axis',(0.,-1.,0.));
#2864=DIRECTION('ref_axis',(0.,0.,1.));
#2865=DIRECTION('',(-1.,0.,0.));
#2866=DIRECTION('',(0.,0.,1.));
#2867=DIRECTION('',(-1.,0.,0.));
#2868=DIRECTION('center_axis',(0.,0.,1.));
#2869=DIRECTION('ref_axis',(-0.707106781186554,-0.707106781186541,0.));
#2870=DIRECTION('',(0.,0.,1.));
#2871=DIRECTION('center_axis',(0.,0.707106781186549,-0.707106781186546));
#2872=DIRECTION('ref_axis',(0.,-0.707106781186546,-0.707106781186549));
#2873=DIRECTION('',(0.,0.,-1.));
#2874=DIRECTION('center_axis',(0.,0.707106781186549,0.707106781186546));
#2875=DIRECTION('ref_axis',(0.,0.707106781186546,-0.707106781186549));
#2876=DIRECTION('center_axis',(0.,-1.,0.));
#2877=DIRECTION('ref_axis',(-0.707106781186551,0.,-0.707106781186544));
#2878=DIRECTION('',(0.,-1.,0.));
#2879=DIRECTION('',(0.,1.,0.));
#2880=DIRECTION('center_axis',(0.,1.,0.));
#2881=DIRECTION('ref_axis',(-0.707106781186552,0.,0.707106781186543));
#2882=DIRECTION('',(0.,-1.,0.));
#2883=DIRECTION('',(0.,1.,0.));
#2884=DIRECTION('center_axis',(0.,0.,1.));
#2885=DIRECTION('ref_axis',(0.,1.,0.));
#2886=DIRECTION('',(-1.,0.,0.));
#2887=DIRECTION('',(0.,1.,0.));
#2888=DIRECTION('center_axis',(0.,1.,0.));
#2889=DIRECTION('ref_axis',(0.,0.,-1.));
#2890=DIRECTION('',(-1.,0.,0.));
#2891=DIRECTION('',(0.,0.,-1.));
#2892=DIRECTION('center_axis',(0.,0.,-1.));
#2893=DIRECTION('ref_axis',(0.,-1.,0.));
#2894=DIRECTION('',(0.,-1.,0.));
#2895=DIRECTION('center_axis',(0.,0.,1.));
#2896=DIRECTION('ref_axis',(-0.707106781186554,-0.707106781186541,0.));
#2897=DIRECTION('',(0.,0.,1.));
#2898=DIRECTION('center_axis',(0.,0.707106781186548,-0.707106781186548));
#2899=DIRECTION('ref_axis',(0.,-0.707106781186548,-0.707106781186548));
#2900=DIRECTION('',(0.,0.,-1.));
#2901=DIRECTION('center_axis',(0.,0.707106781186549,0.707106781186546));
#2902=DIRECTION('ref_axis',(0.,0.707106781186546,-0.707106781186549));
#2903=DIRECTION('center_axis',(0.,-1.,0.));
#2904=DIRECTION('ref_axis',(-0.707106781186554,0.,-0.707106781186541));
#2905=DIRECTION('',(0.,-1.,0.));
#2906=DIRECTION('',(0.,1.,0.));
#2907=DIRECTION('center_axis',(0.,1.,0.));
#2908=DIRECTION('ref_axis',(-0.707106781186551,0.,0.707106781186544));
#2909=DIRECTION('',(0.,-1.,0.));
#2910=DIRECTION('',(0.,1.,0.));
#2911=DIRECTION('center_axis',(0.,0.,1.));
#2912=DIRECTION('ref_axis',(0.,1.,0.));
#2913=DIRECTION('',(-1.,0.,0.));
#2914=DIRECTION('',(0.,1.,0.));
#2915=DIRECTION('center_axis',(0.,1.,0.));
#2916=DIRECTION('ref_axis',(0.,0.,-1.));
#2917=DIRECTION('',(-1.,0.,0.));
#2918=DIRECTION('',(0.,0.,-1.));
#2919=DIRECTION('center_axis',(0.,0.,-1.));
#2920=DIRECTION('ref_axis',(0.,-1.,0.));
#2921=DIRECTION('',(0.,-1.,0.));
#2922=DIRECTION('center_axis',(0.,0.,1.));
#2923=DIRECTION('ref_axis',(-0.707106781186554,-0.707106781186541,0.));
#2924=DIRECTION('',(0.,0.,1.));
#2925=DIRECTION('center_axis',(0.,0.707106781186548,-0.707106781186548));
#2926=DIRECTION('ref_axis',(0.,-0.707106781186548,-0.707106781186548));
#2927=DIRECTION('',(0.,0.,-1.));
#2928=DIRECTION('center_axis',(0.,0.707106781186548,0.707106781186548));
#2929=DIRECTION('ref_axis',(0.,0.707106781186548,-0.707106781186548));
#2930=DIRECTION('center_axis',(0.,-1.,0.));
#2931=DIRECTION('ref_axis',(-0.707106781186554,0.,-0.707106781186541));
#2932=DIRECTION('',(0.,-1.,0.));
#2933=DIRECTION('',(0.,1.,0.));
#2934=DIRECTION('center_axis',(0.,1.,0.));
#2935=DIRECTION('ref_axis',(-0.707106781186554,0.,0.707106781186541));
#2936=DIRECTION('',(0.,-1.,0.));
#2937=DIRECTION('',(0.,1.,0.));
#2938=DIRECTION('center_axis',(0.,0.,1.));
#2939=DIRECTION('ref_axis',(0.,1.,0.));
#2940=DIRECTION('',(-1.,0.,0.));
#2941=DIRECTION('',(0.,1.,0.));
#2942=DIRECTION('center_axis',(0.,1.,0.));
#2943=DIRECTION('ref_axis',(0.,0.,-1.));
#2944=DIRECTION('',(-1.,0.,0.));
#2945=DIRECTION('',(0.,0.,-1.));
#2946=DIRECTION('center_axis',(0.,0.,-1.));
#2947=DIRECTION('ref_axis',(0.,-1.,0.));
#2948=DIRECTION('',(0.,-1.,0.));
#2949=DIRECTION('center_axis',(0.,-1.,0.));
#2950=DIRECTION('ref_axis',(0.707106781186554,0.,0.707106781186541));
#2951=DIRECTION('',(0.,1.,0.));
#2952=DIRECTION('center_axis',(-6.28036983473496E-15,-0.707106781186541,
-0.707106781186554));
#2953=DIRECTION('ref_axis',(-6.28036983473484E-15,0.707106781186554,-0.707106781186541));
#2954=DIRECTION('',(0.,-1.,0.));
#2955=DIRECTION('center_axis',(0.,0.707106781186548,-0.707106781186548));
#2956=DIRECTION('ref_axis',(0.,0.707106781186548,0.707106781186548));
#2957=DIRECTION('center_axis',(0.,0.,-1.));
#2958=DIRECTION('ref_axis',(0.707106781186554,-0.707106781186541,0.));
#2959=DIRECTION('',(0.,0.,-1.));
#2960=DIRECTION('',(0.,0.,1.));
#2961=DIRECTION('center_axis',(-6.28036983473496E-15,-0.707106781186541,
0.707106781186554));
#2962=DIRECTION('ref_axis',(6.28036983473484E-15,-0.707106781186554,-0.707106781186541));
#2963=DIRECTION('center_axis',(0.,0.,1.));
#2964=DIRECTION('ref_axis',(0.707106781186554,0.707106781186541,0.));
#2965=DIRECTION('',(0.,0.,-1.));
#2966=DIRECTION('',(0.,0.,1.));
#2967=DIRECTION('center_axis',(0.,-0.707106781186548,-0.707106781186548));
#2968=DIRECTION('ref_axis',(0.,0.707106781186548,-0.707106781186548));
#2969=DIRECTION('center_axis',(0.,1.,0.));
#2970=DIRECTION('ref_axis',(0.707106781186554,0.,-0.707106781186541));
#2971=DIRECTION('',(0.,-1.,0.));
#2972=DIRECTION('',(0.,1.,0.));
#2973=DIRECTION('center_axis',(0.,-1.,0.));
#2974=DIRECTION('ref_axis',(0.,0.,-1.));
#2975=DIRECTION('',(1.,0.,0.));
#2976=DIRECTION('',(0.,0.,-1.));
#2977=DIRECTION('',(1.,0.,0.));
#2978=DIRECTION('center_axis',(0.,0.,-1.));
#2979=DIRECTION('ref_axis',(0.,1.,0.));
#2980=DIRECTION('',(1.,0.,0.));
#2981=DIRECTION('',(0.,1.,0.));
#2982=DIRECTION('center_axis',(1.,0.,0.));
#2983=DIRECTION('ref_axis',(0.,1.,0.));
#2984=DIRECTION('',(0.,-1.,0.));
#2985=DIRECTION('',(0.,0.,1.));
#2986=DIRECTION('',(0.,1.,0.));
#2987=DIRECTION('',(0.,0.,-1.));
#2988=DIRECTION('',(0.,-1.,0.));
#2989=DIRECTION('',(0.,0.,1.));
#2990=DIRECTION('',(0.,1.,0.));
#2991=DIRECTION('',(0.,0.,-1.));
#2992=DIRECTION('',(0.,-1.,0.));
#2993=DIRECTION('center_axis',(0.,0.,1.));
#2994=DIRECTION('ref_axis',(0.707106781186554,0.707106781186541,0.));
#2995=DIRECTION('center_axis',(0.,-0.707106781186549,0.707106781186546));
#2996=DIRECTION('ref_axis',(0.,-0.707106781186546,-0.707106781186549));
#2997=DIRECTION('',(0.,0.,1.));
#2998=DIRECTION('center_axis',(0.,-0.707106781186548,-0.707106781186548));
#2999=DIRECTION('ref_axis',(0.,0.707106781186548,-0.707106781186548));
#3000=DIRECTION('center_axis',(0.,0.,-1.));
#3001=DIRECTION('ref_axis',(0.707106781186554,-0.707106781186541,0.));
#3002=DIRECTION('',(0.,0.,-1.));
#3003=DIRECTION('center_axis',(-6.280369834735E-15,0.707106781186546,0.707106781186549));
#3004=DIRECTION('ref_axis',(6.28036983473503E-15,-0.707106781186549,0.707106781186546));
#3005=DIRECTION('center_axis',(-6.28036983473496E-15,-0.707106781186541,
0.707106781186554));
#3006=DIRECTION('ref_axis',(6.28036983473484E-15,-0.707106781186554,-0.707106781186541));
#3007=DIRECTION('center_axis',(0.,-1.,0.));
#3008=DIRECTION('ref_axis',(0.707106781186554,0.,0.707106781186541));
#3009=DIRECTION('',(0.,-1.,0.));
#3010=DIRECTION('center_axis',(0.,1.,0.));
#3011=DIRECTION('ref_axis',(0.707106781186554,0.,-0.707106781186541));
#3012=DIRECTION('',(0.,1.,0.));
#3013=DIRECTION('center_axis',(0.,0.,-1.));
#3014=DIRECTION('ref_axis',(0.,1.,0.));
#3015=DIRECTION('',(1.,0.,0.));
#3016=DIRECTION('',(0.,1.,0.));
#3017=DIRECTION('',(1.,0.,0.));
#3018=DIRECTION('center_axis',(0.,1.,0.));
#3019=DIRECTION('ref_axis',(0.,0.,1.));
#3020=DIRECTION('',(1.,0.,0.));
#3021=DIRECTION('',(0.,0.,1.));
#3022=DIRECTION('center_axis',(0.,0.,1.));
#3023=DIRECTION('ref_axis',(0.707106781186554,0.707106781186541,0.));
#3024=DIRECTION('center_axis',(0.,-0.707106781186549,0.707106781186546));
#3025=DIRECTION('ref_axis',(0.,-0.707106781186546,-0.707106781186549));
#3026=DIRECTION('',(0.,0.,1.));
#3027=DIRECTION('center_axis',(0.,-0.707106781186549,-0.707106781186546));
#3028=DIRECTION('ref_axis',(0.,0.707106781186546,-0.707106781186549));
#3029=DIRECTION('center_axis',(0.,0.,-1.));
#3030=DIRECTION('ref_axis',(0.707106781186554,-0.707106781186541,0.));
#3031=DIRECTION('',(0.,0.,-1.));
#3032=DIRECTION('center_axis',(-6.280369834735E-15,0.707106781186546,0.707106781186549));
#3033=DIRECTION('ref_axis',(6.28036983473503E-15,-0.707106781186549,0.707106781186546));
#3034=DIRECTION('center_axis',(-6.28036983473497E-15,-0.707106781186543,
0.707106781186552));
#3035=DIRECTION('ref_axis',(6.28036983473489E-15,-0.707106781186552,-0.707106781186543));
#3036=DIRECTION('center_axis',(0.,-1.,0.));
#3037=DIRECTION('ref_axis',(0.707106781186552,0.,0.707106781186543));
#3038=DIRECTION('',(0.,-1.,0.));
#3039=DIRECTION('center_axis',(0.,1.,0.));
#3040=DIRECTION('ref_axis',(0.707106781186554,0.,-0.707106781186541));
#3041=DIRECTION('',(0.,1.,0.));
#3042=DIRECTION('center_axis',(0.,0.,-1.));
#3043=DIRECTION('ref_axis',(0.,1.,0.));
#3044=DIRECTION('',(1.,0.,0.));
#3045=DIRECTION('',(0.,1.,0.));
#3046=DIRECTION('',(1.,0.,0.));
#3047=DIRECTION('center_axis',(0.,1.,0.));
#3048=DIRECTION('ref_axis',(0.,0.,1.));
#3049=DIRECTION('',(1.,0.,0.));
#3050=DIRECTION('',(0.,0.,1.));
#3051=DIRECTION('center_axis',(0.,0.,-1.));
#3052=DIRECTION('ref_axis',(-0.707106781186554,0.707106781186541,0.));
#3053=DIRECTION('center_axis',(6.280369834735E-15,-0.707106781186546,-0.707106781186549));
#3054=DIRECTION('ref_axis',(6.28036983473503E-15,-0.707106781186549,0.707106781186546));
#3055=DIRECTION('',(0.,0.,-1.));
#3056=DIRECTION('center_axis',(6.280369834735E-15,-0.707106781186546,0.707106781186549));
#3057=DIRECTION('ref_axis',(-6.28036983473503E-15,0.707106781186549,0.707106781186546));
#3058=DIRECTION('center_axis',(0.,-1.,0.));
#3059=DIRECTION('ref_axis',(-0.707106781186554,0.,-0.707106781186541));
#3060=DIRECTION('center_axis',(0.,-0.707106781186549,0.707106781186546));
#3061=DIRECTION('ref_axis',(0.,0.707106781186546,0.707106781186549));
#3062=DIRECTION('',(0.,-1.,0.));
#3063=DIRECTION('center_axis',(0.,0.,1.));
#3064=DIRECTION('ref_axis',(-0.707106781186554,-0.707106781186541,0.));
#3065=DIRECTION('center_axis',(0.,0.707106781186549,0.707106781186546));
#3066=DIRECTION('ref_axis',(0.,0.707106781186546,-0.707106781186549));
#3067=DIRECTION('center_axis',(0.,1.,0.));
#3068=DIRECTION('ref_axis',(-0.707106781186552,0.,0.707106781186543));
#3069=DIRECTION('center_axis',(0.,-1.,0.));
#3070=DIRECTION('ref_axis',(0.,0.,-1.));
#3071=DIRECTION('',(1.,0.,0.));
#3072=DIRECTION('center_axis',(0.,0.,-1.));
#3073=DIRECTION('ref_axis',(-0.707106781186554,0.707106781186541,0.));
#3074=DIRECTION('center_axis',(6.28036983473498E-15,-0.707106781186544,
-0.707106781186551));
#3075=DIRECTION('ref_axis',(6.28036983473504E-15,-0.707106781186551,0.707106781186544));
#3076=DIRECTION('',(0.,0.,-1.));
#3077=DIRECTION('center_axis',(6.280369834735E-15,-0.707106781186546,0.707106781186549));
#3078=DIRECTION('ref_axis',(-6.28036983473503E-15,0.707106781186549,0.707106781186546));
#3079=DIRECTION('center_axis',(0.,-1.,0.));
#3080=DIRECTION('ref_axis',(-0.707106781186554,0.,-0.707106781186541));
#3081=DIRECTION('center_axis',(0.,-0.707106781186548,0.707106781186548));
#3082=DIRECTION('ref_axis',(0.,0.707106781186548,0.707106781186548));
#3083=DIRECTION('',(0.,-1.,0.));
#3084=DIRECTION('center_axis',(0.,0.,1.));
#3085=DIRECTION('ref_axis',(-0.707106781186554,-0.707106781186541,0.));
#3086=DIRECTION('center_axis',(0.,0.707106781186549,0.707106781186546));
#3087=DIRECTION('ref_axis',(0.,0.707106781186546,-0.707106781186549));
#3088=DIRECTION('center_axis',(0.,1.,0.));
#3089=DIRECTION('ref_axis',(-0.707106781186554,0.,0.707106781186541));
#3090=DIRECTION('center_axis',(0.,-1.,0.));
#3091=DIRECTION('ref_axis',(0.,0.,-1.));
#3092=DIRECTION('',(1.,0.,0.));
#3093=DIRECTION('center_axis',(0.,0.,-1.));
#3094=DIRECTION('ref_axis',(-0.707106781186554,0.707106781186541,0.));
#3095=DIRECTION('center_axis',(6.28036983473498E-15,-0.707106781186544,
-0.707106781186551));
#3096=DIRECTION('ref_axis',(6.28036983473504E-15,-0.707106781186551,0.707106781186544));
#3097=DIRECTION('center_axis',(6.28036983473496E-15,0.707106781186541,-0.707106781186554));
#3098=DIRECTION('ref_axis',(6.28036983473484E-15,-0.707106781186554,-0.707106781186541));
#3099=DIRECTION('center_axis',(0.,-1.,0.));
#3100=DIRECTION('ref_axis',(-0.707106781186554,0.,-0.707106781186541));
#3101=DIRECTION('center_axis',(0.,-0.707106781186548,0.707106781186548));
#3102=DIRECTION('ref_axis',(0.,0.707106781186548,0.707106781186548));
#3103=DIRECTION('',(0.,-1.,0.));
#3104=DIRECTION('center_axis',(0.,1.,0.));
#3105=DIRECTION('ref_axis',(-0.707106781186554,0.,0.707106781186541));
#3106=DIRECTION('center_axis',(0.,-0.707106781186548,-0.707106781186548));
#3107=DIRECTION('ref_axis',(0.,-0.707106781186548,0.707106781186548));
#3108=DIRECTION('center_axis',(0.,0.,1.));
#3109=DIRECTION('ref_axis',(-0.707106781186554,-0.707106781186541,0.));
#3110=DIRECTION('',(0.,0.,1.));
#3111=DIRECTION('center_axis',(0.,1.,0.));
#3112=DIRECTION('ref_axis',(0.707106781186551,0.,-0.707106781186544));
#3113=DIRECTION('center_axis',(0.,0.707106781186549,0.707106781186546));
#3114=DIRECTION('ref_axis',(0.,-0.707106781186546,0.707106781186549));
#3115=DIRECTION('center_axis',(-6.280369834735E-15,0.707106781186546,-0.707106781186549));
#3116=DIRECTION('ref_axis',(-6.28036983473503E-15,0.707106781186549,0.707106781186546));
#3117=DIRECTION('center_axis',(0.,0.,1.));
#3118=DIRECTION('ref_axis',(0.707106781186554,0.707106781186541,0.));
#3119=DIRECTION('center_axis',(0.,-0.707106781186549,0.707106781186546));
#3120=DIRECTION('ref_axis',(0.,-0.707106781186546,-0.707106781186549));
#3121=DIRECTION('center_axis',(0.,0.,-1.));
#3122=DIRECTION('ref_axis',(0.707106781186554,-0.707106781186541,0.));
#3123=DIRECTION('center_axis',(-6.280369834735E-15,0.707106781186546,0.707106781186549));
#3124=DIRECTION('ref_axis',(6.28036983473503E-15,-0.707106781186549,0.707106781186546));
#3125=DIRECTION('center_axis',(0.,-1.,0.));
#3126=DIRECTION('ref_axis',(0.707106781186552,0.,0.707106781186543));
#3127=DIRECTION('center_axis',(0.,0.,-1.));
#3128=DIRECTION('ref_axis',(0.707106781186554,-0.707106781186541,0.));
#3129=DIRECTION('center_axis',(-6.28036983473498E-15,0.707106781186544,
-0.707106781186551));
#3130=DIRECTION('ref_axis',(-6.28036983473504E-15,0.707106781186551,0.707106781186544));
#3131=DIRECTION('center_axis',(-6.280369834735E-15,0.707106781186546,0.707106781186549));
#3132=DIRECTION('ref_axis',(6.28036983473503E-15,-0.707106781186549,0.707106781186546));
#3133=DIRECTION('center_axis',(0.,1.,0.));
#3134=DIRECTION('ref_axis',(0.707106781186554,0.,-0.707106781186541));
#3135=DIRECTION('center_axis',(0.,0.707106781186548,0.707106781186548));
#3136=DIRECTION('ref_axis',(0.,-0.707106781186548,0.707106781186548));
#3137=DIRECTION('center_axis',(0.,0.,1.));
#3138=DIRECTION('ref_axis',(0.707106781186554,0.707106781186541,0.));
#3139=DIRECTION('center_axis',(0.,-0.707106781186549,0.707106781186546));
#3140=DIRECTION('ref_axis',(0.,-0.707106781186546,-0.707106781186549));
#3141=DIRECTION('center_axis',(0.,-1.,0.));
#3142=DIRECTION('ref_axis',(0.707106781186551,0.,0.707106781186544));
#3143=DIRECTION('center_axis',(0.,0.,-1.));
#3144=DIRECTION('ref_axis',(0.707106781186554,-0.707106781186541,0.));
#3145=DIRECTION('center_axis',(-6.28036983473498E-15,0.707106781186544,
-0.707106781186551));
#3146=DIRECTION('ref_axis',(-6.28036983473504E-15,0.707106781186551,0.707106781186544));
#3147=DIRECTION('center_axis',(-6.28036983473498E-15,0.707106781186544,
0.707106781186551));
#3148=DIRECTION('ref_axis',(6.28036983473504E-15,-0.707106781186551,0.707106781186544));
#3149=DIRECTION('center_axis',(0.,1.,0.));
#3150=DIRECTION('ref_axis',(0.707106781186554,0.,-0.707106781186541));
#3151=DIRECTION('center_axis',(0.,0.707106781186548,0.707106781186548));
#3152=DIRECTION('ref_axis',(0.,-0.707106781186548,0.707106781186548));
#3153=DIRECTION('center_axis',(0.,0.,1.));
#3154=DIRECTION('ref_axis',(0.707106781186554,0.707106781186541,0.));
#3155=DIRECTION('center_axis',(0.,-0.707106781186548,0.707106781186548));
#3156=DIRECTION('ref_axis',(0.,-0.707106781186548,-0.707106781186548));
#3157=DIRECTION('center_axis',(0.,-1.,0.));
#3158=DIRECTION('ref_axis',(0.707106781186554,0.,0.707106781186541));
#3159=DIRECTION('center_axis',(-1.,0.,0.));
#3160=DIRECTION('ref_axis',(0.,0.,-1.));
#3161=DIRECTION('',(0.,-1.,0.));
#3162=DIRECTION('center_axis',(0.,0.,-1.));
#3163=DIRECTION('ref_axis',(1.,0.,0.));
#3164=DIRECTION('center_axis',(-1.,0.,0.));
#3165=DIRECTION('ref_axis',(0.,0.,-1.));
#3166=DIRECTION('',(0.,-1.,0.));
#3167=DIRECTION('center_axis',(0.,0.,-1.));
#3168=DIRECTION('ref_axis',(1.,0.,0.));
#3169=DIRECTION('center_axis',(0.,0.,1.));
#3170=DIRECTION('ref_axis',(0.,-1.,0.));
#3171=DIRECTION('center_axis',(0.,0.,1.));
#3172=DIRECTION('ref_axis',(0.,-1.,0.));
#3173=DIRECTION('center_axis',(0.,0.,1.));
#3174=DIRECTION('ref_axis',(0.,-1.,0.));
#3175=DIRECTION('',(1.,0.,0.));
#3176=DIRECTION('center_axis',(0.,1.,0.));
#3177=DIRECTION('ref_axis',(0.,0.,1.));
#3178=DIRECTION('center_axis',(-1.,0.,0.));
#3179=DIRECTION('ref_axis',(0.,-1.,0.));
#3180=DIRECTION('',(0.,1.,0.));
#3181=DIRECTION('center_axis',(0.,0.,1.));
#3182=DIRECTION('ref_axis',(1.,0.,0.));
#3183=DIRECTION('center_axis',(0.,0.,1.));
#3184=DIRECTION('ref_axis',(-1.,0.,0.));
#3185=CARTESIAN_POINT('',(0.,0.,0.));
#3186=CARTESIAN_POINT('Origin',(50.75,50.75,1.51));
#3187=CARTESIAN_POINT('',(50.75,53.75,35.51));
#3188=CARTESIAN_POINT('',(53.75,50.75,35.51));
#3189=CARTESIAN_POINT('Origin',(50.75,50.75,35.51));
#3190=CARTESIAN_POINT('',(53.75,50.75,1.51));
#3191=CARTESIAN_POINT('',(53.75,50.75,1.51));
#3192=CARTESIAN_POINT('',(50.75,53.75,1.51));
#3193=CARTESIAN_POINT('Origin',(50.75,50.75,1.51));
#3194=CARTESIAN_POINT('',(50.75,53.75,1.51));
#3195=CARTESIAN_POINT('Origin',(53.75,-53.75,1.51));
#3196=CARTESIAN_POINT('',(53.75,-50.75,35.51));
#3197=CARTESIAN_POINT('',(53.75,53.75,35.51));
#3198=CARTESIAN_POINT('',(53.75,-50.75,1.51));
#3199=CARTESIAN_POINT('',(53.75,-50.75,1.51));
#3200=CARTESIAN_POINT('',(53.75,53.75,1.51));
#3201=CARTESIAN_POINT('',(53.75,30.5,13.26));
#3202=CARTESIAN_POINT('',(53.75,-30.5,13.26));
#3203=CARTESIAN_POINT('',(53.75,-41.875,13.26));
#3204=CARTESIAN_POINT('',(53.75,30.5,8.76));
#3205=CARTESIAN_POINT('',(53.75,30.5,7.135));
#3206=CARTESIAN_POINT('',(53.75,-30.5,8.76));
#3207=CARTESIAN_POINT('',(53.75,-11.875,8.76));
#3208=CARTESIAN_POINT('',(53.75,-30.5,5.385));
#3209=CARTESIAN_POINT('',(53.75,30.5,23.76));
#3210=CARTESIAN_POINT('',(53.75,30.5,28.26));
#3211=CARTESIAN_POINT('',(53.75,30.5,14.635));
#3212=CARTESIAN_POINT('',(53.75,-30.5,23.76));
#3213=CARTESIAN_POINT('',(53.75,-11.875,23.76));
#3214=CARTESIAN_POINT('',(53.75,-30.5,28.26));
#3215=CARTESIAN_POINT('',(53.75,-30.5,12.885));
#3216=CARTESIAN_POINT('',(53.75,-41.875,28.26));
#3217=CARTESIAN_POINT('',(53.75,30.5,16.26));
#3218=CARTESIAN_POINT('',(53.75,30.5,20.76));
#3219=CARTESIAN_POINT('',(53.75,30.5,10.885));
#3220=CARTESIAN_POINT('',(53.75,-30.5,16.26));
#3221=CARTESIAN_POINT('',(53.75,-11.875,16.26));
#3222=CARTESIAN_POINT('',(53.75,-30.5,20.76));
#3223=CARTESIAN_POINT('',(53.75,-30.5,9.135));
#3224=CARTESIAN_POINT('',(53.75,-41.875,20.76));
#3225=CARTESIAN_POINT('Origin',(0.,0.,35.51));
#3226=CARTESIAN_POINT('',(19.25,53.75,35.51));
#3227=CARTESIAN_POINT('',(-53.75,53.75,35.51));
#3228=CARTESIAN_POINT('',(18.75,53.25,35.51));
#3229=CARTESIAN_POINT('Origin',(19.25,53.25,35.51));
#3230=CARTESIAN_POINT('',(18.75,52.25,35.51));
#3231=CARTESIAN_POINT('',(18.75,26.875,35.51));
#3232=CARTESIAN_POINT('',(19.75,51.25,35.51));
#3233=CARTESIAN_POINT('Origin',(19.75,52.25,35.51));
#3234=CARTESIAN_POINT('',(51.25,51.25,35.51));
#3235=CARTESIAN_POINT('',(-51.25,51.25,35.51));
#3236=CARTESIAN_POINT('',(51.25,-51.25,35.51));
#3237=CARTESIAN_POINT('',(51.25,51.25,35.51));
#3238=CARTESIAN_POINT('',(-51.25,-51.25,35.51));
#3239=CARTESIAN_POINT('',(51.25,-51.25,35.51));
#3240=CARTESIAN_POINT('',(-51.25,51.25,35.51));
#3241=CARTESIAN_POINT('',(-51.25,-51.25,35.51));
#3242=CARTESIAN_POINT('',(-19.75,51.25,35.51));
#3243=CARTESIAN_POINT('',(-51.25,51.25,35.51));
#3244=CARTESIAN_POINT('',(-18.75,52.25,35.51));
#3245=CARTESIAN_POINT('Origin',(-19.75,52.25,35.51));
#3246=CARTESIAN_POINT('',(-18.75,53.25,35.51));
#3247=CARTESIAN_POINT('',(-18.75,26.875,35.51));
#3248=CARTESIAN_POINT('',(-19.25,53.75,35.51));
#3249=CARTESIAN_POINT('Origin',(-19.25,53.25,35.51));
#3250=CARTESIAN_POINT('',(-50.75,53.75,35.51));
#3251=CARTESIAN_POINT('',(-53.75,53.75,35.51));
#3252=CARTESIAN_POINT('',(-53.75,50.75,35.51));
#3253=CARTESIAN_POINT('Origin',(-50.75,50.75,35.51));
#3254=CARTESIAN_POINT('',(-53.75,-50.75,35.51));
#3255=CARTESIAN_POINT('',(-53.75,-53.75,35.51));
#3256=CARTESIAN_POINT('',(-50.75,-53.75,35.51));
#3257=CARTESIAN_POINT('Origin',(-50.75,-50.75,35.51));
#3258=CARTESIAN_POINT('',(50.75,-53.75,35.51));
#3259=CARTESIAN_POINT('',(53.75,-53.75,35.51));
#3260=CARTESIAN_POINT('Origin',(50.75,-50.75,35.51));
#3261=CARTESIAN_POINT('Origin',(50.75,-50.75,1.51));
#3262=CARTESIAN_POINT('',(50.75,-53.75,1.51));
#3263=CARTESIAN_POINT('',(50.75,-53.75,1.51));
#3264=CARTESIAN_POINT('Origin',(50.75,-50.75,1.51));
#3265=CARTESIAN_POINT('Origin',(-53.75,-53.75,1.51));
#3266=CARTESIAN_POINT('',(-50.75,-53.75,1.51));
#3267=CARTESIAN_POINT('',(-50.75,-53.75,1.51));
#3268=CARTESIAN_POINT('',(53.75,-53.75,1.51));
#3269=CARTESIAN_POINT('',(-3.75,-53.75,21.0100001043081));
#3270=CARTESIAN_POINT('',(-11.75,-53.75,21.0100001043081));
#3271=CARTESIAN_POINT('',(-32.5,-53.75,21.0100001043081));
#3272=CARTESIAN_POINT('',(-3.75,-53.75,13.01));
#3273=CARTESIAN_POINT('',(-3.75,-53.75,11.0100000521541));
#3274=CARTESIAN_POINT('',(-11.75,-53.75,13.01));
#3275=CARTESIAN_POINT('',(-29.,-53.75,13.01));
#3276=CARTESIAN_POINT('',(-11.75,-53.75,7.51));
#3277=CARTESIAN_POINT('',(11.75,-53.75,13.01));
#3278=CARTESIAN_POINT('',(11.75,-53.75,21.01));
#3279=CARTESIAN_POINT('',(11.75,-53.75,11.01));
#3280=CARTESIAN_POINT('',(3.75,-53.75,13.01));
#3281=CARTESIAN_POINT('',(-21.25,-53.75,13.01));
#3282=CARTESIAN_POINT('',(3.75,-53.75,21.01));
#3283=CARTESIAN_POINT('',(3.75,-53.75,7.51));
#3284=CARTESIAN_POINT('',(-24.75,-53.75,21.01));
#3285=CARTESIAN_POINT('',(-47.8,-53.75,33.01));
#3286=CARTESIAN_POINT('Origin',(-46.2,-53.75,33.01));
#3287=CARTESIAN_POINT('',(44.6,-53.75,33.01));
#3288=CARTESIAN_POINT('Origin',(46.2,-53.75,33.01));
#3289=CARTESIAN_POINT('Origin',(-50.75,-50.75,1.51));
#3290=CARTESIAN_POINT('',(-53.75,-50.75,1.51));
#3291=CARTESIAN_POINT('',(-53.75,-50.75,1.51));
#3292=CARTESIAN_POINT('Origin',(-50.75,-50.75,1.51));
#3293=CARTESIAN_POINT('Origin',(-53.75,53.75,1.51));
#3294=CARTESIAN_POINT('',(-53.75,50.75,1.51));
#3295=CARTESIAN_POINT('',(-53.75,50.75,1.51));
#3296=CARTESIAN_POINT('',(-53.75,-53.75,1.51));
#3297=CARTESIAN_POINT('',(-53.75,-30.5,8.76));
#3298=CARTESIAN_POINT('',(-53.75,-30.5,13.26));
#3299=CARTESIAN_POINT('',(-53.75,-30.5,7.135));
#3300=CARTESIAN_POINT('',(-53.75,30.5,8.76));
#3301=CARTESIAN_POINT('',(-53.75,11.875,8.76));
#3302=CARTESIAN_POINT('',(-53.75,30.5,13.26));
#3303=CARTESIAN_POINT('',(-53.75,30.5,5.385));
#3304=CARTESIAN_POINT('',(-53.75,41.875,13.26));
#3305=CARTESIAN_POINT('',(-53.75,-30.5,23.76));
#3306=CARTESIAN_POINT('',(-53.75,-30.5,28.26));
#3307=CARTESIAN_POINT('',(-53.75,-30.5,14.635));
#3308=CARTESIAN_POINT('',(-53.75,30.5,23.76));
#3309=CARTESIAN_POINT('',(-53.75,11.875,23.76));
#3310=CARTESIAN_POINT('',(-53.75,30.5,28.26));
#3311=CARTESIAN_POINT('',(-53.75,30.5,12.885));
#3312=CARTESIAN_POINT('',(-53.75,41.875,28.26));
#3313=CARTESIAN_POINT('',(-53.75,-30.5,16.26));
#3314=CARTESIAN_POINT('',(-53.75,-30.5,20.76));
#3315=CARTESIAN_POINT('',(-53.75,-30.5,10.885));
#3316=CARTESIAN_POINT('',(-53.75,30.5,16.26));
#3317=CARTESIAN_POINT('',(-53.75,11.875,16.26));
#3318=CARTESIAN_POINT('',(-53.75,30.5,20.76));
#3319=CARTESIAN_POINT('',(-53.75,30.5,9.135));
#3320=CARTESIAN_POINT('',(-53.75,41.875,20.76));
#3321=CARTESIAN_POINT('Origin',(-50.75,50.75,1.51));
#3322=CARTESIAN_POINT('',(-50.75,53.75,1.51));
#3323=CARTESIAN_POINT('',(-50.75,53.75,1.51));
#3324=CARTESIAN_POINT('Origin',(-50.75,50.75,1.51));
#3325=CARTESIAN_POINT('Origin',(53.75,53.75,1.51));
#3326=CARTESIAN_POINT('',(-53.75,53.75,1.51));
#3327=CARTESIAN_POINT('',(-19.25,53.75,7.51));
#3328=CARTESIAN_POINT('',(-19.25,53.75,18.51));
#3329=CARTESIAN_POINT('',(-13.25,53.75,7.51));
#3330=CARTESIAN_POINT('',(17.5,53.75,7.51));
#3331=CARTESIAN_POINT('',(-13.25,53.75,35.51));
#3332=CARTESIAN_POINT('',(-13.25,53.75,4.51));
#3333=CARTESIAN_POINT('',(13.25,53.75,35.51));
#3334=CARTESIAN_POINT('',(-53.75,53.75,35.51));
#3335=CARTESIAN_POINT('',(13.25,53.75,7.51));
#3336=CARTESIAN_POINT('',(13.25,53.75,18.51));
#3337=CARTESIAN_POINT('',(19.25,53.75,7.51));
#3338=CARTESIAN_POINT('',(33.75,53.75,7.51));
#3339=CARTESIAN_POINT('',(19.25,53.75,4.51));
#3340=CARTESIAN_POINT('',(47.8,53.75,33.01));
#3341=CARTESIAN_POINT('Origin',(46.2,53.75,33.01));
#3342=CARTESIAN_POINT('',(-44.6,53.75,33.01));
#3343=CARTESIAN_POINT('Origin',(-46.2,53.75,33.01));
#3344=CARTESIAN_POINT('Origin',(46.2,-53.75,33.01));
#3345=CARTESIAN_POINT('',(44.6,-51.25,33.01));
#3346=CARTESIAN_POINT('',(44.6,-53.75,33.01));
#3347=CARTESIAN_POINT('Origin',(46.2,-51.25,33.01));
#3348=CARTESIAN_POINT('Origin',(-46.2,-53.75,33.01));
#3349=CARTESIAN_POINT('',(-47.8,-51.25,33.01));
#3350=CARTESIAN_POINT('',(-47.8,-53.75,33.01));
#3351=CARTESIAN_POINT('Origin',(-46.2,-51.25,33.01));
#3352=CARTESIAN_POINT('Origin',(-46.2,53.75,33.01));
#3353=CARTESIAN_POINT('',(-44.6,51.25,33.01));
#3354=CARTESIAN_POINT('',(-44.6,53.75,33.01));
#3355=CARTESIAN_POINT('Origin',(-46.2,51.25,33.01));
#3356=CARTESIAN_POINT('Origin',(46.2,53.75,33.01));
#3357=CARTESIAN_POINT('',(47.8,51.25,33.01));
#3358=CARTESIAN_POINT('',(47.8,53.75,33.01));
#3359=CARTESIAN_POINT('Origin',(46.2,51.25,33.01));
#3360=CARTESIAN_POINT('Origin',(11.75,-51.75,11.01));
#3361=CARTESIAN_POINT('',(11.75,-51.25,21.01));
#3362=CARTESIAN_POINT('',(11.75,-51.25,13.01));
#3363=CARTESIAN_POINT('',(11.75,-51.25,11.01));
#3364=CARTESIAN_POINT('',(11.25,-51.75,13.51));
#3365=CARTESIAN_POINT('Origin',(11.75,-51.75,13.01));
#3366=CARTESIAN_POINT('',(11.25,-51.75,20.51));
#3367=CARTESIAN_POINT('',(11.25,-51.75,11.01));
#3368=CARTESIAN_POINT('Origin',(11.75,-51.75,21.01));
#3369=CARTESIAN_POINT('Origin',(27.75,-51.75,21.01));
#3370=CARTESIAN_POINT('',(4.25,-51.75,20.51));
#3371=CARTESIAN_POINT('',(27.75,-51.75,20.51));
#3372=CARTESIAN_POINT('',(3.75,-51.25,21.01));
#3373=CARTESIAN_POINT('Origin',(3.75,-51.75,21.01));
#3374=CARTESIAN_POINT('',(27.75,-51.25,21.01));
#3375=CARTESIAN_POINT('Origin',(3.75,-51.75,7.51));
#3376=CARTESIAN_POINT('',(3.75,-51.25,13.01));
#3377=CARTESIAN_POINT('',(3.75,-51.25,7.51));
#3378=CARTESIAN_POINT('',(4.25,-51.75,13.51));
#3379=CARTESIAN_POINT('',(4.25,-51.75,7.51));
#3380=CARTESIAN_POINT('Origin',(3.75,-51.75,13.01));
#3381=CARTESIAN_POINT('Origin',(31.25,-51.75,13.01));
#3382=CARTESIAN_POINT('',(31.25,-51.25,13.01));
#3383=CARTESIAN_POINT('',(31.25,-51.75,13.51));
#3384=CARTESIAN_POINT('Origin',(4.25,-53.75,20.51));
#3385=CARTESIAN_POINT('',(11.25,-53.25,20.51));
#3386=CARTESIAN_POINT('',(11.25,-53.75,20.51));
#3387=CARTESIAN_POINT('',(4.25,-53.25,20.51));
#3388=CARTESIAN_POINT('',(-24.75,-53.25,20.51));
#3389=CARTESIAN_POINT('',(4.25,-53.75,20.51));
#3390=CARTESIAN_POINT('Origin',(11.25,-53.75,20.51));
#3391=CARTESIAN_POINT('',(11.25,-53.25,13.51));
#3392=CARTESIAN_POINT('',(11.25,-53.75,13.51));
#3393=CARTESIAN_POINT('',(11.25,-53.25,11.01));
#3394=CARTESIAN_POINT('Origin',(51.25,-51.25,1.51));
#3395=CARTESIAN_POINT('',(-51.2500024342444,-51.2499988544732,4.51));
#3396=CARTESIAN_POINT('',(51.2499988544732,-51.2499988544732,4.51));
#3397=CARTESIAN_POINT('',(51.2499988544732,-51.2499988544732,4.51));
#3398=CARTESIAN_POINT('',(-51.25,-51.25,1.51));
#3399=CARTESIAN_POINT('',(51.25,-51.25,1.51));
#3400=CARTESIAN_POINT('',(-11.75,-51.25,13.01));
#3401=CARTESIAN_POINT('',(-11.75,-51.25,21.0100001043081));
#3402=CARTESIAN_POINT('',(-11.75,-51.25,7.51));
#3403=CARTESIAN_POINT('',(-3.75,-51.25,13.01));
#3404=CARTESIAN_POINT('',(23.5,-51.25,13.01));
#3405=CARTESIAN_POINT('',(-3.75,-51.25,21.0100001043081));
#3406=CARTESIAN_POINT('',(-3.75,-51.25,11.0100000521541));
#3407=CARTESIAN_POINT('',(20.,-51.25,21.0100001043081));
#3408=CARTESIAN_POINT('Origin',(-3.75,-51.75,11.0100000521541));
#3409=CARTESIAN_POINT('',(-4.25,-51.75,13.51));
#3410=CARTESIAN_POINT('Origin',(-3.75,-51.75,13.01));
#3411=CARTESIAN_POINT('',(-4.25,-51.75,20.5100001043081));
#3412=CARTESIAN_POINT('',(-4.25,-51.75,11.0100000521541));
#3413=CARTESIAN_POINT('Origin',(-3.75,-51.75,21.0100001043081));
#3414=CARTESIAN_POINT('Origin',(-11.75,-51.75,7.51));
#3415=CARTESIAN_POINT('',(-11.25,-51.75,20.5100001043081));
#3416=CARTESIAN_POINT('',(-11.25,-51.75,13.51));
#3417=CARTESIAN_POINT('',(-11.25,-51.75,7.51));
#3418=CARTESIAN_POINT('Origin',(-11.75,-51.75,13.01));
#3419=CARTESIAN_POINT('Origin',(-11.75,-51.75,21.0100001043081));
#3420=CARTESIAN_POINT('Origin',(23.5,-51.75,13.01));
#3421=CARTESIAN_POINT('',(23.5,-51.75,13.51));
#3422=CARTESIAN_POINT('Origin',(20.,-51.75,21.0100001043081));
#3423=CARTESIAN_POINT('',(20.,-51.75,20.5100001043081));
#3424=CARTESIAN_POINT('Origin',(-4.25,-53.75,13.51));
#3425=CARTESIAN_POINT('',(-11.25,-53.25,13.51));
#3426=CARTESIAN_POINT('',(-11.25,-53.75,13.51));
#3427=CARTESIAN_POINT('',(-4.25,-53.25,13.51));
#3428=CARTESIAN_POINT('',(-29.,-53.25,13.51));
#3429=CARTESIAN_POINT('',(-4.25,-53.75,13.51));
#3430=CARTESIAN_POINT('Origin',(-11.25,-53.75,13.51));
#3431=CARTESIAN_POINT('',(-11.25,-53.25,20.5100001043081));
#3432=CARTESIAN_POINT('',(-11.25,-53.75,20.5100001043081));
#3433=CARTESIAN_POINT('',(-11.25,-53.25,7.51));
#3434=CARTESIAN_POINT('Origin',(-32.5,-53.25,21.0100001043081));
#3435=CARTESIAN_POINT('Origin',(-11.75,-53.25,21.0100001043081));
#3436=CARTESIAN_POINT('',(-4.25,-53.25,20.5100001043081));
#3437=CARTESIAN_POINT('',(-32.5,-53.25,20.5100001043081));
#3438=CARTESIAN_POINT('Origin',(-3.75,-53.25,21.0100001043081));
#3439=CARTESIAN_POINT('Origin',(-11.75,-53.25,7.51));
#3440=CARTESIAN_POINT('Origin',(-11.75,-53.25,13.01));
#3441=CARTESIAN_POINT('Origin',(-3.75,-53.25,11.0100000521541));
#3442=CARTESIAN_POINT('',(-4.25,-53.25,11.0100000521541));
#3443=CARTESIAN_POINT('Origin',(-3.75,-53.25,13.01));
#3444=CARTESIAN_POINT('Origin',(-29.,-53.25,13.01));
#3445=CARTESIAN_POINT('Origin',(-4.25,-53.75,20.5100001043081));
#3446=CARTESIAN_POINT('',(-4.25,-53.75,20.5100001043081));
#3447=CARTESIAN_POINT('Origin',(-11.25,-53.75,20.5100001043081));
#3448=CARTESIAN_POINT('Origin',(3.75,-53.25,7.51));
#3449=CARTESIAN_POINT('',(4.25,-53.25,13.51));
#3450=CARTESIAN_POINT('Origin',(3.75,-53.25,13.01));
#3451=CARTESIAN_POINT('',(4.25,-53.25,7.51));
#3452=CARTESIAN_POINT('Origin',(3.75,-53.25,21.01));
#3453=CARTESIAN_POINT('Origin',(11.75,-53.25,11.01));
#3454=CARTESIAN_POINT('Origin',(11.75,-53.25,21.01));
#3455=CARTESIAN_POINT('Origin',(11.75,-53.25,13.01));
#3456=CARTESIAN_POINT('Origin',(-24.75,-53.25,21.01));
#3457=CARTESIAN_POINT('Origin',(-21.25,-53.25,13.01));
#3458=CARTESIAN_POINT('',(-21.25,-53.25,13.51));
#3459=CARTESIAN_POINT('Origin',(11.25,-53.75,13.51));
#3460=CARTESIAN_POINT('',(4.25,-53.75,13.51));
#3461=CARTESIAN_POINT('Origin',(4.25,-53.75,13.51));
#3462=CARTESIAN_POINT('Origin',(19.75,52.25,4.51));
#3463=CARTESIAN_POINT('',(18.75,52.25,7.51));
#3464=CARTESIAN_POINT('',(18.75,52.25,4.51));
#3465=CARTESIAN_POINT('',(19.75,51.25,7.51));
#3466=CARTESIAN_POINT('Origin',(19.75,52.25,7.51));
#3467=CARTESIAN_POINT('',(19.75,51.25,4.51));
#3468=CARTESIAN_POINT('Origin',(-51.25,51.25,1.51));
#3469=CARTESIAN_POINT('',(12.75,51.25,7.51));
#3470=CARTESIAN_POINT('',(-18.75,51.25,7.51));
#3471=CARTESIAN_POINT('',(12.75,51.25,35.51));
#3472=CARTESIAN_POINT('',(12.75,51.25,18.51));
#3473=CARTESIAN_POINT('',(-12.75,51.25,35.51));
#3474=CARTESIAN_POINT('',(-51.25,51.25,35.51));
#3475=CARTESIAN_POINT('',(-12.75,51.25,7.51));
#3476=CARTESIAN_POINT('',(-12.75,51.25,4.51));
#3477=CARTESIAN_POINT('',(-19.75,51.25,7.51));
#3478=CARTESIAN_POINT('',(-35.,51.25,7.51));
#3479=CARTESIAN_POINT('',(-19.75,51.25,18.51));
#3480=CARTESIAN_POINT('',(-51.2500024342444,51.2500024342444,4.51));
#3481=CARTESIAN_POINT('',(-51.25,51.25,1.51));
#3482=CARTESIAN_POINT('',(51.2499988544732,51.2500024342444,4.51));
#3483=CARTESIAN_POINT('',(-51.2500024342444,51.2500024342444,4.51));
#3484=CARTESIAN_POINT('',(51.25,51.25,1.51));
#3485=CARTESIAN_POINT('Origin',(12.75,52.25,18.51));
#3486=CARTESIAN_POINT('',(13.75,52.25,35.51));
#3487=CARTESIAN_POINT('Origin',(12.75,52.25,35.51));
#3488=CARTESIAN_POINT('',(13.75,52.25,7.51));
#3489=CARTESIAN_POINT('Origin',(12.75,52.25,7.51));
#3490=CARTESIAN_POINT('',(13.75,52.25,18.51));
#3491=CARTESIAN_POINT('Origin',(0.,0.,35.51));
#3492=CARTESIAN_POINT('',(13.75,53.25,35.51));
#3493=CARTESIAN_POINT('',(13.75,26.875,35.51));
#3494=CARTESIAN_POINT('Origin',(13.25,53.25,35.51));
#3495=CARTESIAN_POINT('',(-13.75,53.25,35.51));
#3496=CARTESIAN_POINT('Origin',(-13.25,53.25,35.51));
#3497=CARTESIAN_POINT('',(-13.75,52.25,35.51));
#3498=CARTESIAN_POINT('',(-13.75,26.875,35.51));
#3499=CARTESIAN_POINT('Origin',(-12.75,52.25,35.51));
#3500=CARTESIAN_POINT('Origin',(-12.75,52.25,4.51));
#3501=CARTESIAN_POINT('',(-13.75,52.25,7.51));
#3502=CARTESIAN_POINT('',(-13.75,52.25,4.51));
#3503=CARTESIAN_POINT('Origin',(-12.75,52.25,7.51));
#3504=CARTESIAN_POINT('Origin',(-19.75,52.25,18.51));
#3505=CARTESIAN_POINT('',(-18.75,52.25,7.51));
#3506=CARTESIAN_POINT('Origin',(-19.75,52.25,7.51));
#3507=CARTESIAN_POINT('',(-18.75,52.25,18.51));
#3508=CARTESIAN_POINT('Origin',(-19.25,53.25,18.51));
#3509=CARTESIAN_POINT('',(-18.75,53.25,7.51));
#3510=CARTESIAN_POINT('',(-18.75,53.25,18.51));
#3511=CARTESIAN_POINT('Origin',(-19.25,53.25,7.51));
#3512=CARTESIAN_POINT('Origin',(-13.25,53.25,4.51));
#3513=CARTESIAN_POINT('',(-13.75,53.25,7.51));
#3514=CARTESIAN_POINT('Origin',(-13.25,53.25,7.51));
#3515=CARTESIAN_POINT('',(-13.75,53.25,4.51));
#3516=CARTESIAN_POINT('Origin',(-13.75,53.75,7.51));
#3517=CARTESIAN_POINT('',(-13.75,53.75,7.51));
#3518=CARTESIAN_POINT('Origin',(19.25,53.25,4.51));
#3519=CARTESIAN_POINT('',(18.75,53.25,7.51));
#3520=CARTESIAN_POINT('Origin',(19.25,53.25,7.51));
#3521=CARTESIAN_POINT('',(18.75,53.25,4.51));
#3522=CARTESIAN_POINT('Origin',(18.75,53.75,7.51));
#3523=CARTESIAN_POINT('',(18.75,53.75,7.51));
#3524=CARTESIAN_POINT('Origin',(13.25,53.25,18.51));
#3525=CARTESIAN_POINT('',(13.75,53.25,7.51));
#3526=CARTESIAN_POINT('',(13.75,53.25,18.51));
#3527=CARTESIAN_POINT('Origin',(13.25,53.25,7.51));
#3528=CARTESIAN_POINT('Origin',(51.75,-30.5,5.385));
#3529=CARTESIAN_POINT('',(51.25,-30.5,13.26));
#3530=CARTESIAN_POINT('',(51.75,-30.,12.76));
#3531=CARTESIAN_POINT('Origin',(51.75,-30.5,13.26));
#3532=CARTESIAN_POINT('',(51.75,-30.,9.26));
#3533=CARTESIAN_POINT('',(51.75,-30.,5.385));
#3534=CARTESIAN_POINT('',(51.25,-30.5,8.76));
#3535=CARTESIAN_POINT('Origin',(51.75,-30.5,8.76));
#3536=CARTESIAN_POINT('',(51.25,-30.5,5.385));
#3537=CARTESIAN_POINT('Origin',(53.75,-30.,9.26));
#3538=CARTESIAN_POINT('',(53.25,-30.,12.76));
#3539=CARTESIAN_POINT('',(53.75,-30.,12.76));
#3540=CARTESIAN_POINT('',(53.25,-30.,9.26));
#3541=CARTESIAN_POINT('',(53.25,-30.,5.385));
#3542=CARTESIAN_POINT('',(53.75,-30.,9.26));
#3543=CARTESIAN_POINT('Origin',(51.75,-30.5,9.135));
#3544=CARTESIAN_POINT('',(51.25,-30.5,20.76));
#3545=CARTESIAN_POINT('',(51.75,-30.,20.26));
#3546=CARTESIAN_POINT('Origin',(51.75,-30.5,20.76));
#3547=CARTESIAN_POINT('',(51.75,-30.,16.76));
#3548=CARTESIAN_POINT('',(51.75,-30.,9.135));
#3549=CARTESIAN_POINT('',(51.25,-30.5,16.26));
#3550=CARTESIAN_POINT('Origin',(51.75,-30.5,16.26));
#3551=CARTESIAN_POINT('',(51.25,-30.5,9.135));
#3552=CARTESIAN_POINT('Origin',(53.75,-30.,16.76));
#3553=CARTESIAN_POINT('',(53.25,-30.,20.26));
#3554=CARTESIAN_POINT('',(53.75,-30.,20.26));
#3555=CARTESIAN_POINT('',(53.25,-30.,16.76));
#3556=CARTESIAN_POINT('',(53.25,-30.,9.135));
#3557=CARTESIAN_POINT('',(53.75,-30.,16.76));
#3558=CARTESIAN_POINT('Origin',(51.75,-30.5,12.885));
#3559=CARTESIAN_POINT('',(51.25,-30.5,28.26));
#3560=CARTESIAN_POINT('',(51.75,-30.,27.76));
#3561=CARTESIAN_POINT('Origin',(51.75,-30.5,28.26));
#3562=CARTESIAN_POINT('',(51.75,-30.,24.26));
#3563=CARTESIAN_POINT('',(51.75,-30.,12.885));
#3564=CARTESIAN_POINT('',(51.25,-30.5,23.76));
#3565=CARTESIAN_POINT('Origin',(51.75,-30.5,23.76));
#3566=CARTESIAN_POINT('',(51.25,-30.5,12.885));
#3567=CARTESIAN_POINT('Origin',(53.75,-30.,24.26));
#3568=CARTESIAN_POINT('',(53.25,-30.,27.76));
#3569=CARTESIAN_POINT('',(53.75,-30.,27.76));
#3570=CARTESIAN_POINT('',(53.25,-30.,24.26));
#3571=CARTESIAN_POINT('',(53.25,-30.,12.885));
#3572=CARTESIAN_POINT('',(53.75,-30.,24.26));
#3573=CARTESIAN_POINT('Origin',(51.75,30.5,7.135));
#3574=CARTESIAN_POINT('',(51.75,30.,9.26));
#3575=CARTESIAN_POINT('',(51.75,30.,12.76));
#3576=CARTESIAN_POINT('',(51.75,30.,7.135));
#3577=CARTESIAN_POINT('',(51.25,30.5,13.26));
#3578=CARTESIAN_POINT('Origin',(51.75,30.5,13.26));
#3579=CARTESIAN_POINT('',(51.25,30.5,8.76));
#3580=CARTESIAN_POINT('',(51.25,30.5,7.135));
#3581=CARTESIAN_POINT('Origin',(51.75,30.5,8.76));
#3582=CARTESIAN_POINT('Origin',(51.75,10.625,13.26));
#3583=CARTESIAN_POINT('',(51.75,10.625,12.76));
#3584=CARTESIAN_POINT('',(51.25,10.625,13.26));
#3585=CARTESIAN_POINT('Origin',(51.75,40.625,8.76));
#3586=CARTESIAN_POINT('',(51.25,40.625,8.76));
#3587=CARTESIAN_POINT('',(51.75,40.625,9.26));
#3588=CARTESIAN_POINT('Origin',(53.75,-30.,12.76));
#3589=CARTESIAN_POINT('',(53.25,30.,12.76));
#3590=CARTESIAN_POINT('',(53.75,30.,12.76));
#3591=CARTESIAN_POINT('',(53.25,-41.875,12.76));
#3592=CARTESIAN_POINT('Origin',(53.75,30.,12.76));
#3593=CARTESIAN_POINT('',(53.25,30.,9.26));
#3594=CARTESIAN_POINT('',(53.75,30.,9.26));
#3595=CARTESIAN_POINT('',(53.25,30.,7.135));
#3596=CARTESIAN_POINT('Origin',(53.75,30.,9.26));
#3597=CARTESIAN_POINT('',(53.25,-11.875,9.26));
#3598=CARTESIAN_POINT('Origin',(51.75,30.5,10.885));
#3599=CARTESIAN_POINT('',(51.75,30.,16.76));
#3600=CARTESIAN_POINT('',(51.75,30.,20.26));
#3601=CARTESIAN_POINT('',(51.75,30.,10.885));
#3602=CARTESIAN_POINT('',(51.25,30.5,20.76));
#3603=CARTESIAN_POINT('Origin',(51.75,30.5,20.76));
#3604=CARTESIAN_POINT('',(51.25,30.5,16.26));
#3605=CARTESIAN_POINT('',(51.25,30.5,10.885));
#3606=CARTESIAN_POINT('Origin',(51.75,30.5,16.26));
#3607=CARTESIAN_POINT('Origin',(51.75,10.625,20.76));
#3608=CARTESIAN_POINT('',(51.75,10.625,20.26));
#3609=CARTESIAN_POINT('',(51.25,10.625,20.76));
#3610=CARTESIAN_POINT('Origin',(51.75,40.625,16.26));
#3611=CARTESIAN_POINT('',(51.25,40.625,16.26));
#3612=CARTESIAN_POINT('',(51.75,40.625,16.76));
#3613=CARTESIAN_POINT('Origin',(53.75,-30.,20.26));
#3614=CARTESIAN_POINT('',(53.25,30.,20.26));
#3615=CARTESIAN_POINT('',(53.75,30.,20.26));
#3616=CARTESIAN_POINT('',(53.25,-41.875,20.26));
#3617=CARTESIAN_POINT('Origin',(53.75,30.,20.26));
#3618=CARTESIAN_POINT('',(53.25,30.,16.76));
#3619=CARTESIAN_POINT('',(53.75,30.,16.76));
#3620=CARTESIAN_POINT('',(53.25,30.,10.885));
#3621=CARTESIAN_POINT('Origin',(53.75,30.,16.76));
#3622=CARTESIAN_POINT('',(53.25,-11.875,16.76));
#3623=CARTESIAN_POINT('Origin',(51.75,30.5,14.635));
#3624=CARTESIAN_POINT('',(51.75,30.,24.26));
#3625=CARTESIAN_POINT('',(51.75,30.,27.76));
#3626=CARTESIAN_POINT('',(51.75,30.,14.635));
#3627=CARTESIAN_POINT('',(51.25,30.5,28.26));
#3628=CARTESIAN_POINT('Origin',(51.75,30.5,28.26));
#3629=CARTESIAN_POINT('',(51.25,30.5,23.76));
#3630=CARTESIAN_POINT('',(51.25,30.5,14.635));
#3631=CARTESIAN_POINT('Origin',(51.75,30.5,23.76));
#3632=CARTESIAN_POINT('Origin',(51.75,10.625,28.26));
#3633=CARTESIAN_POINT('',(51.75,10.625,27.76));
#3634=CARTESIAN_POINT('',(51.25,10.625,28.26));
#3635=CARTESIAN_POINT('Origin',(51.75,40.625,23.76));
#3636=CARTESIAN_POINT('',(51.25,40.625,23.76));
#3637=CARTESIAN_POINT('',(51.75,40.625,24.26));
#3638=CARTESIAN_POINT('Origin',(53.75,-30.,27.76));
#3639=CARTESIAN_POINT('',(53.25,30.,27.76));
#3640=CARTESIAN_POINT('',(53.75,30.,27.76));
#3641=CARTESIAN_POINT('',(53.25,-41.875,27.76));
#3642=CARTESIAN_POINT('Origin',(53.75,30.,27.76));
#3643=CARTESIAN_POINT('',(53.25,30.,24.26));
#3644=CARTESIAN_POINT('',(53.75,30.,24.26));
#3645=CARTESIAN_POINT('',(53.25,30.,14.635));
#3646=CARTESIAN_POINT('Origin',(53.75,30.,24.26));
#3647=CARTESIAN_POINT('',(53.25,-11.875,24.26));
#3648=CARTESIAN_POINT('Origin',(-51.75,-40.625,23.76));
#3649=CARTESIAN_POINT('',(-51.25,-30.5,23.76));
#3650=CARTESIAN_POINT('',(-51.25,30.5,23.76));
#3651=CARTESIAN_POINT('',(-51.25,-40.625,23.76));
#3652=CARTESIAN_POINT('',(-51.75,30.,24.26));
#3653=CARTESIAN_POINT('Origin',(-51.75,30.5,23.76));
#3654=CARTESIAN_POINT('',(-51.75,-30.,24.26));
#3655=CARTESIAN_POINT('',(-51.75,-40.625,24.26));
#3656=CARTESIAN_POINT('Origin',(-51.75,-30.5,23.76));
#3657=CARTESIAN_POINT('Origin',(-51.75,30.5,12.885));
#3658=CARTESIAN_POINT('',(-51.75,30.,27.76));
#3659=CARTESIAN_POINT('',(-51.75,30.,12.885));
#3660=CARTESIAN_POINT('',(-51.25,30.5,28.26));
#3661=CARTESIAN_POINT('',(-51.25,30.5,12.885));
#3662=CARTESIAN_POINT('Origin',(-51.75,30.5,28.26));
#3663=CARTESIAN_POINT('Origin',(-51.75,-30.5,14.635));
#3664=CARTESIAN_POINT('',(-51.25,-30.5,28.26));
#3665=CARTESIAN_POINT('',(-51.25,-30.5,14.635));
#3666=CARTESIAN_POINT('',(-51.75,-30.,27.76));
#3667=CARTESIAN_POINT('',(-51.75,-30.,14.635));
#3668=CARTESIAN_POINT('Origin',(-51.75,-30.5,28.26));
#3669=CARTESIAN_POINT('Origin',(-51.75,-10.625,28.26));
#3670=CARTESIAN_POINT('',(-51.25,-10.625,28.26));
#3671=CARTESIAN_POINT('',(-51.75,-10.625,27.76));
#3672=CARTESIAN_POINT('Origin',(-53.75,-30.,27.76));
#3673=CARTESIAN_POINT('',(-53.25,-30.,24.26));
#3674=CARTESIAN_POINT('',(-53.75,-30.,24.26));
#3675=CARTESIAN_POINT('',(-53.25,-30.,27.76));
#3676=CARTESIAN_POINT('',(-53.25,-30.,14.635));
#3677=CARTESIAN_POINT('',(-53.75,-30.,27.76));
#3678=CARTESIAN_POINT('Origin',(-53.75,-30.,24.26));
#3679=CARTESIAN_POINT('',(-53.25,30.,24.26));
#3680=CARTESIAN_POINT('',(-53.75,30.,24.26));
#3681=CARTESIAN_POINT('',(-53.25,11.875,24.26));
#3682=CARTESIAN_POINT('Origin',(-51.25,-51.25,1.51));
#3683=CARTESIAN_POINT('',(-51.2500024342444,-51.2499988544732,4.51));
#3684=CARTESIAN_POINT('',(-51.25,30.5,16.26));
#3685=CARTESIAN_POINT('',(-51.25,30.5,20.76));
#3686=CARTESIAN_POINT('',(-51.25,30.5,9.135));
#3687=CARTESIAN_POINT('',(-51.25,-30.5,16.26));
#3688=CARTESIAN_POINT('',(-51.25,-40.625,16.26));
#3689=CARTESIAN_POINT('',(-51.25,-30.5,20.76));
#3690=CARTESIAN_POINT('',(-51.25,-30.5,10.885));
#3691=CARTESIAN_POINT('',(-51.25,-10.625,20.76));
#3692=CARTESIAN_POINT('',(-51.25,30.5,8.76));
#3693=CARTESIAN_POINT('',(-51.25,30.5,13.26));
#3694=CARTESIAN_POINT('',(-51.25,30.5,5.385));
#3695=CARTESIAN_POINT('',(-51.25,-30.5,8.76));
#3696=CARTESIAN_POINT('',(-51.25,-40.625,8.76));
#3697=CARTESIAN_POINT('',(-51.25,-30.5,13.26));
#3698=CARTESIAN_POINT('',(-51.25,-30.5,7.135));
#3699=CARTESIAN_POINT('',(-51.25,-10.625,13.26));
#3700=CARTESIAN_POINT('Origin',(-51.75,-30.5,10.885));
#3701=CARTESIAN_POINT('',(-51.75,-30.,16.76));
#3702=CARTESIAN_POINT('Origin',(-51.75,-30.5,16.26));
#3703=CARTESIAN_POINT('',(-51.75,-30.,20.26));
#3704=CARTESIAN_POINT('',(-51.75,-30.,10.885));
#3705=CARTESIAN_POINT('Origin',(-51.75,-30.5,20.76));
#3706=CARTESIAN_POINT('Origin',(-51.75,30.5,9.135));
#3707=CARTESIAN_POINT('',(-51.75,30.,20.26));
#3708=CARTESIAN_POINT('',(-51.75,30.,16.76));
#3709=CARTESIAN_POINT('',(-51.75,30.,9.135));
#3710=CARTESIAN_POINT('Origin',(-51.75,30.5,16.26));
#3711=CARTESIAN_POINT('Origin',(-51.75,30.5,20.76));
#3712=CARTESIAN_POINT('Origin',(-51.75,-40.625,16.26));
#3713=CARTESIAN_POINT('',(-51.75,-40.625,16.76));
#3714=CARTESIAN_POINT('Origin',(-51.75,-10.625,20.76));
#3715=CARTESIAN_POINT('',(-51.75,-10.625,20.26));
#3716=CARTESIAN_POINT('Origin',(-53.75,-30.,16.76));
#3717=CARTESIAN_POINT('',(-53.25,30.,16.76));
#3718=CARTESIAN_POINT('',(-53.75,30.,16.76));
#3719=CARTESIAN_POINT('',(-53.25,-30.,16.76));
#3720=CARTESIAN_POINT('',(-53.25,11.875,16.76));
#3721=CARTESIAN_POINT('',(-53.75,-30.,16.76));
#3722=CARTESIAN_POINT('Origin',(-53.75,30.,16.76));
#3723=CARTESIAN_POINT('',(-53.25,30.,20.26));
#3724=CARTESIAN_POINT('',(-53.75,30.,20.26));
#3725=CARTESIAN_POINT('',(-53.25,30.,9.135));
#3726=CARTESIAN_POINT('Origin',(-51.75,-30.5,7.135));
#3727=CARTESIAN_POINT('',(-51.75,-30.,9.26));
#3728=CARTESIAN_POINT('Origin',(-51.75,-30.5,8.76));
#3729=CARTESIAN_POINT('',(-51.75,-30.,12.76));
#3730=CARTESIAN_POINT('',(-51.75,-30.,7.135));
#3731=CARTESIAN_POINT('Origin',(-51.75,-30.5,13.26));
#3732=CARTESIAN_POINT('Origin',(-51.75,30.5,5.385));
#3733=CARTESIAN_POINT('',(-51.75,30.,12.76));
#3734=CARTESIAN_POINT('',(-51.75,30.,9.26));
#3735=CARTESIAN_POINT('',(-51.75,30.,5.385));
#3736=CARTESIAN_POINT('Origin',(-51.75,30.5,8.76));
#3737=CARTESIAN_POINT('Origin',(-51.75,30.5,13.26));
#3738=CARTESIAN_POINT('Origin',(-51.75,-40.625,8.76));
#3739=CARTESIAN_POINT('',(-51.75,-40.625,9.26));
#3740=CARTESIAN_POINT('Origin',(-51.75,-10.625,13.26));
#3741=CARTESIAN_POINT('',(-51.75,-10.625,12.76));
#3742=CARTESIAN_POINT('Origin',(-53.75,-30.,9.26));
#3743=CARTESIAN_POINT('',(-53.25,30.,9.26));
#3744=CARTESIAN_POINT('',(-53.75,30.,9.26));
#3745=CARTESIAN_POINT('',(-53.25,-30.,9.26));
#3746=CARTESIAN_POINT('',(-53.25,11.875,9.26));
#3747=CARTESIAN_POINT('',(-53.75,-30.,9.26));
#3748=CARTESIAN_POINT('Origin',(-53.75,30.,9.26));
#3749=CARTESIAN_POINT('',(-53.25,30.,12.76));
#3750=CARTESIAN_POINT('',(-53.75,30.,12.76));
#3751=CARTESIAN_POINT('',(-53.25,30.,5.385));
#3752=CARTESIAN_POINT('Origin',(-53.25,-30.5,7.135));
#3753=CARTESIAN_POINT('',(-53.25,-30.,12.76));
#3754=CARTESIAN_POINT('Origin',(-53.25,-30.5,13.26));
#3755=CARTESIAN_POINT('',(-53.25,-30.,7.135));
#3756=CARTESIAN_POINT('Origin',(-53.25,-30.5,8.76));
#3757=CARTESIAN_POINT('Origin',(-53.25,41.875,13.26));
#3758=CARTESIAN_POINT('Origin',(-53.25,30.5,13.26));
#3759=CARTESIAN_POINT('',(-53.25,41.875,12.76));
#3760=CARTESIAN_POINT('Origin',(-53.25,30.5,5.385));
#3761=CARTESIAN_POINT('Origin',(-53.25,30.5,8.76));
#3762=CARTESIAN_POINT('Origin',(-53.25,11.875,8.76));
#3763=CARTESIAN_POINT('Origin',(-53.75,-30.,12.76));
#3764=CARTESIAN_POINT('',(-53.75,-30.,12.76));
#3765=CARTESIAN_POINT('Origin',(-53.25,-30.5,10.885));
#3766=CARTESIAN_POINT('',(-53.25,-30.,20.26));
#3767=CARTESIAN_POINT('Origin',(-53.25,-30.5,20.76));
#3768=CARTESIAN_POINT('',(-53.25,-30.,10.885));
#3769=CARTESIAN_POINT('Origin',(-53.25,-30.5,16.26));
#3770=CARTESIAN_POINT('Origin',(-53.25,41.875,20.76));
#3771=CARTESIAN_POINT('Origin',(-53.25,30.5,20.76));
#3772=CARTESIAN_POINT('',(-53.25,41.875,20.26));
#3773=CARTESIAN_POINT('Origin',(-53.25,30.5,9.135));
#3774=CARTESIAN_POINT('Origin',(-53.25,30.5,16.26));
#3775=CARTESIAN_POINT('Origin',(-53.25,11.875,16.26));
#3776=CARTESIAN_POINT('Origin',(-53.75,-30.,20.26));
#3777=CARTESIAN_POINT('',(-53.75,-30.,20.26));
#3778=CARTESIAN_POINT('Origin',(-53.25,-30.5,14.635));
#3779=CARTESIAN_POINT('Origin',(-53.25,-30.5,28.26));
#3780=CARTESIAN_POINT('Origin',(-53.25,-30.5,23.76));
#3781=CARTESIAN_POINT('Origin',(-53.25,41.875,28.26));
#3782=CARTESIAN_POINT('',(-53.25,30.,27.76));
#3783=CARTESIAN_POINT('Origin',(-53.25,30.5,28.26));
#3784=CARTESIAN_POINT('',(-53.25,41.875,27.76));
#3785=CARTESIAN_POINT('Origin',(-53.25,11.875,23.76));
#3786=CARTESIAN_POINT('Origin',(-53.25,30.5,23.76));
#3787=CARTESIAN_POINT('Origin',(-53.25,30.5,12.885));
#3788=CARTESIAN_POINT('',(-53.25,30.,12.885));
#3789=CARTESIAN_POINT('Origin',(53.25,-41.875,13.26));
#3790=CARTESIAN_POINT('Origin',(53.25,-30.5,13.26));
#3791=CARTESIAN_POINT('Origin',(53.25,30.5,13.26));
#3792=CARTESIAN_POINT('Origin',(53.25,-30.5,5.385));
#3793=CARTESIAN_POINT('Origin',(53.25,-30.5,8.76));
#3794=CARTESIAN_POINT('Origin',(53.25,30.5,7.135));
#3795=CARTESIAN_POINT('Origin',(53.25,30.5,8.76));
#3796=CARTESIAN_POINT('Origin',(53.25,-11.875,8.76));
#3797=CARTESIAN_POINT('Origin',(53.25,30.5,10.885));
#3798=CARTESIAN_POINT('Origin',(53.25,30.5,20.76));
#3799=CARTESIAN_POINT('Origin',(53.25,30.5,16.26));
#3800=CARTESIAN_POINT('Origin',(53.25,-41.875,20.76));
#3801=CARTESIAN_POINT('Origin',(53.25,-30.5,20.76));
#3802=CARTESIAN_POINT('Origin',(53.25,-30.5,9.135));
#3803=CARTESIAN_POINT('Origin',(53.25,-30.5,16.26));
#3804=CARTESIAN_POINT('Origin',(53.25,-11.875,16.26));
#3805=CARTESIAN_POINT('Origin',(53.25,30.5,14.635));
#3806=CARTESIAN_POINT('Origin',(53.25,30.5,28.26));
#3807=CARTESIAN_POINT('Origin',(53.25,30.5,23.76));
#3808=CARTESIAN_POINT('Origin',(53.25,-41.875,28.26));
#3809=CARTESIAN_POINT('Origin',(53.25,-30.5,28.26));
#3810=CARTESIAN_POINT('Origin',(53.25,-30.5,12.885));
#3811=CARTESIAN_POINT('Origin',(53.25,-30.5,23.76));
#3812=CARTESIAN_POINT('Origin',(53.25,-11.875,23.76));
#3813=CARTESIAN_POINT('Origin',(-18.75,53.75,35.51));
#3814=CARTESIAN_POINT('',(-18.75,53.75,7.51));
#3815=CARTESIAN_POINT('Origin',(-18.75,53.75,7.51));
#3816=CARTESIAN_POINT('Origin',(13.75,53.75,35.51));
#3817=CARTESIAN_POINT('',(13.75,53.75,7.51));
#3818=CARTESIAN_POINT('Origin',(13.75,53.75,7.51));
#3819=CARTESIAN_POINT('Origin',(-53.75,30.,20.26));
#3820=CARTESIAN_POINT('Origin',(-53.75,30.,12.76));
#3821=CARTESIAN_POINT('Origin',(-53.75,30.,27.76));
#3822=CARTESIAN_POINT('',(-53.75,30.,27.76));
#3823=CARTESIAN_POINT('Origin',(-53.75,30.,24.26));
#3824=CARTESIAN_POINT('Origin',(51.25,51.25,1.51));
#3825=CARTESIAN_POINT('',(51.2499988544732,51.2500024342444,4.51));
#3826=CARTESIAN_POINT('Origin',(-1.78988557308912E-6,1.78988557308912E-6,
4.51));
#3827=CARTESIAN_POINT('Origin',(-1.78988557308912E-6,1.78988557308912E-6,
1.51));
#3828=UNCERTAINTY_MEASURE_WITH_UNIT(LENGTH_MEASURE(0.01),#3832,
'DISTANCE_ACCURACY_VALUE',
'Maximum model space distance between geometric entities at asserted c
onnectivities');
#3829=UNCERTAINTY_MEASURE_WITH_UNIT(LENGTH_MEASURE(0.01),#3832,
'DISTANCE_ACCURACY_VALUE',
'Maximum model space distance between geometric entities at asserted c
onnectivities');
#3830=(
GEOMETRIC_REPRESENTATION_CONTEXT(3)
GLOBAL_UNCERTAINTY_ASSIGNED_CONTEXT((#3828))
GLOBAL_UNIT_ASSIGNED_CONTEXT((#3832,#3833,#3834))
REPRESENTATION_CONTEXT('','3D')
);
#3831=(
GEOMETRIC_REPRESENTATION_CONTEXT(3)
GLOBAL_UNCERTAINTY_ASSIGNED_CONTEXT((#3829))
GLOBAL_UNIT_ASSIGNED_CONTEXT((#3832,#3833,#3834))
REPRESENTATION_CONTEXT('','3D')
);
#3832=(
LENGTH_UNIT()
NAMED_UNIT(*)
SI_UNIT(.MILLI.,.METRE.)
);
#3833=(
NAMED_UNIT(*)
PLANE_ANGLE_UNIT()
SI_UNIT($,.RADIAN.)
);
#3834=(
NAMED_UNIT(*)
SI_UNIT($,.STERADIAN.)
SOLID_ANGLE_UNIT()
);
#3835=SHAPE_DEFINITION_REPRESENTATION(#3836,#3837);
#3836=PRODUCT_DEFINITION_SHAPE('',$,#3839);
#3837=SHAPE_REPRESENTATION('',(#2280),#3830);
#3838=PRODUCT_DEFINITION_CONTEXT('part definition',#3843,'design');
#3839=PRODUCT_DEFINITION('Induction Heater STEP 1',
'Induction Heater STEP v4',#3840,#3838);
#3840=PRODUCT_DEFINITION_FORMATION('',$,#3845);
#3841=PRODUCT_RELATED_PRODUCT_CATEGORY('Induction Heater STEP v4',
'Induction Heater STEP v4',(#3845));
#3842=APPLICATION_PROTOCOL_DEFINITION('international standard',
'automotive_design',2009,#3843);
#3843=APPLICATION_CONTEXT(
'Core Data for Automotive Mechanical Design Process');
#3844=PRODUCT_CONTEXT('part definition',#3843,'mechanical');
#3845=PRODUCT('Induction Heater STEP 1','Induction Heater STEP v4',
'KiCad electronic assembly',(#3844));
#3846=PRESENTATION_STYLE_ASSIGNMENT((#3847));
#3847=SURFACE_STYLE_USAGE(.BOTH.,#3848);
#3848=SURFACE_SIDE_STYLE('',(#3849));
#3849=SURFACE_STYLE_FILL_AREA(#3850);
#3850=FILL_AREA_STYLE('Steel - Satin',(#3851));
#3851=FILL_AREA_STYLE_COLOUR('Steel - Satin',#3852);
#3852=COLOUR_RGB('Steel - Satin',0.627450980392157,0.627450980392157,0.627450980392157);
ENDSEC;
END-ISO-10303-21;
